id,date,batter_id,batter_name,team,tier,tier_label,game_pk,opp_pitcher,opp_pitcher_id,composite,power_score,matchup_score,matchup_version,park_score,form_score,weather_score,lineup_score,batting_order,archetype_sim,vulnerability,weight_config,selected,rank_in_board,created_at,mode,is_likely_out,status_description,promoted_due_to
107516,2026-07-13,658117,Aaron Judge,NYY,1,T1-Chalk,8115855,Nestor Cortes,0,76.8,96.0,56.9,v1,48.3,70.5,54.6,,2,,,default,1,1,2026-07-13 15:47:27,offline_simulation,0,,
107517,2026-07-13,658117,Aaron Judge,NYY,1,T1-Chalk,8066625,Luis Castillo,0,76.0,96.0,49.0,v1,50.0,79.2,58.4,,2,,,default,0,2,2026-07-13 15:47:27,offline_simulation,0,,
107518,2026-07-13,658117,Aaron Judge,NYY,1,T1-Chalk,7564837,Nestor Cortes,0,75.7,96.0,56.9,v1,63.3,67.2,38.8,,4,,,default,0,3,2026-07-13 15:47:27,offline_simulation,0,,
107519,2026-07-13,841754,Shohei Ohtani,LAD,1,T1-Chalk,6054991,Joe Ryan,0,75.6,92.3,60.4,v1,31.7,75.7,50.0,,5,,,default,1,4,2026-07-13 15:47:27,offline_simulation,0,,
107520,2026-07-13,841754,Shohei Ohtani,LAD,1,T1-Chalk,8066625,Luis Castillo,0,73.6,92.3,54.2,v1,75.0,57.9,52.4,,6,,,default,0,5,2026-07-13 15:47:27,offline_simulation,0,,
107521,2026-07-13,658117,Aaron Judge,NYY,1,T1-Chalk,9949921,Framber Valdez,0,73.5,96.0,50.7,v1,50.0,55.7,56.8,,4,,,default,0,6,2026-07-13 15:47:27,offline_simulation,0,,
107522,2026-07-13,841754,Shohei Ohtani,LAD,1,T1-Chalk,7426220,JP Sears,0,73.4,92.3,50.4,v1,56.7,75.4,45.5,,4,,,default,0,7,2026-07-13 15:47:27,offline_simulation,0,,
107523,2026-07-13,658117,Aaron Judge,NYY,1,T1-Chalk,5257994,Max Fried,0,73.0,96.0,48.6,v1,61.7,56.9,50.0,,6,,,default,0,8,2026-07-13 15:47:27,offline_simulation,0,,
107524,2026-07-13,663929,Juan Soto,NYM,1,T1-Chalk,5815813,Carlos Rodon,0,72.5,85.0,55.7,v1,100.0,70.8,45.2,,5,,,default,1,9,2026-07-13 15:47:27,offline_simulation,0,,
107525,2026-07-13,181127,Yordan Alvarez,HOU,1,T1-Chalk,8115855,Joe Ryan,0,70.0,85.0,62.0,v1,48.3,46.3,54.2,,4,,,default,1,10,2026-07-13 15:47:27,offline_simulation,0,,
107526,2026-07-13,605345,Gunnar Henderson,BAL,1,T1-Chalk,5815813,Carlos Rodon,0,70.0,86.7,55.5,v1,100.0,43.1,44.9,,3,,,default,1,11,2026-07-13 15:47:27,offline_simulation,0,,
107527,2026-07-13,667536,Rafael Devers,SF,1,T1-Chalk,9949921,Bailey Ober,0,69.8,85.0,57.7,v1,50.0,50.2,60.7,,4,,,default,1,12,2026-07-13 15:47:27,offline_simulation,0,,
107528,2026-07-13,733538,Pete Alonso,NYM,1,T1-Chalk,8974148,Chris Sale,0,69.7,89.5,51.5,v1,53.3,46.3,57.7,,2,,,default,1,13,2026-07-13 15:47:27,offline_simulation,0,,
107529,2026-07-13,733538,Pete Alonso,NYM,1,T1-Chalk,6054991,Joe Ryan,0,69.5,89.5,45.7,v1,35.0,69.2,50.0,,2,,,default,0,14,2026-07-13 15:47:27,offline_simulation,0,,
107530,2026-07-13,733538,Pete Alonso,NYM,1,T1-Chalk,3826719,Blake Snell,0,69.3,89.5,49.4,v1,46.7,57.0,47.8,,1,,,default,0,15,2026-07-13 15:47:27,offline_simulation,0,,
107531,2026-07-13,667536,Rafael Devers,SF,1,T1-Chalk,8115855,Joe Ryan,0,68.8,85.0,59.8,v1,48.3,41.2,54.2,,1,,,default,0,16,2026-07-13 15:47:27,offline_simulation,0,,
107532,2026-07-13,605345,Gunnar Henderson,BAL,1,T1-Chalk,3178300,Corbin Burnes,0,68.6,86.7,41.0,v1,46.7,79.2,51.5,,4,,,default,0,17,2026-07-13 15:47:27,offline_simulation,0,,
107533,2026-07-13,403203,Marcell Ozuna,ATL,1,T1-Chalk,3223563,Nestor Cortes,0,68.2,85.0,43.2,v1,80.0,66.4,51.7,,3,,,default,1,18,2026-07-13 15:47:27,offline_simulation,0,,
107534,2026-07-13,104166,Francisco Lindor,NYM,1,T1-Chalk,3178300,Carlos Rodon,0,68.1,85.0,57.7,v1,46.7,42.7,51.5,,3,,,default,0,19,2026-07-13 15:47:27,offline_simulation,0,,
107535,2026-07-13,171037,Kyle Schwarber,PHI,1,T1-Chalk,7426220,Blake Snell,0,68.0,90.5,41.7,v1,56.7,57.9,45.5,,4,,,default,0,20,2026-07-13 15:47:27,offline_simulation,0,,
107536,2026-07-13,602752,Mookie Betts,LAD,1,T1-Chalk,3826719,Blake Snell,0,67.7,85.0,54.2,v1,46.7,50.0,47.8,,2,,,default,0,21,2026-07-13 15:47:27,offline_simulation,0,,
107537,2026-07-13,616764,Bobby Witt Jr.,KC,1,T1-Chalk,4080181,Robbie Ray,0,67.7,85.0,60.8,v1,51.7,33.1,48.7,,3,,,default,0,22,2026-07-13 15:47:27,offline_simulation,0,,
107538,2026-07-13,615359,Freddie Freeman,LAD,1,T1-Chalk,4080181,Michael Wacha,0,67.7,85.0,56.8,v1,51.7,46.1,42.7,,1,,,default,0,23,2026-07-13 15:47:27,offline_simulation,0,,
107539,2026-07-13,104166,Francisco Lindor,NYM,1,T1-Chalk,8066625,Luis Castillo,0,67.5,85.0,49.4,v1,62.5,49.6,55.4,,4,,,default,0,24,2026-07-13 15:47:27,offline_simulation,0,,
107540,2026-07-13,605345,Gunnar Henderson,BAL,1,T1-Chalk,4080181,Robbie Ray,0,67.2,86.7,57.6,v1,51.7,31.0,45.7,,3,,,default,0,25,2026-07-13 15:47:27,offline_simulation,0,,
107541,2026-07-13,104166,Francisco Lindor,NYM,1,T1-Chalk,3682998,Aaron Nola,0,67.2,85.0,51.5,v1,55.0,45.4,53.8,,2,,,default,0,26,2026-07-13 15:47:27,offline_simulation,0,,
107542,2026-07-13,491817,Jose Altuve,HOU,1,T1-Chalk,3223563,Nestor Cortes,0,67.1,85.0,46.4,v1,80.0,49.5,51.7,,6,,,default,0,27,2026-07-13 15:47:27,offline_simulation,0,,
107543,2026-07-13,491817,Jose Altuve,HOU,1,T1-Chalk,7426220,Blake Snell,0,66.6,85.0,48.5,v1,70.0,45.6,49.3,,3,,,default,0,28,2026-07-13 15:47:27,offline_simulation,0,,
107544,2026-07-13,602752,Mookie Betts,LAD,1,T1-Chalk,7426220,Blake Snell,0,66.4,85.0,54.2,v1,70.0,30.4,49.3,,2,,,default,0,29,2026-07-13 15:47:27,offline_simulation,0,,
107545,2026-07-13,733538,Pete Alonso,NYM,1,T1-Chalk,3682998,Aaron Nola,0,66.4,89.5,41.5,v1,51.7,44.8,54.5,,2,,,default,0,30,2026-07-13 15:47:27,offline_simulation,0,,
107546,2026-07-13,656741,Bryce Harper,PHI,1,T1-Chalk,5257994,Luis Castillo,0,66.2,85.0,51.0,v1,51.7,42.2,50.0,,1,,,default,0,31,2026-07-13 15:47:27,offline_simulation,0,,
107547,2026-07-13,171037,Kyle Schwarber,PHI,1,T1-Chalk,7564837,Max Fried,0,66.0,90.5,31.3,v1,50.0,71.1,41.4,,2,,,default,0,32,2026-07-13 15:47:27,offline_simulation,0,,
107548,2026-07-13,884215,Adolis Garcia,TEX,1,T1-Chalk,3178300,Carlos Rodon,0,65.7,85.0,54.3,v1,53.3,28.6,51.5,,2,,,default,0,33,2026-07-13 15:47:27,offline_simulation,0,,
107549,2026-07-13,403203,Marcell Ozuna,ATL,1,T1-Chalk,4080181,Robbie Ray,0,65.5,85.0,55.7,v1,51.7,25.9,48.7,,3,,,default,0,34,2026-07-13 15:47:27,offline_simulation,0,,
107550,2026-07-13,555459,Manny Machado,SD,1,T1-Chalk,5815813,Carlos Rodon,0,65.0,85.0,53.0,v1,96.7,16.1,44.6,,3,,,default,0,35,2026-07-13 15:47:27,offline_simulation,0,,
107551,2026-07-13,491817,Jose Altuve,HOU,1,T1-Chalk,8066625,Lance Lynn,0,65.0,85.0,48.9,v1,50.0,31.7,58.4,,2,,,default,0,36,2026-07-13 15:47:27,offline_simulation,0,,
107552,2026-07-13,605345,Gunnar Henderson,BAL,1,T1-Chalk,3682998,Tarik Skubal,0,64.9,86.7,38.9,v1,55.0,48.8,53.8,,1,,,default,0,37,2026-07-13 15:47:27,offline_simulation,0,,
107553,2026-07-13,181127,Yordan Alvarez,HOU,1,T1-Chalk,9949921,Framber Valdez,0,64.7,85.0,37.5,v1,50.0,54.3,60.7,,4,,,default,0,38,2026-07-13 15:47:27,offline_simulation,0,,
107554,2026-07-13,204869,Matt Olson,ATL,1,T1-Chalk,4080181,Robbie Ray,0,64.7,85.0,47.6,v1,51.7,42.7,42.7,,4,,,default,0,39,2026-07-13 15:47:27,offline_simulation,0,,
107555,2026-07-13,656741,Bryce Harper,PHI,1,T1-Chalk,7426220,Blake Snell,0,64.6,85.0,41.0,v1,56.7,53.1,45.5,,1,,,default,0,40,2026-07-13 15:47:27,offline_simulation,0,,
107556,2026-07-13,204869,Matt Olson,ATL,1,T1-Chalk,3178300,Carlos Rodon,0,64.5,85.0,45.5,v1,40.0,43.3,51.5,,6,,,default,0,41,2026-07-13 15:47:27,offline_simulation,0,,
107557,2026-07-13,491817,Jose Altuve,HOU,1,T1-Chalk,5815813,Framber Valdez,0,64.4,85.0,40.2,v1,96.7,40.7,44.6,,5,,,default,0,42,2026-07-13 15:47:27,offline_simulation,0,,
107558,2026-07-13,772298,Matt Chapman,SF,1,T1-Chalk,8974148,Chris Sale,0,64.4,85.0,47.4,v1,53.3,30.0,57.7,,3,,,default,0,43,2026-07-13 15:47:27,offline_simulation,0,,
107559,2026-07-13,491817,Jose Altuve,HOU,1,T1-Chalk,8115855,Nestor Cortes,0,64.3,85.0,46.4,v1,48.3,35.4,54.6,,3,,,default,0,44,2026-07-13 15:47:27,offline_simulation,0,,
107560,2026-07-13,311366,Jazz Chisholm Jr.,NYY,1,T1-Chalk,5815813,Carlos Rodon,0,64.3,85.0,42.3,v1,100.0,33.7,45.2,,1,,,default,0,45,2026-07-13 15:47:27,offline_simulation,0,,
107561,2026-07-13,565372,Salvador Perez,KC,1,T1-Chalk,3178300,Carlos Rodon,0,64.3,85.0,46.6,v1,53.3,35.2,51.5,,1,,,default,0,46,2026-07-13 15:47:27,offline_simulation,0,,
107562,2026-07-13,663929,Juan Soto,NYM,1,T1-Chalk,3223563,Nestor Cortes,0,64.2,85.0,45.3,v1,50.0,35.9,54.4,,1,,,default,0,47,2026-07-13 15:47:27,offline_simulation,0,,
107563,2026-07-13,410903,Willy Adames,SF,1,T1-Chalk,9949921,Bailey Ober,0,64.0,85.0,36.9,v1,50.0,52.9,56.8,,4,,,default,0,48,2026-07-13 15:47:27,offline_simulation,0,,
107564,2026-07-13,929030,Alex Bregman,BOS,1,T1-Chalk,7426220,JP Sears,0,63.9,85.0,52.5,v1,70.0,13.6,49.3,,6,,,default,0,49,2026-07-13 15:47:27,offline_simulation,0,,
107565,2026-07-13,823462,Fernando Tatis Jr.,SD,1,T1-Chalk,7426220,JP Sears,0,63.8,78.0,53.4,v1,70.0,38.9,49.3,,2,,,default,0,50,2026-07-13 15:47:27,offline_simulation,0,,
107566,2026-07-13,491817,Jose Altuve,HOU,1,T1-Chalk,7564837,Nestor Cortes,0,63.8,85.0,46.4,v1,63.3,36.2,38.8,,1,,,default,0,51,2026-07-13 15:47:27,offline_simulation,0,,
107567,2026-07-13,615359,Freddie Freeman,LAD,1,T1-Chalk,3178300,Corbin Burnes,0,63.8,85.0,46.4,v1,40.0,35.4,51.5,,2,,,default,0,52,2026-07-13 15:47:27,offline_simulation,0,,
107568,2026-07-13,210001,Mike Trout,LAA,1,T1-Chalk,4080181,Robbie Ray,0,63.4,78.0,63.0,v1,51.7,20.0,48.7,,2,,,default,0,53,2026-07-13 15:47:27,offline_simulation,0,,
107569,2026-07-13,68235,Mitch Garver,SEA,1,T1-Chalk,7564837,Nestor Cortes,0,63.3,85.0,39.4,v1,63.3,48.2,38.8,,3,,,default,0,54,2026-07-13 15:47:27,offline_simulation,0,,
107570,2026-07-13,955754,Cody Bellinger,NYY,1,T1-Chalk,3682998,Aaron Nola,0,63.3,85.0,48.3,v1,58.3,19.8,53.0,,4,,,default,0,55,2026-07-13 15:47:27,offline_simulation,0,,
107571,2026-07-13,615359,Freddie Freeman,LAD,1,T1-Chalk,8115855,Nestor Cortes,0,63.1,85.0,40.6,v1,48.3,39.2,54.2,,1,,,default,0,56,2026-07-13 15:47:27,offline_simulation,0,,
107572,2026-07-13,884215,Adolis Garcia,TEX,1,T1-Chalk,6054991,Joe Ryan,0,62.9,85.0,42.2,v1,35.0,40.7,50.0,,1,,,default,0,57,2026-07-13 15:47:27,offline_simulation,0,,
107573,2026-07-13,565372,Salvador Perez,KC,1,T1-Chalk,8066625,Lance Lynn,0,62.8,85.0,38.7,v1,50.0,37.2,58.4,,2,,,default,0,58,2026-07-13 15:47:27,offline_simulation,0,,
107574,2026-07-13,367481,Vladimir Guerrero Jr.,TOR,1,T1-Chalk,8115855,Nestor Cortes,0,62.6,85.0,47.4,v1,48.3,18.6,54.6,,2,,,default,0,59,2026-07-13 15:47:27,offline_simulation,0,,
107575,2026-07-13,205644,Austin Riley,ATL,1,T1-Chalk,7426220,Blake Snell,0,62.6,85.0,43.1,v1,70.0,25.1,49.3,,5,,,default,0,60,2026-07-13 15:47:27,offline_simulation,0,,
107576,2026-07-13,367481,Vladimir Guerrero Jr.,TOR,1,T1-Chalk,9949921,Framber Valdez,0,62.4,85.0,41.2,v1,50.0,29.5,56.8,,3,,,default,0,61,2026-07-13 15:47:27,offline_simulation,0,,
107577,2026-07-13,698369,Jose Ramirez,CLE,1,T1-Chalk,8974148,Chris Sale,0,62.2,78.0,52.5,v1,41.7,33.1,55.0,,6,,,default,0,62,2026-07-13 15:47:27,offline_simulation,0,,
107578,2026-07-13,343598,George Springer,TOR,1,T1-Chalk,4080181,Michael Wacha,0,62.1,85.0,37.2,v1,51.7,40.9,48.7,,5,,,default,0,63,2026-07-13 15:47:27,offline_simulation,0,,
107579,2026-07-13,343598,George Springer,TOR,1,T1-Chalk,6054991,Joe Ryan,0,62.1,85.0,39.3,v1,35.0,40.5,50.0,,4,,,default,0,64,2026-07-13 15:47:27,offline_simulation,0,,
107580,2026-07-13,394105,Nolan Arenado,HOU,1,T1-Chalk,8066625,Lance Lynn,0,62.0,85.0,42.5,v1,50.0,22.1,58.4,,4,,,default,0,65,2026-07-13 15:47:27,offline_simulation,0,,
107581,2026-07-13,615359,Freddie Freeman,LAD,1,T1-Chalk,3223563,Nestor Cortes,0,61.9,85.0,40.6,v1,50.0,28.0,54.4,,5,,,default,0,66,2026-07-13 15:47:27,offline_simulation,0,,
107582,2026-07-13,410903,Willy Adames,SF,1,T1-Chalk,8974148,Tarik Skubal,0,61.9,85.0,34.5,v1,53.3,38.8,57.7,,6,,,default,0,67,2026-07-13 15:47:27,offline_simulation,0,,
107583,2026-07-13,104166,Francisco Lindor,NYM,1,T1-Chalk,6054991,Sonny Gray,0,61.7,85.0,47.4,v1,33.3,19.2,50.0,,1,,,default,0,68,2026-07-13 15:47:27,offline_simulation,0,,
107584,2026-07-13,929030,Alex Bregman,BOS,1,T1-Chalk,9949921,Bailey Ober,0,61.6,85.0,40.4,v1,50.0,24.4,56.8,,1,,,default,0,69,2026-07-13 15:47:27,offline_simulation,0,,
107585,2026-07-13,583223,Giancarlo Stanton,NYY,1,T1-Chalk,5257994,Max Fried,0,61.6,85.0,34.3,v1,61.7,39.7,50.0,,3,,,default,0,70,2026-07-13 15:47:27,offline_simulation,0,,
107586,2026-07-13,667536,Rafael Devers,SF,1,T1-Chalk,8974148,Tarik Skubal,0,61.5,85.0,35.3,v1,30.0,45.3,52.3,,3,,,default,0,71,2026-07-13 15:47:27,offline_simulation,0,,
107587,2026-07-13,491817,Jose Altuve,HOU,1,T1-Chalk,5257994,Luis Castillo,0,61.2,85.0,38.5,v1,61.7,26.5,50.0,,2,,,default,0,72,2026-07-13 15:47:27,offline_simulation,0,,
107588,2026-07-13,205644,Austin Riley,ATL,1,T1-Chalk,8974148,Chris Sale,0,61.2,85.0,45.2,v1,53.3,8.7,57.7,,3,,,default,0,73,2026-07-13 15:47:27,offline_simulation,0,,
107589,2026-07-13,367481,Vladimir Guerrero Jr.,TOR,1,T1-Chalk,3826719,Blake Snell,0,61.1,85.0,49.4,v1,46.7,6.7,47.8,,3,,,default,0,74,2026-07-13 15:47:27,offline_simulation,0,,
107590,2026-07-13,367481,Vladimir Guerrero Jr.,TOR,1,T1-Chalk,3682998,Aaron Nola,0,61.1,85.0,41.5,v1,51.7,18.4,54.5,,5,,,default,0,75,2026-07-13 15:47:27,offline_simulation,0,,
107591,2026-07-13,210001,Mike Trout,LAA,1,T1-Chalk,8115855,Joe Ryan,0,61.0,78.0,48.8,v1,48.3,30.0,54.6,,1,,,default,0,76,2026-07-13 15:47:27,offline_simulation,0,,
107592,2026-07-13,343598,George Springer,TOR,1,T1-Chalk,5257994,Max Fried,0,61.0,85.0,32.7,v1,61.7,37.7,50.0,,3,,,default,0,77,2026-07-13 15:47:27,offline_simulation,0,,
107593,2026-07-13,565372,Salvador Perez,KC,1,T1-Chalk,3223563,Nestor Cortes,0,61.0,85.0,36.3,v1,80.0,22.4,51.7,,1,,,default,0,78,2026-07-13 15:47:27,offline_simulation,0,,
107594,2026-07-13,68235,Mitch Garver,SEA,1,T1-Chalk,8974148,Tarik Skubal,0,60.8,85.0,33.2,v1,53.3,32.7,57.7,,1,,,default,0,79,2026-07-13 15:47:27,offline_simulation,0,,
107595,2026-07-13,109235,Brent Rooker,OAK,1,T1-Chalk,3826719,Nestor Cortes,0,60.7,85.0,37.9,v1,46.7,30.1,47.8,,6,,,default,0,80,2026-07-13 15:47:27,offline_simulation,0,,
107596,2026-07-13,394105,Nolan Arenado,HOU,1,T1-Chalk,3826719,Nestor Cortes,0,60.6,85.0,40.1,v1,46.7,24.4,47.8,,1,,,default,0,81,2026-07-13 15:47:27,offline_simulation,0,,
107597,2026-07-13,340211,Ozzie Albies,ATL,1,T1-Chalk,3178300,Carlos Rodon,0,60.6,78.0,49.8,v1,46.7,26.8,51.5,,2,,,default,0,82,2026-07-13 15:47:27,offline_simulation,0,,
107598,2026-07-13,394105,Nolan Arenado,HOU,1,T1-Chalk,8115855,Joe Ryan,0,60.2,85.0,38.4,v1,48.3,19.6,54.6,,4,,,default,0,83,2026-07-13 15:47:27,offline_simulation,0,,
107599,2026-07-13,859683,Gleyber Torres,DET,1,T1-Chalk,7426220,JP Sears,0,60.2,78.0,41.4,v1,70.0,36.6,49.3,,3,,,default,0,84,2026-07-13 15:47:27,offline_simulation,0,,
107600,2026-07-13,755345,Corey Seager,TEX,1,T1-Chalk,3682998,Tarik Skubal,0,60.1,85.0,30.2,v1,58.3,35.7,53.0,,3,,,default,0,85,2026-07-13 15:47:27,offline_simulation,0,,
107601,2026-07-13,565372,Salvador Perez,KC,1,T1-Chalk,9949921,Bailey Ober,0,60.0,85.0,32.5,v1,50.0,29.2,56.8,,4,,,default,0,86,2026-07-13 15:47:27,offline_simulation,0,,
107602,2026-07-13,311366,Jazz Chisholm Jr.,NYY,1,T1-Chalk,3826719,Nestor Cortes,0,60.0,85.0,32.0,v1,43.3,44.3,40.2,,4,,,default,0,87,2026-07-13 15:47:27,offline_simulation,0,,
107603,2026-07-13,210001,Mike Trout,LAA,1,T1-Chalk,5257994,Luis Castillo,0,60.0,78.0,42.6,v1,61.7,34.3,50.0,,4,,,default,0,88,2026-07-13 15:47:27,offline_simulation,0,,
107604,2026-07-13,68235,Mitch Garver,SEA,1,T1-Chalk,6054991,Sonny Gray,0,60.0,85.0,29.4,v1,35.0,46.4,50.0,,2,,,default,0,89,2026-07-13 15:47:27,offline_simulation,0,,
107605,2026-07-13,181127,Yordan Alvarez,HOU,1,T1-Chalk,7564837,Max Fried,0,59.9,85.0,35.4,v1,50.0,32.6,41.4,,1,,,default,0,90,2026-07-13 15:47:27,offline_simulation,0,,
107606,2026-07-13,746307,Yandy Diaz,TB,1,T1-Chalk,3223563,Nestor Cortes,0,59.9,78.0,44.2,v1,80.0,23.3,51.7,,4,,,default,0,91,2026-07-13 15:47:27,offline_simulation,0,,
107607,2026-07-13,394105,Nolan Arenado,HOU,1,T1-Chalk,5815813,Framber Valdez,0,59.6,85.0,33.9,v1,96.7,15.5,44.6,,2,,,default,0,92,2026-07-13 15:47:27,offline_simulation,0,,
107608,2026-07-13,499331,Ian Happ,CHC,1,T1-Chalk,8066625,Lance Lynn,0,59.6,78.0,51.2,v1,62.5,7.6,55.4,,6,,,default,0,93,2026-07-13 15:47:27,offline_simulation,0,,
107609,2026-07-13,410903,Willy Adames,SF,1,T1-Chalk,6054991,Sonny Gray,0,59.5,85.0,30.7,v1,35.0,39.3,50.0,,4,,,default,0,94,2026-07-13 15:47:27,offline_simulation,0,,
107610,2026-07-13,394105,Nolan Arenado,HOU,1,T1-Chalk,3682998,Tarik Skubal,0,59.4,85.0,33.9,v1,51.7,22.1,54.5,,1,,,default,0,95,2026-07-13 15:47:27,offline_simulation,0,,
107611,2026-07-13,340211,Ozzie Albies,ATL,1,T1-Chalk,8115855,Joe Ryan,0,59.3,78.0,47.7,v1,48.3,18.7,54.4,,4,,,default,0,96,2026-07-13 15:47:27,offline_simulation,0,,
107612,2026-07-13,109235,Brent Rooker,OAK,1,T1-Chalk,9949921,Framber Valdez,0,59.2,85.0,31.6,v1,50.0,24.9,56.8,,2,,,default,0,97,2026-07-13 15:47:27,offline_simulation,0,,
107613,2026-07-13,109235,Brent Rooker,OAK,1,T1-Chalk,3682998,Tarik Skubal,0,59.0,85.0,31.6,v1,51.7,24.5,54.5,,4,,,default,0,98,2026-07-13 15:47:27,offline_simulation,0,,
107614,2026-07-13,960790,Brandon Nimmo,NYM,2,T2-Mid,1480108,Patrick Corbin,0,59.0,70.0,50.8,v1,75.0,34.9,50.4,,4,,,default,0,99,2026-07-13 15:47:27,offline_simulation,0,,
107615,2026-07-13,68235,Mitch Garver,SEA,1,T1-Chalk,4080181,Michael Wacha,0,58.9,85.0,35.7,v1,51.7,18.2,48.7,,4,,,default,0,100,2026-07-13 15:47:27,offline_simulation,0,,
107616,2026-07-13,210001,Mike Trout,LAA,1,T1-Chalk,3178300,Corbin Burnes,0,58.9,78.0,36.4,v1,53.3,41.4,51.5,,2,,,default,0,101,2026-07-13 15:47:27,offline_simulation,0,,
107617,2026-07-13,823462,Fernando Tatis Jr.,SD,1,T1-Chalk,4080181,Michael Wacha,0,58.8,78.0,41.4,v1,51.7,31.9,48.7,,1,,,default,0,102,2026-07-13 15:47:27,offline_simulation,0,,
107618,2026-07-13,823462,Fernando Tatis Jr.,SD,1,T1-Chalk,5815813,Framber Valdez,0,58.7,78.0,38.9,v1,96.7,24.8,44.6,,2,,,default,0,103,2026-07-13 15:47:27,offline_simulation,0,,
107619,2026-07-13,555459,Manny Machado,SD,1,T1-Chalk,7564837,Max Fried,0,58.7,85.0,34.3,v1,63.3,22.1,38.8,,4,,,default,0,104,2026-07-13 15:47:27,offline_simulation,0,,
107620,2026-07-13,654132,Elly De La Cruz,CIN,2,T2-Mid,1480108,Patrick Corbin,0,58.7,70.0,54.4,v1,62.5,27.8,50.4,,1,,,default,0,105,2026-07-13 15:47:27,offline_simulation,0,,
107621,2026-07-13,843841,Trea Turner,PHI,1,T1-Chalk,8115855,Nestor Cortes,0,58.6,78.0,45.8,v1,48.3,16.6,54.6,,4,,,default,0,106,2026-07-13 15:47:27,offline_simulation,0,,
107622,2026-07-13,210001,Mike Trout,LAA,1,T1-Chalk,7564837,Nestor Cortes,0,58.5,78.0,50.6,v1,63.3,10.7,38.8,,3,,,default,0,107,2026-07-13 15:47:27,offline_simulation,0,,
107623,2026-07-13,340211,Ozzie Albies,ATL,1,T1-Chalk,3826719,Blake Snell,0,58.4,78.0,41.5,v1,45.0,33.3,44.0,,5,,,default,0,108,2026-07-13 15:47:27,offline_simulation,0,,
107624,2026-07-13,305477,Ryan McMahon,COL,1,T1-Chalk,8066625,Lance Lynn,0,58.4,78.0,48.1,v1,75.0,2.5,52.4,,3,,,default,0,109,2026-07-13 15:47:27,offline_simulation,0,,
107625,2026-07-13,772298,Matt Chapman,SF,1,T1-Chalk,5257994,Max Fried,0,58.4,85.0,35.0,v1,61.7,11.2,50.0,,2,,,default,0,110,2026-07-13 15:47:27,offline_simulation,0,,
107626,2026-07-13,859683,Gleyber Torres,DET,1,T1-Chalk,5815813,Carlos Rodon,0,58.0,78.0,43.5,v1,96.7,8.1,44.6,,5,,,default,0,111,2026-07-13 15:47:27,offline_simulation,0,,
107627,2026-07-13,32330,Eloy Jimenez,CWS,1,T1-Chalk,7426220,JP Sears,0,57.9,78.0,43.0,v1,70.0,13.8,49.3,,1,,,default,0,112,2026-07-13 15:47:27,offline_simulation,0,,
107628,2026-07-13,210001,Mike Trout,LAA,1,T1-Chalk,3826719,Nestor Cortes,0,57.7,78.0,50.6,v1,46.7,3.7,47.8,,1,,,default,0,113,2026-07-13 15:47:27,offline_simulation,0,,
107629,2026-07-13,420822,Isaac Paredes,CHC,2,T2-Mid,8898258,Carlos Rodon,0,57.7,70.0,49.2,v1,70.0,27.0,53.8,,1,,,default,0,114,2026-07-13 15:47:27,offline_simulation,0,,
107630,2026-07-13,823462,Fernando Tatis Jr.,SD,1,T1-Chalk,8974148,Tarik Skubal,0,57.6,78.0,38.9,v1,53.3,20.6,57.7,,1,,,default,0,115,2026-07-13 15:47:27,offline_simulation,0,,
107631,2026-07-13,499331,Ian Happ,CHC,1,T1-Chalk,8974148,Chris Sale,0,57.4,78.0,43.0,v1,41.7,15.3,55.0,,4,,,default,0,116,2026-07-13 15:47:27,offline_simulation,0,,
107632,2026-07-13,499331,Ian Happ,CHC,1,T1-Chalk,3223563,Nestor Cortes,0,57.3,78.0,38.8,v1,65.0,17.9,53.0,,1,,,default,0,117,2026-07-13 15:47:27,offline_simulation,0,,
107633,2026-07-13,138497,William Contreras,MIL,2,T2-Mid,9015885,Carlos Rodon,0,57.3,70.0,51.4,v1,50.0,23.8,55.9,,6,,,default,0,118,2026-07-13 15:47:27,offline_simulation,0,,
107634,2026-07-13,843841,Trea Turner,PHI,1,T1-Chalk,3826719,Blake Snell,0,57.2,78.0,47.9,v1,46.7,5.4,47.8,,6,,,default,0,119,2026-07-13 15:47:27,offline_simulation,0,,
107635,2026-07-13,124414,J.P. Crawford,SEA,1,T1-Chalk,8066625,Luis Castillo,0,57.2,78.0,39.0,v1,75.0,14.0,52.4,,3,,,default,0,120,2026-07-13 15:47:27,offline_simulation,0,,
107636,2026-07-13,843841,Trea Turner,PHI,1,T1-Chalk,5815813,Framber Valdez,0,57.1,78.0,39.6,v1,96.7,9.9,44.6,,5,,,default,0,121,2026-07-13 15:47:27,offline_simulation,0,,
107637,2026-07-13,654132,Elly De La Cruz,CIN,2,T2-Mid,9412836,JP Sears,0,57.1,70.0,46.1,v1,38.3,42.2,50.0,,2,,,default,0,122,2026-07-13 15:47:27,offline_simulation,0,,
107638,2026-07-13,340211,Ozzie Albies,ATL,1,T1-Chalk,7564837,Nestor Cortes,0,57.0,78.0,39.4,v1,56.7,25.7,40.1,,3,,,default,0,123,2026-07-13 15:47:27,offline_simulation,0,,
107639,2026-07-13,813128,Tyler O'Neill,BOS,2,T2-Mid,9015885,Carlos Rodon,0,56.9,70.0,45.0,v1,50.0,34.8,55.9,,2,,,default,0,124,2026-07-13 15:47:27,offline_simulation,0,,
107640,2026-07-13,155408,Luis Arraez,SF,2,T2-Mid,5112306,Carlos Rodon,0,56.7,70.0,47.7,v1,58.3,26.4,53.4,,2,,,default,0,125,2026-07-13 15:47:27,offline_simulation,0,,
107641,2026-07-13,499331,Ian Happ,CHC,1,T1-Chalk,5815813,Framber Valdez,0,56.5,78.0,32.6,v1,100.0,19.6,44.9,,4,,,default,0,126,2026-07-13 15:47:27,offline_simulation,0,,
107642,2026-07-13,810501,Ezequiel Tovar,COL,2,T2-Mid,6102412,Patrick Corbin,0,56.5,70.0,48.1,v1,40.0,34.4,45.7,,4,,,default,0,127,2026-07-13 15:47:27,offline_simulation,0,,
107643,2026-07-13,177679,Seiya Suzuki,CHC,2,T2-Mid,2994680,Jordan Lyles,0,56.4,70.0,47.1,v1,43.3,32.5,50.0,,3,,,default,0,128,2026-07-13 15:47:27,offline_simulation,0,,
107644,2026-07-13,858817,Jurickson Profar,SD,2,T2-Mid,2156811,Robbie Ray,0,56.4,70.0,55.1,v1,63.3,5.8,51.4,,4,,,default,0,129,2026-07-13 15:47:27,offline_simulation,0,,
107645,2026-07-13,305477,Ryan McMahon,COL,1,T1-Chalk,3682998,Aaron Nola,0,56.3,78.0,39.8,v1,58.3,10.0,53.0,,3,,,default,0,130,2026-07-13 15:47:27,offline_simulation,0,,
107646,2026-07-13,68235,Mitch Garver,SEA,1,T1-Chalk,3178300,Corbin Burnes,0,56.3,85.0,25.3,v1,53.3,17.6,51.5,,6,,,default,0,131,2026-07-13 15:47:27,offline_simulation,0,,
107647,2026-07-13,32330,Eloy Jimenez,CWS,1,T1-Chalk,3223563,Nestor Cortes,0,56.2,78.0,34.7,v1,80.0,14.2,51.7,,3,,,default,0,132,2026-07-13 15:47:27,offline_simulation,0,,
107648,2026-07-13,597709,Max Muncy,LAD,2,T2-Mid,5112306,Kyle Hendricks,0,56.2,70.0,51.4,v1,58.3,13.1,53.4,,2,,,default,0,133,2026-07-13 15:47:27,offline_simulation,0,,
107649,2026-07-13,654132,Elly De La Cruz,CIN,2,T2-Mid,8898258,Carlos Rodon,0,56.1,70.0,48.2,v1,63.3,19.2,51.8,,1,,,default,0,134,2026-07-13 15:47:27,offline_simulation,0,,
107650,2026-07-13,210869,Randy Arozarena,SEA,2,T2-Mid,2156811,Robbie Ray,0,56.0,70.0,47.1,v1,65.0,17.9,55.2,,5,,,default,0,135,2026-07-13 15:47:27,offline_simulation,0,,
107651,2026-07-13,843841,Trea Turner,PHI,1,T1-Chalk,5257994,Luis Castillo,0,55.7,78.0,37.9,v1,61.7,9.8,50.0,,3,,,default,0,136,2026-07-13 15:47:27,offline_simulation,0,,
107652,2026-07-13,859683,Gleyber Torres,DET,1,T1-Chalk,3223563,Nestor Cortes,0,55.7,78.0,33.1,v1,80.0,13.6,51.7,,1,,,default,0,137,2026-07-13 15:47:27,offline_simulation,0,,
107653,2026-07-13,193222,Bo Bichette,TOR,2,T2-Mid,6102412,Patrick Corbin,0,55.7,70.0,53.5,v1,40.0,15.4,45.7,,2,,,default,0,138,2026-07-13 15:47:27,offline_simulation,0,,
107654,2026-07-13,177679,Seiya Suzuki,CHC,2,T2-Mid,2316681,Blake Snell,0,55.7,70.0,44.7,v1,61.7,25.7,50.0,,1,,,default,0,139,2026-07-13 15:47:27,offline_simulation,0,,
107655,2026-07-13,698369,Jose Ramirez,CLE,1,T1-Chalk,7564837,Max Fried,0,55.5,78.0,40.0,v1,56.7,11.2,40.1,,4,,,default,0,140,2026-07-13 15:47:27,offline_simulation,0,,
107656,2026-07-13,54800,Nathaniel Lowe,ARI,2,T2-Mid,1480108,Patrick Corbin,0,55.5,70.0,44.4,v1,75.0,20.0,50.4,,5,,,default,0,141,2026-07-13 15:47:27,offline_simulation,0,,
107657,2026-07-13,193222,Bo Bichette,TOR,2,T2-Mid,7776769,Robbie Ray,0,55.5,70.0,49.3,v1,46.7,18.2,50.4,,1,,,default,0,142,2026-07-13 15:47:27,offline_simulation,0,,
107658,2026-07-13,345916,Anthony Volpe,NYY,2,T2-Mid,1480108,Patrick Corbin,0,55.3,70.0,49.7,v1,50.0,14.8,50.4,,4,,,default,0,143,2026-07-13 15:47:27,offline_simulation,0,,
107659,2026-07-13,310196,Tommy Edman,LAD,2,T2-Mid,2994680,Jordan Lyles,0,55.3,70.0,50.8,v1,43.3,14.3,50.0,,1,,,default,0,144,2026-07-13 15:47:27,offline_simulation,0,,
107660,2026-07-13,192134,Andrew McCutchen,KC,2,T2-Mid,2156811,Robbie Ray,0,55.3,70.0,47.1,v1,65.0,12.6,55.2,,4,,,default,0,145,2026-07-13 15:47:27,offline_simulation,0,,
107661,2026-07-13,574679,Christian Yelich,MIL,2,T2-Mid,8898258,Carlos Rodon,0,55.2,70.0,44.6,v1,56.7,24.0,49.8,,6,,,default,0,146,2026-07-13 15:47:27,offline_simulation,0,,
107662,2026-07-13,310196,Tommy Edman,LAD,2,T2-Mid,6102412,Patrick Corbin,0,55.2,70.0,52.9,v1,36.7,13.0,46.8,,3,,,default,0,147,2026-07-13 15:47:27,offline_simulation,0,,
107663,2026-07-13,676103,Daulton Varsho,TOR,2,T2-Mid,5112306,Kyle Hendricks,0,55.1,70.0,43.5,v1,58.3,22.9,53.4,,6,,,default,0,148,2026-07-13 15:47:27,offline_simulation,0,,
107664,2026-07-13,695573,Julio Rodriguez,SEA,1,T1-Chalk,9949921,Bailey Ober,0,55.0,78.0,35.0,v1,50.0,10.5,56.8,,1,,,default,0,149,2026-07-13 15:47:27,offline_simulation,0,,
107665,2026-07-13,340211,Ozzie Albies,ATL,1,T1-Chalk,9949921,Framber Valdez,0,55.0,78.0,33.2,v1,50.0,12.9,58.8,,4,,,default,0,150,2026-07-13 15:47:27,offline_simulation,0,,
107666,2026-07-13,226551,Ke'Bryan Hayes,PIT,1,T1-Chalk,3223563,Nestor Cortes,0,55.0,78.0,34.7,v1,80.0,4.6,51.7,,4,,,default,0,151,2026-07-13 15:47:27,offline_simulation,0,,
107667,2026-07-13,752565,Josh Naylor,CLE,2,T2-Mid,2994680,Jordan Lyles,0,54.8,70.0,54.0,v1,43.3,2.7,50.0,,1,,,default,0,152,2026-07-13 15:47:27,offline_simulation,0,,
107668,2026-07-13,371473,Jake Burger,MIA,2,T2-Mid,2994680,Jordan Lyles,0,54.8,70.0,36.0,v1,43.3,44.6,50.0,,4,,,default,0,153,2026-07-13 15:47:27,offline_simulation,0,,
107669,2026-07-13,574679,Christian Yelich,MIL,2,T2-Mid,6102412,Patrick Corbin,0,54.8,70.0,50.8,v1,33.3,15.0,47.9,,5,,,default,0,154,2026-07-13 15:47:27,offline_simulation,0,,
107670,2026-07-13,695573,Julio Rodriguez,SEA,1,T1-Chalk,8974148,Tarik Skubal,0,54.7,78.0,32.6,v1,53.3,11.5,57.7,,4,,,default,0,155,2026-07-13 15:47:27,offline_simulation,0,,
107671,2026-07-13,155408,Luis Arraez,SF,2,T2-Mid,3393935,Nestor Cortes,0,54.7,70.0,37.4,v1,53.3,37.2,50.0,,5,,,default,0,156,2026-07-13 15:47:27,offline_simulation,0,,
107672,2026-07-13,597709,Max Muncy,LAD,2,T2-Mid,7496986,Carlos Rodon,0,54.7,70.0,41.4,v1,53.3,29.7,48.1,,5,,,default,0,157,2026-07-13 15:47:27,offline_simulation,0,,
107673,2026-07-13,300769,Cal Raleigh,SEA,2,T2-Mid,7776769,Robbie Ray,0,54.6,70.0,42.4,v1,45.0,26.2,52.0,,4,,,default,0,158,2026-07-13 15:47:27,offline_simulation,0,,
107674,2026-07-13,240874,Will Smith,LAD,1,T1-Chalk,6054991,Sonny Gray,0,54.5,78.0,32.0,v1,35.0,22.9,50.0,,1,,,default,0,159,2026-07-13 15:47:27,offline_simulation,0,,
107675,2026-07-13,843841,Trea Turner,PHI,1,T1-Chalk,6054991,Sonny Gray,0,54.5,78.0,35.8,v1,35.0,13.5,50.0,,5,,,default,0,160,2026-07-13 15:47:27,offline_simulation,0,,
107676,2026-07-13,226551,Ke'Bryan Hayes,PIT,1,T1-Chalk,6054991,Joe Ryan,0,54.5,78.0,33.0,v1,35.0,20.6,50.0,,4,,,default,0,161,2026-07-13 15:47:27,offline_simulation,0,,
107677,2026-07-13,654132,Elly De La Cruz,CIN,2,T2-Mid,7496986,Carlos Rodon,0,54.4,70.0,48.2,v1,53.3,10.1,50.0,,2,,,default,0,162,2026-07-13 15:47:27,offline_simulation,0,,
107678,2026-07-13,783632,Masataka Yoshida,BOS,2,T2-Mid,8898258,Pablo Lopez,0,54.3,70.0,44.2,v1,56.7,17.3,49.8,,1,,,default,0,163,2026-07-13 15:47:27,offline_simulation,0,,
107679,2026-07-13,371473,Jake Burger,MIA,2,T2-Mid,7496986,Carlos Rodon,0,54.3,70.0,41.9,v1,53.3,22.7,52.0,,3,,,default,0,164,2026-07-13 15:47:27,offline_simulation,0,,
107680,2026-07-13,59300,Mark Vientos,NYM,3,T3-Longshot,9442996,Nestor Cortes,0,54.3,70.0,31.5,v1,61.7,43.0,53.1,,2,,,default,0,165,2026-07-13 15:47:27,offline_simulation,0,,
107681,2026-07-13,859683,Gleyber Torres,DET,1,T1-Chalk,3826719,Nestor Cortes,0,54.2,78.0,33.1,v1,46.7,14.8,47.8,,3,,,default,0,166,2026-07-13 15:47:27,offline_simulation,0,,
107682,2026-07-13,851093,Michael Harris II,ATL,2,T2-Mid,1480108,Patrick Corbin,0,54.2,70.0,42.9,v1,75.0,12.7,50.4,,1,,,default,0,167,2026-07-13 15:47:27,offline_simulation,0,,
107683,2026-07-13,597709,Max Muncy,LAD,2,T2-Mid,2156811,Robbie Ray,0,54.2,70.0,43.5,v1,61.7,17.8,47.6,,2,,,default,0,168,2026-07-13 15:47:27,offline_simulation,0,,
107684,2026-07-13,563798,Willson Contreras,STL,1,T1-Chalk,4080181,Michael Wacha,0,54.1,78.0,34.1,v1,51.7,9.4,48.7,,2,,,default,0,169,2026-07-13 15:47:27,offline_simulation,0,,
107685,2026-07-13,960790,Brandon Nimmo,NYM,2,T2-Mid,7496986,Aaron Nola,0,54.1,70.0,48.3,v1,53.3,8.3,48.1,,5,,,default,0,170,2026-07-13 15:47:27,offline_simulation,0,,
107686,2026-07-13,859683,Gleyber Torres,DET,1,T1-Chalk,8066625,Luis Castillo,0,54.0,78.0,25.2,v1,50.0,23.8,58.4,,2,,,default,0,171,2026-07-13 15:47:27,offline_simulation,0,,
107687,2026-07-13,61028,Taylor Ward,LAA,3,T3-Longshot,7739443,Lance Lynn,0,53.8,70.0,37.1,v1,66.7,26.3,50.0,,4,,,default,0,172,2026-07-13 15:47:27,offline_simulation,0,,
107688,2026-07-13,420822,Isaac Paredes,CHC,2,T2-Mid,3393935,Nestor Cortes,0,53.7,70.0,38.8,v1,63.3,22.6,50.0,,1,,,default,0,173,2026-07-13 15:47:27,offline_simulation,0,,
107689,2026-07-13,444928,Xander Bogaerts,SD,2,T2-Mid,8898258,Pablo Lopez,0,53.7,70.0,31.0,v1,70.0,35.7,53.8,,4,,,default,0,174,2026-07-13 15:47:27,offline_simulation,0,,
107690,2026-07-13,177679,Seiya Suzuki,CHC,2,T2-Mid,2607865,Framber Valdez,0,53.7,70.0,36.4,v1,53.3,33.7,47.1,,5,,,default,0,175,2026-07-13 15:47:27,offline_simulation,0,,
107691,2026-07-13,32330,Eloy Jimenez,CWS,1,T1-Chalk,3682998,Tarik Skubal,0,53.6,78.0,28.5,v1,51.7,15.0,54.5,,4,,,default,0,176,2026-07-13 15:47:27,offline_simulation,0,,
107692,2026-07-13,120857,Jarren Duran,BOS,2,T2-Mid,9015885,Carlos Rodon,0,53.6,70.0,43.0,v1,60.0,14.6,47.1,,1,,,default,0,177,2026-07-13 15:47:27,offline_simulation,0,,
107693,2026-07-13,632337,Jackson Chourio,MIL,2,T2-Mid,7776769,Blake Snell,0,53.6,70.0,38.3,v1,46.7,28.3,50.4,,3,,,default,0,178,2026-07-13 15:47:27,offline_simulation,0,,
107694,2026-07-13,957447,Riley Greene,DET,2,T2-Mid,3393935,Kevin Gausman,0,53.5,70.0,39.9,v1,53.3,21.2,50.0,,2,,,default,0,179,2026-07-13 15:47:27,offline_simulation,0,,
107695,2026-07-13,810501,Ezequiel Tovar,COL,2,T2-Mid,7496986,Carlos Rodon,0,53.5,70.0,41.9,v1,53.3,15.3,52.0,,3,,,default,0,180,2026-07-13 15:47:27,offline_simulation,0,,
107696,2026-07-13,679269,Ketel Marte,ARI,2,T2-Mid,5238594,Framber Valdez,0,53.4,70.0,39.6,v1,51.7,22.3,49.3,,4,,,default,0,181,2026-07-13 15:47:27,offline_simulation,0,,
107697,2026-07-13,345916,Anthony Volpe,NYY,2,T2-Mid,9015885,Carlos Rodon,0,53.3,70.0,43.5,v1,50.0,8.4,55.9,,3,,,default,0,182,2026-07-13 15:47:27,offline_simulation,0,,
107698,2026-07-13,300769,Cal Raleigh,SEA,2,T2-Mid,8898258,Carlos Rodon,0,53.2,70.0,40.3,v1,63.3,13.7,51.8,,4,,,default,0,183,2026-07-13 15:47:27,offline_simulation,0,,
107699,2026-07-13,858817,Jurickson Profar,SD,2,T2-Mid,5238594,Shane McClanahan,0,53.2,70.0,40.5,v1,51.7,18.3,49.3,,3,,,default,0,184,2026-07-13 15:47:27,offline_simulation,0,,
107700,2026-07-13,697854,Jesse Winker,NYM,2,T2-Mid,2156811,Robbie Ray,0,53.2,70.0,41.9,v1,61.7,13.5,47.6,,1,,,default,0,185,2026-07-13 15:47:27,offline_simulation,0,,
107701,2026-07-13,657354,Colton Cowser,BAL,2,T2-Mid,7776769,Robbie Ray,0,53.2,70.0,35.5,v1,43.3,30.5,53.6,,1,,,default,0,186,2026-07-13 15:47:27,offline_simulation,0,,
107702,2026-07-13,823462,Fernando Tatis Jr.,SD,1,T1-Chalk,3178300,Corbin Burnes,0,53.1,78.0,31.0,v1,53.3,6.0,51.5,,1,,,default,0,187,2026-07-13 15:47:27,offline_simulation,0,,
107703,2026-07-13,226551,Ke'Bryan Hayes,PIT,1,T1-Chalk,5257994,Luis Castillo,0,53.0,78.0,26.8,v1,61.7,13.6,50.0,,5,,,default,0,188,2026-07-13 15:47:27,offline_simulation,0,,
107704,2026-07-13,138497,William Contreras,MIL,2,T2-Mid,5112306,Kyle Hendricks,0,53.0,70.0,41.4,v1,51.7,12.1,53.9,,4,,,default,0,189,2026-07-13 15:47:27,offline_simulation,0,,
107705,2026-07-13,577678,J.T. Realmuto,PHI,2,T2-Mid,9412836,JP Sears,0,53.0,70.0,43.0,v1,43.3,13.4,50.0,,6,,,default,0,190,2026-07-13 15:47:27,offline_simulation,0,,
107706,2026-07-13,61028,Taylor Ward,LAA,3,T3-Longshot,1525045,Kyle Hendricks,0,53.0,70.0,35.0,v1,51.7,28.9,50.5,,3,,,default,0,191,2026-07-13 15:47:27,offline_simulation,0,,
107707,2026-07-13,960790,Brandon Nimmo,NYM,2,T2-Mid,5112306,Carlos Rodon,0,52.9,70.0,44.6,v1,58.3,2.2,53.4,,4,,,default,0,192,2026-07-13 15:47:27,offline_simulation,0,,
107708,2026-07-13,345916,Anthony Volpe,NYY,2,T2-Mid,9412836,JP Sears,0,52.9,70.0,41.4,v1,43.3,16.8,50.0,,3,,,default,0,193,2026-07-13 15:47:27,offline_simulation,0,,
107709,2026-07-13,632337,Jackson Chourio,MIL,2,T2-Mid,1480108,Chris Sale,0,52.8,70.0,40.4,v1,50.0,15.2,50.4,,3,,,default,0,194,2026-07-13 15:47:27,offline_simulation,0,,
107710,2026-07-13,499331,Ian Happ,CHC,1,T1-Chalk,5257994,Max Fried,0,52.6,78.0,30.5,v1,56.7,2.9,50.0,,4,,,default,0,195,2026-07-13 15:47:27,offline_simulation,0,,
107711,2026-07-13,110624,Tyler Soderstrom,OAK,2,T2-Mid,5112306,Carlos Rodon,0,52.5,70.0,31.9,v1,58.3,28.4,53.4,,1,,,default,0,196,2026-07-13 15:47:27,offline_simulation,0,,
107712,2026-07-13,310196,Tommy Edman,LAD,2,T2-Mid,1480108,Chris Sale,0,52.5,70.0,40.4,v1,62.5,8.6,50.4,,3,,,default,0,197,2026-07-13 15:47:27,offline_simulation,0,,
107713,2026-07-13,45676,Joc Pederson,TEX,2,T2-Mid,7776769,Robbie Ray,0,52.5,70.0,35.5,v1,43.3,24.5,53.6,,3,,,default,0,198,2026-07-13 15:47:27,offline_simulation,0,,
107714,2026-07-13,810501,Ezequiel Tovar,COL,2,T2-Mid,2316681,Blake Snell,0,52.4,70.0,33.6,v1,61.7,24.2,50.0,,2,,,default,0,199,2026-07-13 15:47:27,offline_simulation,0,,
107715,2026-07-13,858817,Jurickson Profar,SD,2,T2-Mid,8898258,Pablo Lopez,0,52.2,70.0,42.6,v1,63.3,0.0,51.8,,3,,,default,0,200,2026-07-13 15:47:27,offline_simulation,0,,
107716,2026-07-13,977998,Alec Burleson,STL,2,T2-Mid,5112306,Carlos Rodon,0,52.2,70.0,35.0,v1,58.3,18.0,53.4,,4,,,default,0,201,2026-07-13 15:47:27,offline_simulation,0,,
107717,2026-07-13,371473,Jake Burger,MIA,2,T2-Mid,5112306,Kyle Hendricks,0,52.0,70.0,31.9,v1,51.7,26.2,53.9,,3,,,default,0,202,2026-07-13 15:47:27,offline_simulation,0,,
107718,2026-07-13,577678,J.T. Realmuto,PHI,2,T2-Mid,2316681,Blake Snell,0,51.9,70.0,36.8,v1,61.7,13.0,50.0,,4,,,default,0,203,2026-07-13 15:47:27,offline_simulation,0,,
107719,2026-07-13,210869,Randy Arozarena,SEA,2,T2-Mid,2316681,Blake Snell,0,51.9,70.0,36.8,v1,61.7,12.5,50.0,,5,,,default,0,204,2026-07-13 15:47:27,offline_simulation,0,,
107720,2026-07-13,54800,Nathaniel Lowe,ARI,2,T2-Mid,9015885,Carlos Rodon,0,51.8,70.0,38.2,v1,60.0,10.7,47.1,,1,,,default,0,205,2026-07-13 15:47:27,offline_simulation,0,,
107721,2026-07-13,960790,Brandon Nimmo,NYM,2,T2-Mid,3393935,Nestor Cortes,0,51.8,70.0,34.2,v1,53.3,20.4,50.0,,4,,,default,0,206,2026-07-13 15:47:27,offline_simulation,0,,
107722,2026-07-13,466541,Wilyer Abreu,BOS,2,T2-Mid,8898258,Carlos Rodon,0,51.8,70.0,36.0,v1,56.7,15.7,49.8,,3,,,default,0,207,2026-07-13 15:47:27,offline_simulation,0,,
107723,2026-07-13,590063,Lars Nootbaar,STL,2,T2-Mid,5112306,Carlos Rodon,0,51.8,70.0,38.2,v1,58.3,7.8,53.4,,4,,,default,0,208,2026-07-13 15:47:27,offline_simulation,0,,
107724,2026-07-13,632337,Jackson Chourio,MIL,2,T2-Mid,9412836,JP Sears,0,51.8,70.0,44.6,v1,43.3,0.0,50.0,,4,,,default,0,209,2026-07-13 15:47:27,offline_simulation,0,,
107725,2026-07-13,444928,Xander Bogaerts,SD,2,T2-Mid,5238594,Framber Valdez,0,51.7,70.0,34.8,v1,51.7,20.2,48.0,,1,,,default,0,210,2026-07-13 15:47:27,offline_simulation,0,,
107726,2026-07-13,155408,Luis Arraez,SF,2,T2-Mid,5238594,Shane McClanahan,0,51.7,70.0,35.3,v1,51.7,17.3,50.5,,1,,,default,0,211,2026-07-13 15:47:27,offline_simulation,0,,
107727,2026-07-13,200044,CJ Abrams,WSH,2,T2-Mid,2316681,Blake Snell,0,51.7,70.0,27.7,v1,51.7,35.7,50.0,,1,,,default,0,212,2026-07-13 15:47:27,offline_simulation,0,,
107728,2026-07-13,646083,Vinnie Pasquantino,KC,2,T2-Mid,7776769,Robbie Ray,0,51.5,70.0,42.5,v1,43.3,0.0,53.6,,5,,,default,0,213,2026-07-13 15:47:27,offline_simulation,0,,
107729,2026-07-13,563798,Willson Contreras,STL,1,T1-Chalk,7564837,Max Fried,0,51.4,78.0,29.6,v1,63.3,0.0,38.8,,3,,,default,0,214,2026-07-13 15:47:27,offline_simulation,0,,
107730,2026-07-13,937375,Brendan Donovan,STL,2,T2-Mid,8898258,Pablo Lopez,0,51.4,70.0,38.8,v1,56.7,5.5,49.8,,4,,,default,0,215,2026-07-13 15:47:27,offline_simulation,0,,
107731,2026-07-13,400562,Wenceel Perez,DET,2,T2-Mid,1480108,Chris Sale,0,51.4,70.0,36.6,v1,62.5,8.2,50.4,,6,,,default,0,216,2026-07-13 15:47:27,offline_simulation,0,,
107732,2026-07-13,138497,William Contreras,MIL,2,T2-Mid,5238594,Framber Valdez,0,51.4,70.0,34.8,v1,51.7,17.7,48.0,,4,,,default,0,217,2026-07-13 15:47:27,offline_simulation,0,,
107733,2026-07-13,87500,Oneil Cruz,PIT,2,T2-Mid,7496986,Carlos Rodon,0,51.4,70.0,33.5,v1,53.3,20.1,48.1,,2,,,default,0,218,2026-07-13 15:47:27,offline_simulation,0,,
107734,2026-07-13,597709,Max Muncy,LAD,2,T2-Mid,6102412,Eduardo Rodriguez,0,51.4,70.0,35.2,v1,33.3,23.3,47.9,,4,,,default,0,219,2026-07-13 15:47:27,offline_simulation,0,,
107735,2026-07-13,783632,Masataka Yoshida,BOS,2,T2-Mid,3393935,Nestor Cortes,0,51.3,70.0,34.2,v1,53.3,16.8,50.0,,2,,,default,0,220,2026-07-13 15:47:27,offline_simulation,0,,
107736,2026-07-13,400562,Wenceel Perez,DET,2,T2-Mid,3393935,Kevin Gausman,0,51.2,70.0,34.5,v1,58.3,13.6,50.0,,1,,,default,0,221,2026-07-13 15:47:27,offline_simulation,0,,
107737,2026-07-13,340588,Jorge Soler,ATL,2,T2-Mid,6102412,Eduardo Rodriguez,0,51.2,70.0,32.5,v1,40.0,27.3,45.7,,3,,,default,0,222,2026-07-13 15:47:27,offline_simulation,0,,
107738,2026-07-13,444928,Xander Bogaerts,SD,2,T2-Mid,3393935,Kevin Gausman,0,51.1,70.0,33.1,v1,63.3,14.5,50.0,,5,,,default,0,223,2026-07-13 15:47:27,offline_simulation,0,,
107739,2026-07-13,825778,Maikel Garcia,KC,3,T3-Longshot,9527828,JP Sears,0,51.1,70.0,38.2,v1,50.0,1.1,58.4,,4,,,default,0,224,2026-07-13 15:47:27,offline_simulation,0,,
107740,2026-07-13,340588,Jorge Soler,ATL,2,T2-Mid,2994680,Jordan Lyles,0,51.0,70.0,32.8,v1,43.3,20.2,50.0,,2,,,default,0,225,2026-07-13 15:47:27,offline_simulation,0,,
107741,2026-07-13,597709,Max Muncy,LAD,2,T2-Mid,7776769,Blake Snell,0,51.0,70.0,33.1,v1,43.3,17.8,53.6,,5,,,default,0,226,2026-07-13 15:47:27,offline_simulation,0,,
107742,2026-07-13,121818,Byron Buxton,MIN,2,T2-Mid,2316681,Blake Snell,0,51.0,70.0,33.6,v1,61.7,12.4,50.0,,5,,,default,0,227,2026-07-13 15:47:27,offline_simulation,0,,
107743,2026-07-13,697854,Jesse Winker,NYM,2,T2-Mid,2607865,Nestor Cortes,0,50.9,70.0,29.4,v1,30.0,34.7,46.1,,1,,,default,0,228,2026-07-13 15:47:27,offline_simulation,0,,
107744,2026-07-13,937375,Brendan Donovan,STL,2,T2-Mid,2316681,Blake Snell,0,50.9,70.0,30.9,v1,51.7,22.0,50.0,,4,,,default,0,229,2026-07-13 15:47:27,offline_simulation,0,,
107745,2026-07-13,444928,Xander Bogaerts,SD,2,T2-Mid,2156811,Framber Valdez,0,50.8,70.0,34.8,v1,65.0,3.4,55.2,,4,,,default,0,230,2026-07-13 15:47:27,offline_simulation,0,,
107746,2026-07-13,679269,Ketel Marte,ARI,2,T2-Mid,2607865,Framber Valdez,0,50.8,70.0,39.6,v1,41.7,6.0,46.6,,3,,,default,0,231,2026-07-13 15:47:27,offline_simulation,0,,
107747,2026-07-13,813128,Tyler O'Neill,BOS,2,T2-Mid,2607865,Nestor Cortes,0,50.8,70.0,34.7,v1,53.3,13.5,47.1,,5,,,default,0,232,2026-07-13 15:47:27,offline_simulation,0,,
107748,2026-07-13,977998,Alec Burleson,STL,2,T2-Mid,6102412,Patrick Corbin,0,50.8,70.0,41.3,v1,33.3,3.6,47.9,,1,,,default,0,233,2026-07-13 15:47:27,offline_simulation,0,,
107749,2026-07-13,120857,Jarren Duran,BOS,2,T2-Mid,7776769,Blake Snell,0,50.7,70.0,34.7,v1,43.3,11.0,53.6,,2,,,default,0,234,2026-07-13 15:47:27,offline_simulation,0,,
107750,2026-07-13,440013,Adam Frazier,KC,3,T3-Longshot,9737912,Joe Ryan,0,50.6,60.0,38.2,v1,96.7,24.7,53.5,,1,,,default,0,235,2026-07-13 15:47:27,offline_simulation,0,,
107751,2026-07-13,270277,Eugenio Suarez,ARI,2,T2-Mid,5112306,Kyle Hendricks,0,50.4,70.0,28.7,v1,51.7,19.7,53.9,,3,,,default,0,236,2026-07-13 15:47:27,offline_simulation,0,,
107752,2026-07-13,193222,Bo Bichette,TOR,2,T2-Mid,7496986,Aaron Nola,0,50.2,70.0,31.0,v1,53.3,13.2,52.0,,2,,,default,0,237,2026-07-13 15:47:27,offline_simulation,0,,
107753,2026-07-13,121818,Byron Buxton,MIN,2,T2-Mid,7776769,Blake Snell,0,50.2,70.0,33.6,v1,46.7,11.0,50.4,,4,,,default,0,238,2026-07-13 15:47:27,offline_simulation,0,,
107754,2026-07-13,110624,Tyler Soderstrom,OAK,2,T2-Mid,2316681,Blake Snell,0,50.2,70.0,23.6,v1,51.7,32.5,50.0,,4,,,default,0,239,2026-07-13 15:47:27,offline_simulation,0,,
107755,2026-07-13,780256,Ha-Seong Kim,SD,3,T3-Longshot,9442996,Nestor Cortes,0,50.2,70.0,33.1,v1,61.7,5.3,53.1,,4,,,default,0,240,2026-07-13 15:47:27,offline_simulation,0,,
107756,2026-07-13,371473,Jake Burger,MIA,2,T2-Mid,3393935,Kevin Gausman,0,50.1,70.0,23.6,v1,63.3,28.0,50.0,,4,,,default,0,241,2026-07-13 15:47:27,offline_simulation,0,,
107757,2026-07-13,957447,Riley Greene,DET,2,T2-Mid,6102412,Eduardo Rodriguez,0,50.1,70.0,32.0,v1,33.3,19.5,47.9,,2,,,default,0,242,2026-07-13 15:47:27,offline_simulation,0,,
107758,2026-07-13,697854,Jesse Winker,NYM,2,T2-Mid,6102412,Eduardo Rodriguez,0,50.0,70.0,33.6,v1,33.3,14.9,47.9,,2,,,default,0,243,2026-07-13 15:47:27,offline_simulation,0,,
107759,2026-07-13,783632,Masataka Yoshida,BOS,2,T2-Mid,2607865,Nestor Cortes,0,49.9,70.0,34.2,v1,30.0,15.5,46.1,,3,,,default,0,244,2026-07-13 15:47:27,offline_simulation,0,,
107760,2026-07-13,210869,Randy Arozarena,SEA,2,T2-Mid,7496986,Aaron Nola,0,49.9,70.0,28.8,v1,53.3,15.9,52.0,,1,,,default,0,245,2026-07-13 15:47:27,offline_simulation,0,,
107761,2026-07-13,345916,Anthony Volpe,NYY,2,T2-Mid,2316681,Blake Snell,0,49.9,70.0,35.2,v1,61.7,0.0,50.0,,5,,,default,0,246,2026-07-13 15:47:27,offline_simulation,0,,
107762,2026-07-13,155408,Luis Arraez,SF,2,T2-Mid,9015885,Max Fried,0,49.8,70.0,29.1,v1,60.0,15.9,47.1,,4,,,default,0,247,2026-07-13 15:47:27,offline_simulation,0,,
107763,2026-07-13,976963,Tyler Fitzgerald,SF,3,T3-Longshot,9737912,Lance Lynn,0,49.8,70.0,29.2,v1,58.3,11.9,53.5,,3,,,default,0,248,2026-07-13 15:47:27,offline_simulation,0,,
107764,2026-07-13,340588,Jorge Soler,ATL,2,T2-Mid,8898258,Pablo Lopez,0,49.7,70.0,18.3,v1,70.0,32.5,53.8,,5,,,default,0,249,2026-07-13 15:47:27,offline_simulation,0,,
107765,2026-07-13,270277,Eugenio Suarez,ARI,2,T2-Mid,1480108,Chris Sale,0,49.6,70.0,32.5,v1,50.0,7.1,50.4,,1,,,default,0,250,2026-07-13 15:47:27,offline_simulation,0,,
107766,2026-07-13,212546,Cedric Mullins,BAL,2,T2-Mid,1480108,Chris Sale,0,49.6,70.0,24.1,v1,75.0,18.4,50.4,,4,,,default,0,251,2026-07-13 15:47:27,offline_simulation,0,,
107767,2026-07-13,851093,Michael Harris II,ATL,2,T2-Mid,2607865,Nestor Cortes,0,49.6,70.0,26.3,v1,30.0,31.1,46.1,,1,,,default,0,252,2026-07-13 15:47:27,offline_simulation,0,,
107768,2026-07-13,635655,Jake McCarthy,ARI,3,T3-Longshot,9737912,Lance Lynn,0,49.6,60.0,41.7,v1,96.7,7.9,53.5,,2,,,default,0,253,2026-07-13 15:47:27,offline_simulation,0,,
107769,2026-07-13,977998,Alec Burleson,STL,2,T2-Mid,9412836,JP Sears,0,49.5,70.0,33.0,v1,33.3,11.5,50.0,,1,,,default,0,254,2026-07-13 15:47:27,offline_simulation,0,,
107770,2026-07-13,466541,Wilyer Abreu,BOS,2,T2-Mid,2316681,Blake Snell,0,49.5,70.0,27.7,v1,51.7,17.6,50.0,,1,,,default,0,255,2026-07-13 15:47:27,offline_simulation,0,,
107771,2026-07-13,574679,Christian Yelich,MIL,2,T2-Mid,2994680,Tarik Skubal,0,48.9,70.0,28.0,v1,43.3,14.2,50.0,,5,,,default,0,256,2026-07-13 15:47:27,offline_simulation,0,,
107772,2026-07-13,574679,Christian Yelich,MIL,2,T2-Mid,2156811,Framber Valdez,0,48.9,70.0,28.0,v1,61.7,9.6,47.6,,2,,,default,0,257,2026-07-13 15:47:27,offline_simulation,0,,
107773,2026-07-13,937375,Brendan Donovan,STL,2,T2-Mid,2156811,Framber Valdez,0,48.9,70.0,22.6,v1,61.7,22.7,47.6,,3,,,default,0,258,2026-07-13 15:47:27,offline_simulation,0,,
107774,2026-07-13,340588,Jorge Soler,ATL,2,T2-Mid,7496986,Aaron Nola,0,48.9,70.0,22.5,v1,53.3,22.3,52.0,,4,,,default,0,259,2026-07-13 15:47:27,offline_simulation,0,,
107775,2026-07-13,419718,Alex Verdugo,NYY,3,T3-Longshot,9737912,Joe Ryan,0,48.8,60.0,41.4,v1,96.7,2.2,53.5,,3,,,default,0,260,2026-07-13 15:47:27,offline_simulation,0,,
107776,2026-07-13,574679,Christian Yelich,MIL,2,T2-Mid,5238594,Shane McClanahan,0,48.7,70.0,32.1,v1,51.7,0.0,50.5,,6,,,default,0,261,2026-07-13 15:47:27,offline_simulation,0,,
107777,2026-07-13,192134,Andrew McCutchen,KC,2,T2-Mid,7496986,Aaron Nola,0,48.7,70.0,28.8,v1,53.3,5.9,52.0,,4,,,default,0,262,2026-07-13 15:47:27,offline_simulation,0,,
107778,2026-07-13,438713,Spencer Torkelson,DET,2,T2-Mid,2994680,Tarik Skubal,0,48.6,70.0,23.7,v1,43.3,21.9,50.0,,5,,,default,0,263,2026-07-13 15:47:27,offline_simulation,0,,
107779,2026-07-13,937375,Brendan Donovan,STL,2,T2-Mid,5238594,Shane McClanahan,0,48.4,70.0,26.7,v1,51.7,10.2,50.5,,5,,,default,0,264,2026-07-13 15:47:27,offline_simulation,0,,
107780,2026-07-13,320545,Andres Gimenez,CLE,3,T3-Longshot,9527828,Michael Wacha,0,48.4,60.0,39.3,v1,75.0,15.2,46.9,,3,,,default,0,265,2026-07-13 15:47:27,offline_simulation,0,,
107781,2026-07-13,565635,Luis Garcia Jr.,WSH,3,T3-Longshot,9737912,Joe Ryan,0,48.4,60.0,36.6,v1,96.7,9.8,53.5,,3,,,default,0,266,2026-07-13 15:47:27,offline_simulation,0,,
107782,2026-07-13,300769,Cal Raleigh,SEA,2,T2-Mid,2156811,Framber Valdez,0,48.3,70.0,23.7,v1,63.3,11.6,51.4,,4,,,default,0,267,2026-07-13 15:47:27,offline_simulation,0,,
107783,2026-07-13,54800,Nathaniel Lowe,ARI,2,T2-Mid,7776769,Blake Snell,0,48.3,70.0,29.9,v1,43.3,2.7,53.6,,6,,,default,0,268,2026-07-13 15:47:27,offline_simulation,0,,
107784,2026-07-13,825778,Maikel Garcia,KC,3,T3-Longshot,1525045,Kyle Hendricks,0,48.3,70.0,30.3,v1,51.7,1.3,50.5,,3,,,default,0,269,2026-07-13 15:47:27,offline_simulation,0,,
107785,2026-07-13,851093,Michael Harris II,ATL,2,T2-Mid,9015885,Max Fried,0,48.2,70.0,18.0,v1,60.0,28.5,47.1,,3,,,default,0,270,2026-07-13 15:47:27,offline_simulation,0,,
107786,2026-07-13,739065,Corbin Carroll,ARI,2,T2-Mid,2994680,Tarik Skubal,0,48.2,70.0,23.2,v1,43.3,19.5,50.0,,4,,,default,0,271,2026-07-13 15:47:27,offline_simulation,0,,
107787,2026-07-13,851093,Michael Harris II,ATL,2,T2-Mid,5238594,Shane McClanahan,0,48.2,70.0,24.2,v1,51.7,14.7,50.5,,2,,,default,0,272,2026-07-13 15:47:27,offline_simulation,0,,
107788,2026-07-13,120857,Jarren Duran,BOS,2,T2-Mid,2607865,Framber Valdez,0,48.2,70.0,26.4,v1,30.0,19.5,46.1,,2,,,default,0,273,2026-07-13 15:47:27,offline_simulation,0,,
107789,2026-07-13,340588,Jorge Soler,ATL,2,T2-Mid,3393935,Kevin Gausman,0,48.1,70.0,20.4,v1,63.3,18.9,50.0,,6,,,default,0,274,2026-07-13 15:47:27,offline_simulation,0,,
107790,2026-07-13,438713,Spencer Torkelson,DET,2,T2-Mid,2156811,Framber Valdez,0,48.1,70.0,23.7,v1,65.0,6.8,55.2,,2,,,default,0,275,2026-07-13 15:47:27,offline_simulation,0,,
107791,2026-07-13,120857,Jarren Duran,BOS,2,T2-Mid,9412836,Framber Valdez,0,48.1,70.0,26.4,v1,33.3,14.4,50.0,,1,,,default,0,276,2026-07-13 15:47:27,offline_simulation,0,,
107792,2026-07-13,345916,Anthony Volpe,NYY,2,T2-Mid,2994680,Tarik Skubal,0,48.0,70.0,26.9,v1,43.3,9.2,50.0,,2,,,default,0,277,2026-07-13 15:47:27,offline_simulation,0,,
107793,2026-07-13,192134,Andrew McCutchen,KC,2,T2-Mid,5238594,Framber Valdez,0,48.0,70.0,28.5,v1,51.7,4.1,48.0,,4,,,default,0,278,2026-07-13 15:47:27,offline_simulation,0,,
107794,2026-07-13,697854,Jesse Winker,NYM,2,T2-Mid,9412836,Framber Valdez,0,47.9,70.0,23.2,v1,33.3,20.6,50.0,,2,,,default,0,279,2026-07-13 15:47:27,offline_simulation,0,,
107795,2026-07-13,61028,Taylor Ward,LAA,3,T3-Longshot,6399605,Bailey Ober,0,47.7,70.0,30.9,v1,35.0,0.8,50.0,,3,,,default,0,280,2026-07-13 15:47:27,offline_simulation,0,,
107796,2026-07-13,867168,Garrett Cooper,WSH,3,T3-Longshot,6545244,Chris Sale,0,47.6,60.0,34.1,v1,80.0,14.6,53.6,,2,,,default,0,281,2026-07-13 15:47:27,offline_simulation,0,,
107797,2026-07-13,977998,Alec Burleson,STL,2,T2-Mid,3393935,Nestor Cortes,0,47.3,70.0,24.7,v1,53.3,5.7,50.0,,3,,,default,0,282,2026-07-13 15:47:27,offline_simulation,0,,
107798,2026-07-13,635726,Dylan Carlson,STL,3,T3-Longshot,6545244,Chris Sale,0,47.3,60.0,33.4,v1,65.0,19.1,53.5,,4,,,default,0,283,2026-07-13 15:47:27,offline_simulation,0,,
107799,2026-07-13,508863,Luis Rengifo,LAA,3,T3-Longshot,9737912,Joe Ryan,0,47.3,60.0,39.8,v1,77.5,0.0,53.5,,3,,,default,0,284,2026-07-13 15:47:27,offline_simulation,0,,
107800,2026-07-13,977998,Alec Burleson,STL,2,T2-Mid,9015885,Max Fried,0,47.2,70.0,16.4,v1,60.0,23.6,47.1,,1,,,default,0,285,2026-07-13 15:47:27,offline_simulation,0,,
107801,2026-07-13,814291,Gavin Lux,LAD,3,T3-Longshot,1525045,Kyle Hendricks,0,47.2,60.0,41.9,v1,51.7,4.7,50.5,,1,,,default,0,286,2026-07-13 15:47:27,offline_simulation,0,,
107802,2026-07-13,976963,Tyler Fitzgerald,SF,3,T3-Longshot,6399605,Bailey Ober,0,47.2,70.0,23.0,v1,35.0,14.5,50.0,,4,,,default,0,287,2026-07-13 15:47:27,offline_simulation,0,,
107803,2026-07-13,430476,Jose Iglesias,NYM,3,T3-Longshot,7739443,Lance Lynn,0,47.1,60.0,38.7,v1,66.7,6.3,50.0,,2,,,default,0,288,2026-07-13 15:47:27,offline_simulation,0,,
107804,2026-07-13,790529,Leody Taveras,TEX,3,T3-Longshot,1525045,Kyle Hendricks,0,47.0,60.0,37.1,v1,51.7,13.8,50.5,,4,,,default,0,289,2026-07-13 15:47:27,offline_simulation,0,,
107805,2026-07-13,230169,Gio Urshela,ATL,3,T3-Longshot,6545244,Chris Sale,0,47.0,60.0,34.1,v1,80.0,10.1,53.6,,3,,,default,0,290,2026-07-13 15:47:27,offline_simulation,0,,
107806,2026-07-13,87500,Oneil Cruz,PIT,2,T2-Mid,6102412,Eduardo Rodriguez,0,46.9,70.0,27.2,v1,33.3,4.3,47.9,,2,,,default,0,291,2026-07-13 15:47:27,offline_simulation,0,,
107807,2026-07-13,508863,Luis Rengifo,LAA,3,T3-Longshot,6545244,Chris Sale,0,46.8,60.0,35.7,v1,65.0,9.1,53.5,,4,,,default,0,292,2026-07-13 15:47:27,offline_simulation,0,,
107808,2026-07-13,896986,Jon Berti,MIA,3,T3-Longshot,9527828,JP Sears,0,46.8,60.0,39.8,v1,50.0,1.4,58.4,,1,,,default,0,293,2026-07-13 15:47:27,offline_simulation,0,,
107809,2026-07-13,284679,Lane Thomas,CLE,3,T3-Longshot,9527828,JP Sears,0,46.8,60.0,36.6,v1,50.0,8.9,58.4,,6,,,default,0,294,2026-07-13 15:47:27,offline_simulation,0,,
107810,2026-07-13,430476,Jose Iglesias,NYM,3,T3-Longshot,1525045,Chris Sale,0,46.7,60.0,40.4,v1,51.7,3.9,50.5,,2,,,default,0,295,2026-07-13 15:47:27,offline_simulation,0,,
107811,2026-07-13,906461,Brendan Rodgers,COL,3,T3-Longshot,6545244,Chris Sale,0,46.7,60.0,32.5,v1,80.0,11.4,53.6,,3,,,default,0,296,2026-07-13 15:47:27,offline_simulation,0,,
107812,2026-07-13,75597,Willi Castro,MIN,3,T3-Longshot,9527828,JP Sears,0,46.7,60.0,39.8,v1,62.5,0.0,52.7,,2,,,default,0,297,2026-07-13 15:47:27,offline_simulation,0,,
107813,2026-07-13,752565,Josh Naylor,CLE,2,T2-Mid,9015885,Max Fried,0,46.6,70.0,21.1,v1,60.0,7.8,47.1,,5,,,default,0,298,2026-07-13 15:47:27,offline_simulation,0,,
107814,2026-07-13,752565,Josh Naylor,CLE,2,T2-Mid,5238594,Framber Valdez,0,46.6,70.0,23.2,v1,51.7,3.3,50.5,,2,,,default,0,299,2026-07-13 15:47:27,offline_simulation,0,,
107815,2026-07-13,665639,Andrew Vaughn,CWS,3,T3-Longshot,7739443,Lance Lynn,0,46.6,60.0,30.8,v1,66.7,20.8,50.0,,2,,,default,0,300,2026-07-13 15:47:27,offline_simulation,0,,
107816,2026-07-13,590063,Lars Nootbaar,STL,2,T2-Mid,2994680,Tarik Skubal,0,46.5,70.0,21.6,v1,43.3,9.1,50.0,,1,,,default,0,301,2026-07-13 15:47:27,offline_simulation,0,,
107817,2026-07-13,200044,CJ Abrams,WSH,2,T2-Mid,9412836,Framber Valdez,0,46.5,70.0,19.4,v1,33.3,17.4,50.0,,4,,,default,0,302,2026-07-13 15:47:27,offline_simulation,0,,
107818,2026-07-13,59300,Mark Vientos,NYM,3,T3-Longshot,9863042,Spencer Strider,0,46.4,70.0,19.4,v1,61.7,7.7,50.0,,5,,,default,0,303,2026-07-13 15:47:27,offline_simulation,0,,
107819,2026-07-13,59300,Mark Vientos,NYM,3,T3-Longshot,2871902,Sonny Gray,0,46.3,70.0,21.5,v1,43.3,8.1,50.0,,6,,,default,0,304,2026-07-13 15:47:27,offline_simulation,0,,
107820,2026-07-13,825778,Maikel Garcia,KC,3,T3-Longshot,7739443,Yoshinobu Yamamoto,0,46.2,70.0,15.8,v1,66.7,12.8,50.0,,2,,,default,0,305,2026-07-13 15:47:27,offline_simulation,0,,
107821,2026-07-13,510651,Keibert Ruiz,WSH,3,T3-Longshot,1525045,Kyle Hendricks,0,46.2,60.0,40.3,v1,51.7,0.0,50.5,,2,,,default,0,306,2026-07-13 15:47:27,offline_simulation,0,,
107822,2026-07-13,508863,Luis Rengifo,LAA,3,T3-Longshot,9527828,Michael Wacha,0,46.1,60.0,37.7,v1,62.5,0.0,52.7,,1,,,default,0,307,2026-07-13 15:47:27,offline_simulation,0,,
107823,2026-07-13,697854,Jesse Winker,NYM,2,T2-Mid,9015885,Max Fried,0,45.9,70.0,21.1,v1,60.0,1.4,47.1,,3,,,default,0,308,2026-07-13 15:47:27,offline_simulation,0,,
107824,2026-07-13,110624,Tyler Soderstrom,OAK,2,T2-Mid,9412836,Framber Valdez,0,45.7,70.0,15.3,v1,33.3,21.0,50.0,,4,,,default,0,309,2026-07-13 15:47:27,offline_simulation,0,,
107825,2026-07-13,87500,Oneil Cruz,PIT,2,T2-Mid,9412836,Framber Valdez,0,45.6,70.0,16.9,v1,33.3,16.3,50.0,,2,,,default,0,310,2026-07-13 15:47:27,offline_simulation,0,,
107826,2026-07-13,635655,Jake McCarthy,ARI,3,T3-Longshot,6399605,Bailey Ober,0,45.6,60.0,35.5,v1,31.7,13.2,50.0,,5,,,default,0,311,2026-07-13 15:47:27,offline_simulation,0,,
107827,2026-07-13,110624,Tyler Soderstrom,OAK,2,T2-Mid,2607865,Nestor Cortes,0,45.5,70.0,21.5,v1,30.0,7.9,46.1,,2,,,default,0,312,2026-07-13 15:47:27,offline_simulation,0,,
107828,2026-07-13,906461,Brendan Rodgers,COL,3,T3-Longshot,1525045,Chris Sale,0,45.5,60.0,32.5,v1,51.7,12.2,50.5,,4,,,default,0,313,2026-07-13 15:47:27,offline_simulation,0,,
107829,2026-07-13,419718,Alex Verdugo,NYY,3,T3-Longshot,9863042,Sonny Gray,0,45.5,60.0,33.1,v1,51.7,11.6,50.0,,4,,,default,0,314,2026-07-13 15:47:27,offline_simulation,0,,
107830,2026-07-13,45676,Joc Pederson,TEX,2,T2-Mid,2607865,Framber Valdez,0,45.4,70.0,16.9,v1,30.0,18.2,46.1,,4,,,default,0,315,2026-07-13 15:47:27,offline_simulation,0,,
107831,2026-07-13,320545,Andres Gimenez,CLE,3,T3-Longshot,9863042,Sonny Gray,0,45.4,60.0,33.1,v1,51.7,10.7,50.0,,2,,,default,0,316,2026-07-13 15:47:27,offline_simulation,0,,
107832,2026-07-13,440013,Adam Frazier,KC,3,T3-Longshot,7739443,Yoshinobu Yamamoto,0,45.3,60.0,25.8,v1,75.0,18.7,50.0,,5,,,default,0,317,2026-07-13 15:47:27,offline_simulation,0,,
107833,2026-07-13,642411,Paul Goldschmidt,NYY,3,T3-Longshot,3284593,Nestor Cortes,0,45.2,60.0,33.1,v1,50.0,15.1,41.6,,2,,,default,0,318,2026-07-13 15:47:27,offline_simulation,0,,
107834,2026-07-13,995812,Chas McCormick,HOU,3,T3-Longshot,9737912,Lance Lynn,0,45.2,60.0,30.8,v1,58.3,10.0,53.5,,3,,,default,0,319,2026-07-13 15:47:27,offline_simulation,0,,
107835,2026-07-13,561169,Nick Ahmed,MIN,3,T3-Longshot,9737912,Lance Lynn,0,45.2,60.0,29.2,v1,58.3,13.6,53.5,,4,,,default,0,320,2026-07-13 15:47:27,offline_simulation,0,,
107836,2026-07-13,215342,Yoan Moncada,CLE,3,T3-Longshot,1710474,Corbin Burnes,0,45.1,60.0,25.8,v1,55.0,28.1,43.8,,5,,,default,0,321,2026-07-13 15:47:27,offline_simulation,0,,
107837,2026-07-13,814291,Gavin Lux,LAD,3,T3-Longshot,9527828,JP Sears,0,45.1,60.0,29.8,v1,75.0,10.1,46.9,,1,,,default,0,322,2026-07-13 15:47:27,offline_simulation,0,,
107838,2026-07-13,418526,Joey Meneses,WSH,3,T3-Longshot,9737912,Lance Lynn,0,45.1,60.0,29.2,v1,58.3,12.3,53.5,,2,,,default,0,323,2026-07-13 15:47:27,offline_simulation,0,,
107839,2026-07-13,601577,Whit Merrifield,ATL,3,T3-Longshot,9442996,Nestor Cortes,0,44.9,60.0,28.3,v1,61.7,11.8,53.1,,4,,,default,0,324,2026-07-13 15:47:27,offline_simulation,0,,
107840,2026-07-13,499251,Brandon Marsh,PHI,3,T3-Longshot,1710474,Gerrit Cole,0,44.7,60.0,30.5,v1,58.3,12.7,44.3,,1,,,default,0,325,2026-07-13 15:47:27,offline_simulation,0,,
107841,2026-07-13,304725,Nick Castellanos,PHI,3,T3-Longshot,9527828,Michael Wacha,0,44.7,60.0,27.7,v1,50.0,11.9,58.4,,4,,,default,0,326,2026-07-13 15:47:27,offline_simulation,0,,
107842,2026-07-13,510651,Keibert Ruiz,WSH,3,T3-Longshot,9442996,Nestor Cortes,0,44.7,60.0,29.9,v1,58.3,8.6,51.8,,3,,,default,0,327,2026-07-13 15:47:27,offline_simulation,0,,
107843,2026-07-13,501506,Thairo Estrada,SF,3,T3-Longshot,7739443,Lance Lynn,0,44.6,60.0,32.4,v1,66.7,1.0,50.0,,2,,,default,0,328,2026-07-13 15:47:27,offline_simulation,0,,
107844,2026-07-13,957447,Riley Greene,DET,2,T2-Mid,2607865,Framber Valdez,0,44.5,70.0,21.6,v1,30.0,0.0,46.1,,1,,,default,0,329,2026-07-13 15:47:27,offline_simulation,0,,
107845,2026-07-13,215342,Yoan Moncada,CLE,3,T3-Longshot,7739443,Yoshinobu Yamamoto,0,44.4,60.0,25.8,v1,70.8,12.8,50.0,,2,,,default,0,330,2026-07-13 15:47:27,offline_simulation,0,,
107846,2026-07-13,418526,Joey Meneses,WSH,3,T3-Longshot,7739443,Lance Lynn,0,44.4,60.0,29.2,v1,66.7,6.3,50.0,,3,,,default,0,331,2026-07-13 15:47:27,offline_simulation,0,,
107847,2026-07-13,215342,Yoan Moncada,CLE,3,T3-Longshot,1525045,Chris Sale,0,44.4,60.0,34.1,v1,51.7,0.0,50.5,,1,,,default,0,332,2026-07-13 15:47:27,offline_simulation,0,,
107848,2026-07-13,635655,Jake McCarthy,ARI,3,T3-Longshot,6545244,Zack Wheeler,0,44.4,60.0,23.1,v1,50.0,23.9,53.3,,1,,,default,0,333,2026-07-13 15:47:27,offline_simulation,0,,
107849,2026-07-13,896986,Jon Berti,MIA,3,T3-Longshot,9737912,Joe Ryan,0,44.4,60.0,29.8,v1,58.3,5.5,53.5,,4,,,default,0,334,2026-07-13 15:47:27,offline_simulation,0,,
107850,2026-07-13,75597,Willi Castro,MIN,3,T3-Longshot,3284593,Nestor Cortes,0,44.3,60.0,31.5,v1,55.0,8.2,43.6,,2,,,default,0,335,2026-07-13 15:47:27,offline_simulation,0,,
107851,2026-07-13,60593,Harrison Bader,SF,3,T3-Longshot,3284593,Nestor Cortes,0,44.3,60.0,26.7,v1,50.0,22.2,41.6,,4,,,default,0,336,2026-07-13 15:47:27,offline_simulation,0,,
107852,2026-07-13,215342,Yoan Moncada,CLE,3,T3-Longshot,2871902,Sonny Gray,0,44.1,60.0,29.9,v1,38.3,11.6,50.0,,1,,,default,0,337,2026-07-13 15:47:27,offline_simulation,0,,
107853,2026-07-13,635655,Jake McCarthy,ARI,3,T3-Longshot,1710474,Gerrit Cole,0,44.0,60.0,25.1,v1,58.3,19.3,44.3,,4,,,default,0,338,2026-07-13 15:47:27,offline_simulation,0,,
107854,2026-07-13,430476,Jose Iglesias,NYM,3,T3-Longshot,7591344,Tarik Skubal,0,44.0,60.0,30.0,v1,50.0,1.9,56.6,,4,,,default,0,339,2026-07-13 15:47:27,offline_simulation,0,,
107855,2026-07-13,508863,Luis Rengifo,LAA,3,T3-Longshot,9863042,Spencer Strider,0,43.9,60.0,29.4,v1,56.7,4.9,50.0,,2,,,default,0,340,2026-07-13 15:47:27,offline_simulation,0,,
107856,2026-07-13,986306,Brandon Lowe,TB,3,T3-Longshot,9863042,Sonny Gray,0,43.9,60.0,28.3,v1,51.7,9.5,50.0,,2,,,default,0,341,2026-07-13 15:47:27,offline_simulation,0,,
107857,2026-07-13,986306,Brandon Lowe,TB,3,T3-Longshot,2871902,Sonny Gray,0,43.8,60.0,28.3,v1,33.3,14.2,50.0,,3,,,default,0,342,2026-07-13 15:47:27,offline_simulation,0,,
107858,2026-07-13,440013,Adam Frazier,KC,3,T3-Longshot,7591344,Yoshinobu Yamamoto,0,43.7,60.0,25.8,v1,50.0,10.9,54.9,,1,,,default,0,343,2026-07-13 15:47:27,offline_simulation,0,,
107859,2026-07-13,510651,Keibert Ruiz,WSH,3,T3-Longshot,7739443,Yoshinobu Yamamoto,0,43.5,60.0,25.8,v1,70.8,5.4,50.0,,1,,,default,0,344,2026-07-13 15:47:27,offline_simulation,0,,
107860,2026-07-13,298710,Jake Bauers,MIL,3,T3-Longshot,9442996,Yoshinobu Yamamoto,0,43.3,60.0,24.2,v1,55.0,12.5,50.6,,2,,,default,0,345,2026-07-13 15:47:27,offline_simulation,0,,
107861,2026-07-13,921667,Nolan Jones,COL,3,T3-Longshot,6399605,Marcus Stroman,0,43.2,60.0,26.3,v1,31.7,14.7,50.0,,2,,,default,0,346,2026-07-13 15:47:27,offline_simulation,0,,
107862,2026-07-13,298710,Jake Bauers,MIL,3,T3-Longshot,3284593,Gerrit Cole,0,43.2,60.0,24.2,v1,60.0,13.5,45.5,,1,,,default,0,347,2026-07-13 15:47:27,offline_simulation,0,,
107863,2026-07-13,510651,Keibert Ruiz,WSH,3,T3-Longshot,1710474,Gerrit Cole,0,43.1,60.0,25.8,v1,55.0,11.1,43.8,,4,,,default,0,348,2026-07-13 15:47:27,offline_simulation,0,,
107864,2026-07-13,440013,Adam Frazier,KC,3,T3-Longshot,6545244,Zack Wheeler,0,43.1,60.0,23.7,v1,50.0,12.0,53.3,,3,,,default,0,349,2026-07-13 15:47:27,offline_simulation,0,,
107865,2026-07-13,891089,Manuel Margot,MIN,3,T3-Longshot,9527828,Michael Wacha,0,43.1,60.0,23.0,v1,50.0,9.7,58.4,,4,,,default,0,350,2026-07-13 15:47:27,offline_simulation,0,,
107866,2026-07-13,230169,Gio Urshela,ATL,3,T3-Longshot,9442996,Yoshinobu Yamamoto,0,43.1,60.0,15.8,v1,61.7,26.4,53.1,,4,,,default,0,351,2026-07-13 15:47:27,offline_simulation,0,,
107867,2026-07-13,561169,Nick Ahmed,MIN,3,T3-Longshot,7591344,Tarik Skubal,0,43.0,60.0,20.5,v1,50.0,16.1,56.6,,5,,,default,0,352,2026-07-13 15:47:27,offline_simulation,0,,
107868,2026-07-13,814291,Gavin Lux,LAD,3,T3-Longshot,2871902,Shane McClanahan,0,43.0,60.0,19.4,v1,33.3,28.8,50.0,,1,,,default,0,353,2026-07-13 15:47:27,offline_simulation,0,,
107869,2026-07-13,320545,Andres Gimenez,CLE,3,T3-Longshot,6545244,Zack Wheeler,0,42.9,60.0,26.9,v1,50.0,2.9,53.3,,4,,,default,0,354,2026-07-13 15:47:27,offline_simulation,0,,
107870,2026-07-13,988327,Jonathan India,CIN,3,T3-Longshot,6399605,Bailey Ober,0,42.9,60.0,29.3,v1,35.0,4.4,50.0,,1,,,default,0,355,2026-07-13 15:47:27,offline_simulation,0,,
107871,2026-07-13,635726,Dylan Carlson,STL,3,T3-Longshot,6399605,Marcus Stroman,0,42.9,60.0,27.2,v1,33.3,9.8,50.0,,5,,,default,0,356,2026-07-13 15:47:27,offline_simulation,0,,
107872,2026-07-13,508863,Luis Rengifo,LAA,3,T3-Longshot,6399605,Marcus Stroman,0,42.8,60.0,29.4,v1,33.3,3.9,50.0,,5,,,default,0,357,2026-07-13 15:47:27,offline_simulation,0,,
107873,2026-07-13,430476,Jose Iglesias,NYM,3,T3-Longshot,1710474,Corbin Burnes,0,42.6,60.0,22.1,v1,51.7,17.5,43.4,,2,,,default,0,358,2026-07-13 15:47:27,offline_simulation,0,,
107874,2026-07-13,320545,Andres Gimenez,CLE,3,T3-Longshot,3284593,Nestor Cortes,0,42.6,60.0,23.1,v1,60.0,11.0,45.5,,4,,,default,0,359,2026-07-13 15:47:27,offline_simulation,0,,
107875,2026-07-13,921667,Nolan Jones,COL,3,T3-Longshot,9442996,Yoshinobu Yamamoto,0,42.6,60.0,24.2,v1,55.0,6.2,50.6,,1,,,default,0,360,2026-07-13 15:47:27,offline_simulation,0,,
107876,2026-07-13,995812,Chas McCormick,HOU,3,T3-Longshot,9442996,Yoshinobu Yamamoto,0,42.6,60.0,14.2,v1,61.7,25.8,53.1,,5,,,default,0,361,2026-07-13 15:47:27,offline_simulation,0,,
107877,2026-07-13,565635,Luis Garcia Jr.,WSH,3,T3-Longshot,1525045,Chris Sale,0,42.5,60.0,22.5,v1,51.7,11.2,50.5,,5,,,default,0,362,2026-07-13 15:47:27,offline_simulation,0,,
107878,2026-07-13,501506,Thairo Estrada,SF,3,T3-Longshot,7591344,Tarik Skubal,0,42.5,60.0,23.7,v1,50.0,4.8,56.6,,1,,,default,0,363,2026-07-13 15:47:27,offline_simulation,0,,
107879,2026-07-13,871613,Tommy Pham,STL,3,T3-Longshot,9527828,Michael Wacha,0,42.3,60.0,23.0,v1,50.0,3.6,58.4,,2,,,default,0,364,2026-07-13 15:47:27,offline_simulation,0,,
107880,2026-07-13,906461,Brendan Rodgers,COL,3,T3-Longshot,7591344,Tarik Skubal,0,42.3,60.0,22.1,v1,50.0,6.2,56.6,,3,,,default,0,365,2026-07-13 15:47:27,offline_simulation,0,,
107881,2026-07-13,419718,Alex Verdugo,NYY,3,T3-Longshot,9442996,Nestor Cortes,0,42.3,60.0,23.1,v1,55.0,6.5,50.6,,1,,,default,0,366,2026-07-13 15:47:27,offline_simulation,0,,
107882,2026-07-13,891089,Manuel Margot,MIN,3,T3-Longshot,2871902,Shane McClanahan,0,42.0,60.0,24.7,v1,43.3,4.7,50.0,,2,,,default,0,367,2026-07-13 15:47:27,offline_simulation,0,,
107883,2026-07-13,113428,Enrique Hernandez,LAD,3,T3-Longshot,2871902,Shane McClanahan,0,41.9,60.0,26.3,v1,43.3,0.0,50.0,,4,,,default,0,368,2026-07-13 15:47:27,offline_simulation,0,,
107884,2026-07-13,67783,Spencer Steer,CIN,3,T3-Longshot,7739443,Yoshinobu Yamamoto,0,41.8,60.0,17.4,v1,66.7,12.0,50.0,,4,,,default,0,369,2026-07-13 15:47:27,offline_simulation,0,,
107885,2026-07-13,919,Jake Cronenworth,SD,3,T3-Longshot,3284593,Nestor Cortes,0,41.8,60.0,24.7,v1,60.0,0.6,45.5,,5,,,default,0,370,2026-07-13 15:47:27,offline_simulation,0,,
107886,2026-07-13,867168,Garrett Cooper,WSH,3,T3-Longshot,2871902,Sonny Gray,0,41.7,60.0,19.9,v1,43.3,12.9,50.0,,2,,,default,0,371,2026-07-13 15:47:27,offline_simulation,0,,
107887,2026-07-13,113428,Enrique Hernandez,LAD,3,T3-Longshot,9863042,Spencer Strider,0,41.7,60.0,16.3,v1,61.7,15.4,50.0,,2,,,default,0,372,2026-07-13 15:47:27,offline_simulation,0,,
107888,2026-07-13,211191,Patrick Wisdom,CLE,3,T3-Longshot,6545244,Zack Wheeler,0,41.4,60.0,10.5,v1,80.0,17.9,53.6,,5,,,default,0,373,2026-07-13 15:47:27,offline_simulation,0,,
107889,2026-07-13,60593,Harrison Bader,SF,3,T3-Longshot,9863042,Sonny Gray,0,41.4,60.0,16.7,v1,61.7,12.3,50.0,,3,,,default,0,374,2026-07-13 15:47:27,offline_simulation,0,,
107890,2026-07-13,986306,Brandon Lowe,TB,3,T3-Longshot,1525045,Chris Sale,0,41.2,60.0,22.5,v1,51.7,0.0,50.5,,5,,,default,0,375,2026-07-13 15:47:27,offline_simulation,0,,
107891,2026-07-13,995812,Chas McCormick,HOU,3,T3-Longshot,1710474,Gerrit Cole,0,41.1,60.0,14.2,v1,51.7,23.6,43.4,,1,,,default,0,376,2026-07-13 15:47:27,offline_simulation,0,,
107892,2026-07-13,60593,Harrison Bader,SF,3,T3-Longshot,6399605,Bailey Ober,0,41.1,60.0,23.0,v1,35.0,4.1,50.0,,4,,,default,0,377,2026-07-13 15:47:27,offline_simulation,0,,
107893,2026-07-13,973959,Justin Turner,SEA,3,T3-Longshot,9863042,Spencer Strider,0,41.0,60.0,19.4,v1,61.7,2.8,50.0,,2,,,default,0,378,2026-07-13 15:47:27,offline_simulation,0,,
107894,2026-07-13,397355,Isiah Kiner-Falefa,PIT,3,T3-Longshot,2871902,Sonny Gray,0,40.9,60.0,18.3,v1,43.3,9.9,50.0,,3,,,default,0,379,2026-07-13 15:47:27,offline_simulation,0,,
107895,2026-07-13,635953,Kevin Newman,ARI,3,T3-Longshot,9863042,Sonny Gray,0,40.9,60.0,16.7,v1,61.7,7.7,50.0,,6,,,default,0,380,2026-07-13 15:47:27,offline_simulation,0,,
107896,2026-07-13,113428,Enrique Hernandez,LAD,3,T3-Longshot,7591344,Yoshinobu Yamamoto,0,40.8,60.0,14.2,v1,50.0,12.7,56.6,,1,,,default,0,381,2026-07-13 15:47:27,offline_simulation,0,,
107897,2026-07-13,57852,Zach Neto,LAA,3,T3-Longshot,3284593,Gerrit Cole,0,40.6,60.0,15.8,v1,50.0,16.9,41.6,,6,,,default,0,382,2026-07-13 15:47:27,offline_simulation,0,,
107898,2026-07-13,419718,Alex Verdugo,NYY,3,T3-Longshot,2871902,Shane McClanahan,0,40.5,60.0,21.0,v1,33.3,4.3,50.0,,4,,,default,0,383,2026-07-13 15:47:27,offline_simulation,0,,
107899,2026-07-13,906461,Brendan Rodgers,COL,3,T3-Longshot,1710474,Corbin Burnes,0,40.4,60.0,14.2,v1,51.7,17.7,43.4,,3,,,default,0,384,2026-07-13 15:47:27,offline_simulation,0,,
107900,2026-07-13,891089,Manuel Margot,MIN,3,T3-Longshot,9863042,Spencer Strider,0,40.4,60.0,14.7,v1,61.7,8.7,50.0,,5,,,default,0,385,2026-07-13 15:47:27,offline_simulation,0,,
107901,2026-07-13,995812,Chas McCormick,HOU,3,T3-Longshot,7591344,Yoshinobu Yamamoto,0,40.0,60.0,14.2,v1,50.0,6.0,56.6,,3,,,default,0,386,2026-07-13 15:47:27,offline_simulation,0,,
107902,2026-07-13,57852,Zach Neto,LAA,3,T3-Longshot,6399605,Marcus Stroman,0,40.0,60.0,17.8,v1,35.0,7.1,50.0,,2,,,default,0,387,2026-07-13 15:47:27,offline_simulation,0,,
107903,2026-07-13,635953,Kevin Newman,ARI,3,T3-Longshot,6545244,Zack Wheeler,0,39.7,60.0,10.5,v1,80.0,4.0,53.6,,2,,,default,0,388,2026-07-13 15:47:27,offline_simulation,0,,
107904,2026-07-13,397355,Isiah Kiner-Falefa,PIT,3,T3-Longshot,7591344,Yoshinobu Yamamoto,0,39.7,60.0,14.2,v1,50.0,3.0,56.6,,6,,,default,0,389,2026-07-13 15:47:27,offline_simulation,0,,
107905,2026-07-13,440013,Adam Frazier,KC,3,T3-Longshot,2871902,Shane McClanahan,0,39.7,60.0,17.8,v1,33.3,4.9,50.0,,2,,,default,0,390,2026-07-13 15:47:27,offline_simulation,0,,
107906,2026-07-13,995812,Chas McCormick,HOU,3,T3-Longshot,3284593,Gerrit Cole,0,39.7,60.0,14.2,v1,50.0,13.5,41.6,,5,,,default,0,391,2026-07-13 15:47:27,offline_simulation,0,,
107907,2026-07-13,601577,Whit Merrifield,ATL,3,T3-Longshot,3284593,Gerrit Cole,0,39.6,60.0,14.2,v1,50.0,12.8,41.6,,3,,,default,0,392,2026-07-13 15:47:27,offline_simulation,0,,
107908,2026-07-13,230169,Gio Urshela,ATL,3,T3-Longshot,1710474,Corbin Burnes,0,39.5,60.0,15.8,v1,51.7,6.6,43.4,,3,,,default,0,393,2026-07-13 15:47:27,offline_simulation,0,,
107909,2026-07-13,635655,Jake McCarthy,ARI,3,T3-Longshot,7591344,Tarik Skubal,0,39.5,60.0,13.1,v1,50.0,5.1,54.9,,3,,,default,0,394,2026-07-13 15:47:27,offline_simulation,0,,
107910,2026-07-13,871613,Tommy Pham,STL,3,T3-Longshot,9442996,Yoshinobu Yamamoto,0,39.2,60.0,12.6,v1,61.7,1.2,53.1,,4,,,default,0,395,2026-07-13 15:47:27,offline_simulation,0,,
107911,2026-07-13,60593,Harrison Bader,SF,3,T3-Longshot,7591344,Yoshinobu Yamamoto,0,39.1,60.0,12.6,v1,50.0,2.2,56.6,,3,,,default,0,396,2026-07-13 15:47:27,offline_simulation,0,,
107912,2026-07-13,113428,Enrique Hernandez,LAD,3,T3-Longshot,6399605,Marcus Stroman,0,38.8,60.0,16.3,v1,35.0,0.0,50.0,,4,,,default,0,397,2026-07-13 15:47:27,offline_simulation,0,,
107913,2026-07-13,113428,Enrique Hernandez,LAD,3,T3-Longshot,1710474,Corbin Burnes,0,38.7,60.0,14.2,v1,51.7,3.5,43.4,,4,,,default,0,398,2026-07-13 15:47:27,offline_simulation,0,,
107914,2026-07-13,635953,Kevin Newman,ARI,3,T3-Longshot,3284593,Gerrit Cole,0,38.5,60.0,12.6,v1,50.0,7.4,41.6,,3,,,default,0,399,2026-07-13 15:47:27,offline_simulation,0,,
107915,2026-07-13,891089,Manuel Margot,MIN,3,T3-Longshot,1710474,Gerrit Cole,0,37.9,60.0,12.6,v1,51.7,0.1,43.4,,5,,,default,0,400,2026-07-13 15:47:27,offline_simulation,0,,
107916,2026-07-14,670541,Yordan Alvarez,American League All-Stars,4,T4-Untiered,823443,Cristopher Sánchez,0,89.6,93.0,97.5,v1,46.7,94.2,55.7,,2,,,default,1,1,2026-07-14 15:01:00,live,0,,
107917,2026-07-14,700250,Ben Rice,American League All-Stars,4,T4-Untiered,823443,Cristopher Sánchez,0,88.7,90.6,97.5,v1,46.7,100.0,55.7,,7,,,default,1,2,2026-07-14 15:01:00,live,0,,
107918,2026-07-14,691406,Junior Caminero,American League All-Stars,4,T4-Untiered,823443,Cristopher Sánchez,0,86.4,87.8,97.5,v1,46.7,90.0,55.7,,4,,,default,0,3,2026-07-14 15:01:00,live,0,,
107919,2026-07-14,545361,Mike Trout,American League All-Stars,4,T4-Untiered,823443,Cristopher Sánchez,0,78.5,82.0,97.5,v1,46.7,58.0,55.7,,1,,,default,0,4,2026-07-14 15:01:00,live,0,,
107920,2026-07-14,665742,Juan Soto,National League All-Stars,4,T4-Untiered,823443,Dylan Cease,0,76.7,90.8,62.5,v1,46.7,90.0,55.7,,2,,,default,0,5,2026-07-14 15:01:00,live,0,,
107921,2026-07-14,918567,Aaron Judge,NYY,1,T1-Chalk,6599590,Joe Ryan,0,76.1,96.0,55.2,v1,46.7,74.2,47.3,,1,,,default,1,6,2026-07-14 15:01:00,live,0,,
107922,2026-07-14,918567,Aaron Judge,NYY,1,T1-Chalk,3671252,Lance Lynn,0,75.9,96.0,59.3,v1,35.0,65.2,50.0,,1,,,default,0,7,2026-07-14 15:01:00,live,0,,
107923,2026-07-14,196865,Kyle Schwarber,PHI,1,T1-Chalk,8446907,Jordan Lyles,0,75.1,90.5,64.1,v1,75.0,55.6,50.0,,5,,,default,1,8,2026-07-14 15:01:00,live,0,,
107924,2026-07-14,918567,Aaron Judge,NYY,1,T1-Chalk,8164959,Tyler Glasnow,0,74.4,96.0,46.9,v1,53.3,77.8,46.3,,5,,,default,0,9,2026-07-14 15:01:00,live,0,,
107925,2026-07-14,918567,Aaron Judge,NYY,1,T1-Chalk,8446907,Max Fried,0,74.3,96.0,48.6,v1,66.7,66.3,50.0,,5,,,default,0,10,2026-07-14 15:01:00,live,0,,
107926,2026-07-14,551888,Shohei Ohtani,LAD,1,T1-Chalk,2525505,Joe Ryan,0,74.0,92.3,60.4,v1,51.7,63.6,39.3,,1,,,default,1,11,2026-07-14 15:01:00,live,0,,
107927,2026-07-14,196865,Kyle Schwarber,PHI,1,T1-Chalk,2566690,Patrick Corbin,0,73.8,90.5,56.2,v1,56.7,66.5,54.5,,5,,,default,0,12,2026-07-14 15:01:00,live,0,,
107928,2026-07-14,682985,Riley Greene,American League All-Stars,4,T4-Untiered,823443,Cristopher Sánchez,0,73.8,70.0,97.5,v1,46.7,55.2,55.7,,8,,,default,0,13,2026-07-14 15:01:00,live,0,,
107929,2026-07-14,656941,Kyle Schwarber,National League All-Stars,4,T4-Untiered,823443,Dylan Cease,0,73.0,89.0,62.5,v1,46.7,55.8,55.7,,1,,,default,0,14,2026-07-14 15:01:00,live,0,,
107930,2026-07-14,942710,Pete Alonso,NYM,1,T1-Chalk,9637476,Patrick Corbin,0,72.3,89.5,64.0,v1,61.7,43.3,47.3,,4,,,default,1,15,2026-07-14 15:01:00,live,0,,
107931,2026-07-14,722954,Gunnar Henderson,BAL,1,T1-Chalk,2566690,Patrick Corbin,0,72.1,86.7,61.7,v1,63.3,51.5,55.9,,6,,,default,1,16,2026-07-14 15:01:00,live,0,,
107932,2026-07-14,669127,Shea Langeliers,American League All-Stars,4,T4-Untiered,823443,Cristopher Sánchez,0,71.9,79.8,86.5,v1,46.7,32.0,55.7,,3,,,default,0,17,2026-07-14 15:01:00,live,0,,
107933,2026-07-14,551888,Shohei Ohtani,LAD,1,T1-Chalk,2477419,Patrick Corbin,0,70.9,92.3,58.7,v1,25.0,43.2,50.3,,1,,,default,0,18,2026-07-14 15:01:00,live,0,,
107934,2026-07-14,31394,Jose Altuve,HOU,1,T1-Chalk,1924202,Patrick Corbin,0,70.9,85.0,63.0,v1,50.0,57.6,44.3,,2,,,default,1,19,2026-07-14 15:01:00,live,0,,
107935,2026-07-14,209933,Francisco Lindor,NYM,1,T1-Chalk,1924202,Patrick Corbin,0,70.6,85.0,64.0,v1,55.0,51.2,44.9,,1,,,default,0,20,2026-07-14 15:01:00,live,0,,
107936,2026-07-14,631154,Marcell Ozuna,ATL,1,T1-Chalk,9637476,Patrick Corbin,0,70.3,85.0,59.8,v1,61.7,54.3,47.3,,5,,,default,0,21,2026-07-14 15:01:00,live,0,,
107937,2026-07-14,905315,Juan Soto,NYM,1,T1-Chalk,2525505,Joe Ryan,0,70.1,85.0,63.6,v1,51.7,52.6,39.3,,4,,,default,0,22,2026-07-14 15:01:00,live,0,,
107938,2026-07-14,714343,Rafael Devers,SF,1,T1-Chalk,6599590,Joe Ryan,0,69.8,85.0,59.8,v1,53.7,52.3,47.3,,5,,,default,0,23,2026-07-14 15:01:00,live,0,,
107939,2026-07-14,654347,Yordan Alvarez,HOU,1,T1-Chalk,9491751,JP Sears,0,69.8,85.0,52.0,v1,48.3,72.8,47.2,,3,,,default,0,24,2026-07-14 15:01:00,live,0,,
107940,2026-07-14,714343,Rafael Devers,SF,1,T1-Chalk,1924202,Patrick Corbin,0,69.8,85.0,58.1,v1,60.0,55.7,45.5,,4,,,default,0,25,2026-07-14 15:01:00,live,0,,
107941,2026-07-14,196865,Kyle Schwarber,PHI,1,T1-Chalk,3671252,Chris Sale,0,69.3,90.5,43.7,v1,31.7,69.8,50.0,,6,,,default,0,26,2026-07-14 15:01:00,live,0,,
107942,2026-07-14,722954,Gunnar Henderson,BAL,1,T1-Chalk,9491751,Bailey Ober,0,68.8,86.7,51.4,v1,48.3,58.4,47.7,,1,,,default,0,27,2026-07-14 15:01:00,live,0,,
107943,2026-07-14,604034,Marcus Semien,TEX,1,T1-Chalk,2477419,Patrick Corbin,0,68.7,85.0,59.2,v1,35.0,49.0,49.9,,4,,,default,0,28,2026-07-14 15:01:00,live,0,,
107944,2026-07-14,942710,Pete Alonso,NYM,1,T1-Chalk,9959932,Kyle Hendricks,0,68.6,89.5,47.7,v1,53.3,47.9,54.3,,4,,,default,0,29,2026-07-14 15:01:00,live,0,,
107945,2026-07-14,918567,Aaron Judge,NYY,1,T1-Chalk,9959932,Yoshinobu Yamamoto,0,68.5,96.0,42.8,v1,53.3,32.8,54.3,,5,,,default,0,30,2026-07-14 15:01:00,live,0,,
107946,2026-07-14,677951,Bobby Witt Jr.,American League All-Stars,4,T4-Untiered,823443,Cristopher Sánchez,0,68.5,70.0,93.7,v1,46.7,22.5,55.7,,5,,,default,0,31,2026-07-14 15:01:00,live,0,,
107947,2026-07-14,383867,Bobby Witt Jr.,KC,1,T1-Chalk,2566690,Patrick Corbin,0,68.2,85.0,64.9,v1,70.0,15.3,57.3,,2,,,default,0,32,2026-07-14 15:01:00,live,0,,
107948,2026-07-14,682928,CJ Abrams,National League All-Stars,4,T4-Untiered,823443,Dylan Cease,0,68.2,78.0,62.5,v1,46.7,59.2,55.7,,4,,,default,0,33,2026-07-14 15:01:00,live,0,,
107949,2026-07-14,722954,Gunnar Henderson,BAL,1,T1-Chalk,8164959,Tyler Glasnow,0,68.1,86.7,45.2,v1,53.3,66.4,46.9,,2,,,default,0,34,2026-07-14 15:01:00,live,0,,
107950,2026-07-14,90677,Freddie Freeman,LAD,1,T1-Chalk,1924202,Patrick Corbin,0,68.1,85.0,57.1,v1,60.0,43.8,45.5,,1,,,default,0,35,2026-07-14 15:01:00,live,0,,
107951,2026-07-14,524202,Corey Seager,TEX,1,T1-Chalk,9637476,Patrick Corbin,0,68.0,85.0,53.0,v1,55.0,54.2,45.3,,3,,,default,0,36,2026-07-14 15:01:00,live,0,,
107952,2026-07-14,551888,Shohei Ohtani,LAD,1,T1-Chalk,5230621,Zack Wheeler,0,68.0,92.3,45.9,v1,33.3,49.8,45.0,,4,,,default,0,37,2026-07-14 15:01:00,live,0,,
107953,2026-07-14,942710,Pete Alonso,NYM,1,T1-Chalk,8446907,Max Fried,0,67.9,89.5,39.1,v1,66.7,60.9,50.0,,4,,,default,0,38,2026-07-14 15:01:00,live,0,,
107954,2026-07-14,343464,Bryce Harper,PHI,1,T1-Chalk,1934773,Spencer Strider,0,67.4,85.0,46.9,v1,100.0,46.0,49.5,,2,,,default,0,39,2026-07-14 15:01:00,live,0,,
107955,2026-07-14,566597,Adolis Garcia,TEX,1,T1-Chalk,9637476,Patrick Corbin,0,67.3,85.0,60.5,v1,61.7,28.0,47.3,,1,,,default,0,40,2026-07-14 15:01:00,live,0,,
107956,2026-07-14,942710,Pete Alonso,NYM,1,T1-Chalk,3116015,Luis Castillo,0,67.2,89.5,39.4,v1,63.3,55.9,50.0,,1,,,default,0,41,2026-07-14 15:01:00,live,0,,
107957,2026-07-14,391807,Cody Bellinger,NYY,1,T1-Chalk,3116015,Mitch Keller,0,67.2,85.0,46.3,v1,53.3,61.0,50.0,,4,,,default,0,42,2026-07-14 15:01:00,live,0,,
107958,2026-07-14,249109,George Springer,TOR,1,T1-Chalk,2566690,Patrick Corbin,0,67.2,85.0,57.6,v1,70.0,23.8,57.3,,3,,,default,0,43,2026-07-14 15:01:00,live,0,,
107959,2026-07-14,343464,Bryce Harper,PHI,1,T1-Chalk,7312377,Kevin Gausman,0,67.1,85.0,51.0,v1,58.3,47.9,49.0,,2,,,default,0,44,2026-07-14 15:01:00,live,0,,
107960,2026-07-14,31394,Jose Altuve,HOU,1,T1-Chalk,2566690,Kevin Gausman,0,67.0,85.0,38.5,v1,70.0,67.3,57.3,,3,,,default,0,45,2026-07-14 15:01:00,live,0,,
107961,2026-07-14,262772,Jazz Chisholm Jr.,NYY,1,T1-Chalk,8164959,Jordan Lyles,0,66.9,85.0,56.5,v1,53.3,36.2,47.4,,4,,,default,0,46,2026-07-14 15:01:00,live,0,,
107962,2026-07-14,524202,Corey Seager,TEX,1,T1-Chalk,2525505,Joe Ryan,0,66.5,85.0,54.7,v1,51.7,43.3,39.3,,4,,,default,0,47,2026-07-14 15:01:00,live,0,,
107963,2026-07-14,846068,Manny Machado,SD,1,T1-Chalk,9637476,Patrick Corbin,0,66.5,85.0,59.2,v1,61.7,24.2,47.3,,5,,,default,0,48,2026-07-14 15:01:00,live,0,,
107964,2026-07-14,281927,Mookie Betts,LAD,1,T1-Chalk,9491751,Bailey Ober,0,66.1,85.0,48.4,v1,48.3,49.7,48.3,,3,,,default,0,49,2026-07-14 15:01:00,live,0,,
107965,2026-07-14,566597,Adolis Garcia,TEX,1,T1-Chalk,9959932,Kyle Hendricks,0,65.4,85.0,44.3,v1,53.3,48.1,54.3,,4,,,default,0,50,2026-07-14 15:01:00,live,0,,
107966,2026-07-14,352264,Matt Olson,ATL,1,T1-Chalk,3116015,Luis Castillo,0,65.3,85.0,47.2,v1,53.3,43.3,50.0,,5,,,default,0,51,2026-07-14 15:01:00,live,0,,
107967,2026-07-14,262772,Jazz Chisholm Jr.,NYY,1,T1-Chalk,3116015,Mitch Keller,0,65.3,85.0,44.1,v1,53.3,50.0,50.0,,5,,,default,0,52,2026-07-14 15:01:00,live,0,,
107968,2026-07-14,151967,Salvador Perez,KC,1,T1-Chalk,1924202,Patrick Corbin,0,65.3,85.0,52.9,v1,50.0,34.5,44.3,,5,,,default,0,53,2026-07-14 15:01:00,live,0,,
107969,2026-07-14,942710,Pete Alonso,NYM,1,T1-Chalk,6599590,Max Fried,0,65.2,89.5,39.1,v1,46.7,46.9,47.3,,4,,,default,0,54,2026-07-14 15:01:00,live,0,,
107970,2026-07-14,281927,Mookie Betts,LAD,1,T1-Chalk,1934773,Yoshinobu Yamamoto,0,65.2,85.0,38.0,v1,96.7,41.4,61.7,,6,,,default,0,55,2026-07-14 15:01:00,live,0,,
107971,2026-07-14,31394,Jose Altuve,HOU,1,T1-Chalk,3116015,Mitch Keller,0,65.2,85.0,38.5,v1,63.3,59.0,50.0,,2,,,default,0,56,2026-07-14 15:01:00,live,0,,
107972,2026-07-14,31394,Jose Altuve,HOU,1,T1-Chalk,7312377,Kevin Gausman,0,65.1,85.0,38.5,v1,51.7,63.8,47.6,,1,,,default,0,57,2026-07-14 15:01:00,live,0,,
107973,2026-07-14,714343,Rafael Devers,SF,1,T1-Chalk,2525505,Marcus Stroman,0,65.0,85.0,49.4,v1,51.7,42.9,39.3,,2,,,default,0,58,2026-07-14 15:01:00,live,0,,
107974,2026-07-14,391807,Cody Bellinger,NYY,1,T1-Chalk,1934773,Yoshinobu Yamamoto,0,65.0,85.0,40.1,v1,100.0,41.8,49.5,,1,,,default,0,59,2026-07-14 15:01:00,live,0,,
107975,2026-07-14,942710,Pete Alonso,NYM,1,T1-Chalk,2525505,Marcus Stroman,0,64.7,89.5,35.3,v1,51.7,50.3,47.1,,4,,,default,0,60,2026-07-14 15:01:00,live,0,,
107976,2026-07-14,593558,Giancarlo Stanton,NYY,1,T1-Chalk,8164959,Jordan Lyles,0,64.7,85.0,47.1,v1,53.3,40.4,46.3,,5,,,default,0,61,2026-07-14 15:01:00,live,0,,
107977,2026-07-14,391807,Cody Bellinger,NYY,1,T1-Chalk,8164959,Tyler Glasnow,0,64.6,85.0,44.2,v1,53.3,45.6,47.4,,4,,,default,0,62,2026-07-14 15:01:00,live,0,,
107978,2026-07-14,566597,Adolis Garcia,TEX,1,T1-Chalk,1934773,Yoshinobu Yamamoto,0,64.5,85.0,29.7,v1,96.7,54.4,61.7,,5,,,default,0,63,2026-07-14 15:01:00,live,0,,
107979,2026-07-14,262772,Jazz Chisholm Jr.,NYY,1,T1-Chalk,2566690,Kevin Gausman,0,64.5,85.0,44.1,v1,56.7,39.7,54.5,,1,,,default,0,64,2026-07-14 15:01:00,live,0,,
107980,2026-07-14,352264,Matt Olson,ATL,1,T1-Chalk,7312377,Zack Wheeler,0,64.4,85.0,38.9,v1,58.3,53.4,49.0,,2,,,default,0,65,2026-07-14 15:01:00,live,0,,
107981,2026-07-14,846068,Manny Machado,SD,1,T1-Chalk,8446907,Jordan Lyles,0,64.3,85.0,47.1,v1,66.7,30.1,50.0,,4,,,default,0,66,2026-07-14 15:01:00,live,0,,
107982,2026-07-14,631154,Marcell Ozuna,ATL,1,T1-Chalk,6599590,Max Fried,0,64.1,85.0,35.0,v1,46.7,65.1,47.3,,4,,,default,0,67,2026-07-14 15:01:00,live,0,,
107983,2026-07-14,262772,Jazz Chisholm Jr.,NYY,1,T1-Chalk,2477419,Patrick Corbin,0,63.8,85.0,48.6,v1,25.0,36.6,50.3,,4,,,default,0,68,2026-07-14 15:01:00,live,0,,
107984,2026-07-14,941482,Matt Chapman,SF,1,T1-Chalk,6599590,Joe Ryan,0,63.6,85.0,41.5,v1,46.7,45.7,47.3,,4,,,default,0,69,2026-07-14 15:01:00,live,0,,
107985,2026-07-14,262772,Jazz Chisholm Jr.,NYY,1,T1-Chalk,1934773,Yoshinobu Yamamoto,0,63.6,85.0,37.8,v1,100.0,35.1,49.5,,3,,,default,0,70,2026-07-14 15:01:00,live,0,,
107986,2026-07-14,916633,Alex Bregman,BOS,1,T1-Chalk,3116015,Mitch Keller,0,63.6,85.0,36.3,v1,63.3,51.0,50.0,,1,,,default,0,71,2026-07-14 15:01:00,live,0,,
107987,2026-07-14,631154,Marcell Ozuna,ATL,1,T1-Chalk,1934773,Yoshinobu Yamamoto,0,63.5,85.0,29.1,v1,96.7,47.7,61.7,,4,,,default,0,72,2026-07-14 15:01:00,live,0,,
107988,2026-07-14,522652,Brent Rooker,OAK,1,T1-Chalk,9491751,JP Sears,0,63.5,85.0,46.1,v1,48.3,32.8,48.3,,1,,,default,0,73,2026-07-14 15:01:00,live,0,,
107989,2026-07-14,916633,Alex Bregman,BOS,1,T1-Chalk,9491751,JP Sears,0,63.4,85.0,52.5,v1,48.3,17.6,48.3,,2,,,default,0,74,2026-07-14 15:01:00,live,0,,
107990,2026-07-14,593558,Giancarlo Stanton,NYY,1,T1-Chalk,3671252,Lance Lynn,0,63.3,85.0,45.1,v1,35.0,37.7,50.0,,2,,,default,0,75,2026-07-14 15:01:00,live,0,,
107991,2026-07-14,196865,Kyle Schwarber,PHI,1,T1-Chalk,2477419,Tarik Skubal,0,63.1,90.5,33.4,v1,25.0,44.4,50.3,,1,,,default,0,76,2026-07-14 15:01:00,live,0,,
107992,2026-07-14,281927,Mookie Betts,LAD,1,T1-Chalk,2566690,Kevin Gausman,0,63.1,85.0,44.2,v1,70.0,20.7,57.3,,2,,,default,0,77,2026-07-14 15:01:00,live,0,,
107993,2026-07-14,249109,George Springer,TOR,1,T1-Chalk,3671252,Lance Lynn,0,63.0,85.0,43.5,v1,35.0,38.5,50.0,,5,,,default,0,78,2026-07-14 15:01:00,live,0,,
107994,2026-07-14,428160,Trea Turner,PHI,1,T1-Chalk,2477419,Patrick Corbin,0,63.0,78.0,62.4,v1,35.0,22.8,49.9,,6,,,default,0,79,2026-07-14 15:01:00,live,0,,
107995,2026-07-14,31394,Jose Altuve,HOU,1,T1-Chalk,2525505,Joe Ryan,0,62.8,85.0,44.7,v1,51.7,30.6,47.1,,3,,,default,0,80,2026-07-14 15:01:00,live,0,,
107996,2026-07-14,453732,Will Smith,LAD,1,T1-Chalk,9637476,Patrick Corbin,0,62.8,78.0,58.6,v1,61.7,22.7,47.3,,1,,,default,0,81,2026-07-14 15:01:00,live,0,,
107997,2026-07-14,703768,Jose Ramirez,CLE,1,T1-Chalk,8164959,Jordan Lyles,0,62.8,78.0,62.8,v1,53.3,15.9,46.9,,4,,,default,0,82,2026-07-14 15:01:00,live,0,,
107998,2026-07-14,183331,Vladimir Guerrero Jr.,TOR,1,T1-Chalk,3671252,Lance Lynn,0,62.7,85.0,49.8,v1,35.0,20.9,50.0,,2,,,default,0,83,2026-07-14 15:01:00,live,0,,
107999,2026-07-14,714343,Rafael Devers,SF,1,T1-Chalk,2477419,Tarik Skubal,0,62.7,85.0,35.3,v1,25.0,58.5,50.3,,5,,,default,0,84,2026-07-14 15:01:00,live,0,,
108000,2026-07-14,996191,Mitch Garver,SEA,1,T1-Chalk,9491751,Bailey Ober,0,62.7,85.0,35.7,v1,48.3,50.7,48.3,,4,,,default,0,85,2026-07-14 15:01:00,live,0,,
108001,2026-07-14,593558,Giancarlo Stanton,NYY,1,T1-Chalk,1934773,Spencer Strider,0,62.3,85.0,30.5,v1,96.7,34.9,61.7,,1,,,default,0,86,2026-07-14 15:01:00,live,0,,
108002,2026-07-14,571970,Max Muncy,National League All-Stars,4,T4-Untiered,823443,Dylan Cease,0,62.3,76.4,62.0,v1,46.7,20.0,55.7,,5,,,default,0,87,2026-07-14 15:01:00,live,0,,
108003,2026-07-14,996191,Mitch Garver,SEA,1,T1-Chalk,6599590,Joe Ryan,0,62.2,85.0,37.7,v1,46.7,43.0,47.3,,3,,,default,0,88,2026-07-14 15:01:00,live,0,,
108004,2026-07-14,448217,Teoscar Hernandez,LAD,1,T1-Chalk,2566690,Kevin Gausman,0,62.0,85.0,31.5,v1,70.0,42.0,57.3,,5,,,default,0,89,2026-07-14 15:01:00,live,0,,
108005,2026-07-14,428160,Trea Turner,PHI,1,T1-Chalk,9637476,Patrick Corbin,0,61.9,78.0,62.4,v1,61.7,6.3,47.3,,4,,,default,0,90,2026-07-14 15:01:00,live,0,,
108006,2026-07-14,90677,Freddie Freeman,LAD,1,T1-Chalk,8446907,Max Fried,0,61.8,85.0,32.3,v1,75.0,41.8,50.0,,2,,,default,0,91,2026-07-14 15:01:00,live,0,,
108007,2026-07-14,524202,Corey Seager,TEX,1,T1-Chalk,5230621,Marcus Stroman,0,61.8,85.0,44.3,v1,33.3,30.6,45.0,,3,,,default,0,92,2026-07-14 15:01:00,live,0,,
108008,2026-07-14,209933,Francisco Lindor,NYM,1,T1-Chalk,8446907,Max Fried,0,61.7,85.0,39.1,v1,70.8,26.2,50.0,,1,,,default,0,93,2026-07-14 15:01:00,live,0,,
108009,2026-07-14,522652,Brent Rooker,OAK,1,T1-Chalk,9959932,Kyle Hendricks,0,61.7,85.0,38.2,v1,53.3,31.1,54.3,,3,,,default,0,94,2026-07-14 15:01:00,live,0,,
108010,2026-07-14,383867,Bobby Witt Jr.,KC,1,T1-Chalk,6599590,Joe Ryan,0,61.6,85.0,46.6,v1,46.7,17.2,47.3,,4,,,default,0,95,2026-07-14 15:01:00,live,0,,
108011,2026-07-14,965765,Austin Riley,ATL,1,T1-Chalk,3671252,Chris Sale,0,61.5,85.0,45.2,v1,35.0,22.0,50.0,,4,,,default,0,96,2026-07-14 15:01:00,live,0,,
108012,2026-07-14,462745,Ian Happ,CHC,1,T1-Chalk,8164959,Jordan Lyles,0,61.5,78.0,53.3,v1,53.3,27.0,46.9,,3,,,default,0,97,2026-07-14 15:01:00,live,0,,
108013,2026-07-14,965765,Austin Riley,ATL,1,T1-Chalk,8164959,Jordan Lyles,0,61.4,85.0,45.5,v1,53.3,16.4,46.3,,1,,,default,0,98,2026-07-14 15:01:00,live,0,,
108014,2026-07-14,453732,Will Smith,LAD,1,T1-Chalk,9491751,JP Sears,0,61.4,78.0,50.3,v1,48.3,34.0,48.3,,3,,,default,0,99,2026-07-14 15:01:00,live,0,,
108015,2026-07-14,518692,Freddie Freeman,National League All-Stars,4,T4-Untiered,823443,Dylan Cease,0,61.4,70.0,62.5,v1,46.7,34.0,55.7,,3,,,default,0,100,2026-07-14 15:01:00,live,0,,
108016,2026-07-14,183331,Vladimir Guerrero Jr.,TOR,1,T1-Chalk,1924202,Framber Valdez,0,61.3,85.0,41.2,v1,50.0,28.7,44.3,,5,,,default,0,101,2026-07-14 15:01:00,live,0,,
108017,2026-07-14,916633,Alex Bregman,BOS,1,T1-Chalk,2566690,Kevin Gausman,0,61.2,85.0,36.3,v1,70.0,24.2,57.3,,2,,,default,0,102,2026-07-14 15:01:00,live,0,,
108018,2026-07-14,294586,Nolan Arenado,HOU,1,T1-Chalk,3116015,Mitch Keller,0,61.1,85.0,32.1,v1,63.3,40.0,50.0,,2,,,default,0,103,2026-07-14 15:01:00,live,0,,
108019,2026-07-14,209933,Francisco Lindor,NYM,1,T1-Chalk,9959932,Yoshinobu Yamamoto,0,60.9,85.0,43.2,v1,46.7,17.1,51.6,,2,,,default,0,104,2026-07-14 15:01:00,live,0,,
108020,2026-07-14,916633,Alex Bregman,BOS,1,T1-Chalk,7312377,Kevin Gausman,0,60.8,85.0,36.3,v1,51.7,33.2,47.6,,1,,,default,0,105,2026-07-14 15:01:00,live,0,,
108021,2026-07-14,703768,Jose Ramirez,CLE,1,T1-Chalk,3116015,Luis Castillo,0,60.8,78.0,50.4,v1,58.3,24.0,50.0,,3,,,default,0,106,2026-07-14 15:01:00,live,0,,
108022,2026-07-14,593558,Giancarlo Stanton,NYY,1,T1-Chalk,7312377,Kevin Gausman,0,60.6,85.0,34.7,v1,51.7,35.3,47.6,,3,,,default,0,107,2026-07-14 15:01:00,live,0,,
108023,2026-07-14,838006,Ke'Bryan Hayes,PIT,1,T1-Chalk,2566690,Patrick Corbin,0,60.6,78.0,51.3,v1,70.0,12.0,57.3,,2,,,default,0,108,2026-07-14 15:01:00,live,0,,
108024,2026-07-14,151967,Salvador Perez,KC,1,T1-Chalk,8446907,Max Fried,0,60.5,85.0,28.0,v1,66.7,43.0,50.0,,3,,,default,0,109,2026-07-14 15:01:00,live,0,,
108025,2026-07-14,604034,Marcus Semien,TEX,1,T1-Chalk,2525505,Joe Ryan,0,60.4,85.0,40.9,v1,51.7,19.2,47.1,,1,,,default,0,110,2026-07-14 15:01:00,live,0,,
108026,2026-07-14,645008,J.P. Crawford,SEA,1,T1-Chalk,3671252,Lance Lynn,0,60.4,78.0,49.3,v1,31.7,32.1,50.0,,4,,,default,0,111,2026-07-14 15:01:00,live,0,,
108027,2026-07-14,703768,Jose Ramirez,CLE,1,T1-Chalk,9491751,JP Sears,0,60.4,78.0,56.6,v1,48.3,11.7,47.7,,4,,,default,0,112,2026-07-14 15:01:00,live,0,,
108028,2026-07-14,249109,George Springer,TOR,1,T1-Chalk,9491751,Bailey Ober,0,60.3,85.0,37.2,v1,48.3,27.2,48.3,,6,,,default,0,113,2026-07-14 15:01:00,live,0,,
108029,2026-07-14,846068,Manny Machado,SD,1,T1-Chalk,1934773,Spencer Strider,0,60.2,85.0,30.5,v1,96.7,17.4,61.7,,6,,,default,0,114,2026-07-14 15:01:00,live,0,,
108030,2026-07-14,542613,Jackson Chourio,MIL,2,T2-Mid,4865569,Patrick Corbin,0,60.2,70.0,52.9,v1,53.3,36.3,65.7,,2,,,default,0,115,2026-07-14 15:01:00,live,0,,
108031,2026-07-14,901120,Gleyber Torres,DET,1,T1-Chalk,2477419,Patrick Corbin,0,60.0,78.0,49.7,v1,35.0,26.9,49.9,,1,,,default,0,116,2026-07-14 15:01:00,live,0,,
108032,2026-07-14,448217,Teoscar Hernandez,LAD,1,T1-Chalk,2477419,Tarik Skubal,0,60.0,85.0,33.2,v1,35.0,37.5,49.9,,1,,,default,0,117,2026-07-14 15:01:00,live,0,,
108033,2026-07-14,941482,Matt Chapman,SF,1,T1-Chalk,7312377,Kevin Gausman,0,60.0,85.0,35.3,v1,51.7,28.8,47.6,,6,,,default,0,118,2026-07-14 15:01:00,live,0,,
108034,2026-07-14,766419,Tyler O'Neill,BOS,2,T2-Mid,4865569,Patrick Corbin,0,60.0,70.0,51.3,v1,53.3,38.7,65.7,,1,,,default,0,119,2026-07-14 15:01:00,live,0,,
108035,2026-07-14,428160,Trea Turner,PHI,1,T1-Chalk,8446907,Jordan Lyles,0,59.8,78.0,50.3,v1,66.7,13.2,50.0,,1,,,default,0,120,2026-07-14 15:01:00,live,0,,
108036,2026-07-14,453732,Will Smith,LAD,1,T1-Chalk,8446907,Jordan Lyles,0,59.5,78.0,46.5,v1,66.7,19.7,50.0,,2,,,default,0,121,2026-07-14 15:01:00,live,0,,
108037,2026-07-14,374972,Luis Arraez,SF,2,T2-Mid,2470756,Kyle Hendricks,0,59.5,70.0,57.7,v1,55.0,33.0,45.1,,1,,,default,0,122,2026-07-14 15:01:00,live,0,,
108038,2026-07-14,151967,Salvador Perez,KC,1,T1-Chalk,1934773,Spencer Strider,0,59.2,85.0,24.2,v1,96.7,23.3,61.7,,3,,,default,0,123,2026-07-14 15:01:00,live,0,,
108039,2026-07-14,420537,Yandy Diaz,TB,1,T1-Chalk,8446907,Jordan Lyles,0,59.2,78.0,48.7,v1,66.7,12.5,50.0,,3,,,default,0,124,2026-07-14 15:01:00,live,0,,
108040,2026-07-14,631154,Marcell Ozuna,ATL,1,T1-Chalk,7312377,Zack Wheeler,0,59.1,85.0,27.0,v1,51.7,40.3,47.6,,6,,,default,0,125,2026-07-14 15:01:00,live,0,,
108041,2026-07-14,462745,Ian Happ,CHC,1,T1-Chalk,9637476,Patrick Corbin,0,59.0,78.0,55.4,v1,58.3,0.0,46.3,,3,,,default,0,126,2026-07-14 15:01:00,live,0,,
108042,2026-07-14,566597,Adolis Garcia,TEX,1,T1-Chalk,6599590,Max Fried,0,58.8,85.0,35.6,v1,46.7,19.6,47.3,,1,,,default,0,127,2026-07-14 15:01:00,live,0,,
108043,2026-07-14,428160,Trea Turner,PHI,1,T1-Chalk,9959932,Kyle Hendricks,0,58.8,78.0,46.2,v1,53.3,16.3,54.3,,4,,,default,0,128,2026-07-14 15:01:00,live,0,,
108044,2026-07-14,669016,Brandon Marsh,National League All-Stars,4,T4-Untiered,823443,Dylan Cease,0,58.8,70.0,57.3,v1,46.7,25.5,55.7,,7,,,default,0,129,2026-07-14 15:01:00,live,0,,
108045,2026-07-14,641355,Cody Bellinger,American League All-Stars,4,T4-Untiered,823443,Cristopher Sánchez,0,58.8,60.0,84.6,v1,46.7,1.0,55.7,,6,,,default,0,130,2026-07-14 15:01:00,live,0,,
108046,2026-07-14,676391,Ernie Clement,American League All-Stars,4,T4-Untiered,823443,Cristopher Sánchez,0,58.7,60.0,77.0,v1,46.7,18.0,55.7,,9,,,default,0,131,2026-07-14 15:01:00,live,0,,
108047,2026-07-14,593558,Giancarlo Stanton,NYY,1,T1-Chalk,5230621,Zack Wheeler,0,58.6,85.0,26.4,v1,40.0,49.9,35.3,,3,,,default,0,132,2026-07-14 15:01:00,live,0,,
108048,2026-07-14,846068,Manny Machado,SD,1,T1-Chalk,9959932,Yoshinobu Yamamoto,0,58.4,85.0,28.5,v1,53.3,26.0,54.3,,3,,,default,0,133,2026-07-14 15:01:00,live,0,,
108049,2026-07-14,522652,Brent Rooker,OAK,1,T1-Chalk,8164959,Tyler Glasnow,0,58.2,85.0,27.9,v1,53.3,31.6,46.3,,1,,,default,0,134,2026-07-14 15:01:00,live,0,,
108050,2026-07-14,183331,Vladimir Guerrero Jr.,TOR,1,T1-Chalk,5230621,Marcus Stroman,0,58.0,85.0,35.3,v1,40.0,24.4,35.3,,1,,,default,0,135,2026-07-14 15:01:00,live,0,,
108051,2026-07-14,522652,Brent Rooker,OAK,1,T1-Chalk,5230621,Marcus Stroman,0,57.8,85.0,25.8,v1,40.0,44.2,35.3,,4,,,default,0,136,2026-07-14 15:01:00,live,0,,
108052,2026-07-14,735179,Josh Naylor,CLE,2,T2-Mid,7791398,Jordan Lyles,0,57.8,70.0,54.0,v1,70.0,19.0,50.0,,3,,,default,0,137,2026-07-14 15:01:00,live,0,,
108053,2026-07-14,604034,Marcus Semien,TEX,1,T1-Chalk,9959932,Yoshinobu Yamamoto,0,57.7,85.0,28.5,v1,53.3,20.4,54.3,,2,,,default,0,138,2026-07-14 15:01:00,live,0,,
108054,2026-07-14,151967,Salvador Perez,KC,1,T1-Chalk,6599590,Max Fried,0,57.6,85.0,28.0,v1,46.7,27.4,47.3,,1,,,default,0,139,2026-07-14 15:01:00,live,0,,
108055,2026-07-14,645008,J.P. Crawford,SEA,1,T1-Chalk,9637476,Patrick Corbin,0,57.5,78.0,43.5,v1,55.0,17.1,45.3,,1,,,default,0,140,2026-07-14 15:01:00,live,0,,
108056,2026-07-14,160423,Ketel Marte,ARI,2,T2-Mid,7554085,JP Sears,0,57.5,70.0,54.1,v1,50.0,28.6,42.0,,4,,,default,0,141,2026-07-14 15:01:00,live,0,,
108057,2026-07-14,249109,George Springer,TOR,1,T1-Chalk,7312377,Zack Wheeler,0,57.2,85.0,24.8,v1,51.7,30.0,47.6,,5,,,default,0,142,2026-07-14 15:01:00,live,0,,
108058,2026-07-14,101718,Ryan McMahon,COL,1,T1-Chalk,9959932,Kyle Hendricks,0,57.0,78.0,46.0,v1,40.0,9.7,48.8,,1,,,default,0,143,2026-07-14 15:01:00,live,0,,
108059,2026-07-14,86073,Corbin Carroll,ARI,2,T2-Mid,2470756,Jordan Lyles,0,57.0,70.0,54.0,v1,55.0,20.4,45.1,,6,,,default,0,144,2026-07-14 15:01:00,live,0,,
108060,2026-07-14,799319,Ozzie Albies,ATL,1,T1-Chalk,8164959,Tyler Glasnow,0,56.9,78.0,39.4,v1,53.3,21.2,46.9,,5,,,default,0,145,2026-07-14 15:01:00,live,0,,
108061,2026-07-14,766419,Tyler O'Neill,BOS,2,T2-Mid,2949616,Carlos Rodon,0,56.9,70.0,45.0,v1,43.3,41.0,50.0,,2,,,default,0,146,2026-07-14 15:01:00,live,0,,
108062,2026-07-14,94503,Ha-Seong Kim,SD,3,T3-Longshot,1309690,Robbie Ray,0,56.9,70.0,45.5,v1,80.0,26.5,52.4,,2,,,default,0,147,2026-07-14 15:01:00,live,0,,
108063,2026-07-14,685321,Christian Walker,HOU,2,T2-Mid,9282412,Kyle Hendricks,0,56.7,70.0,39.8,v1,46.7,51.7,48.0,,1,,,default,0,148,2026-07-14 15:01:00,live,0,,
108064,2026-07-14,669377,Vinnie Pasquantino,KC,2,T2-Mid,2470756,Jordan Lyles,0,56.6,70.0,54.6,v1,55.0,15.6,45.1,,2,,,default,0,149,2026-07-14 15:01:00,live,0,,
108065,2026-07-14,846068,Manny Machado,SD,1,T1-Chalk,2525505,Marcus Stroman,0,56.5,85.0,30.5,v1,51.7,11.1,47.1,,3,,,default,0,150,2026-07-14 15:01:00,live,0,,
108066,2026-07-14,799319,Ozzie Albies,ATL,1,T1-Chalk,3671252,Chris Sale,0,56.5,78.0,43.6,v1,33.3,12.4,50.0,,3,,,default,0,151,2026-07-14 15:01:00,live,0,,
108067,2026-07-14,969200,Elly De La Cruz,CIN,2,T2-Mid,6183952,Kyle Hendricks,0,56.5,70.0,48.2,v1,43.3,30.8,50.2,,2,,,default,0,152,2026-07-14 15:01:00,live,0,,
108068,2026-07-14,462745,Ian Happ,CHC,1,T1-Chalk,3671252,Chris Sale,0,56.4,78.0,43.0,v1,33.3,13.2,50.0,,1,,,default,0,153,2026-07-14 15:01:00,live,0,,
108069,2026-07-14,101718,Ryan McMahon,COL,1,T1-Chalk,9637476,Patrick Corbin,0,56.4,78.0,42.2,v1,55.0,10.7,45.3,,4,,,default,0,154,2026-07-14 15:01:00,live,0,,
108070,2026-07-14,391807,Cody Bellinger,NYY,1,T1-Chalk,2477419,Tarik Skubal,0,56.3,85.0,28.0,v1,25.0,21.7,50.3,,3,,,default,0,155,2026-07-14 15:01:00,live,0,,
108071,2026-07-14,453732,Will Smith,LAD,1,T1-Chalk,3116015,Luis Castillo,0,56.2,78.0,34.1,v1,63.3,22.7,50.0,,4,,,default,0,156,2026-07-14 15:01:00,live,0,,
108072,2026-07-14,681624,Andy Pages,National League All-Stars,4,T4-Untiered,823443,Dylan Cease,0,56.2,70.0,53.5,v1,46.7,11.0,55.7,,8,,,default,0,157,2026-07-14 15:01:00,live,0,,
108073,2026-07-14,956345,CJ Abrams,WSH,2,T2-Mid,9282412,Kyle Hendricks,0,56.0,70.0,46.0,v1,43.3,28.6,54.3,,4,,,default,0,158,2026-07-14 15:01:00,live,0,,
108074,2026-07-14,163303,Christian Yelich,MIL,2,T2-Mid,4865569,Marcus Stroman,0,55.9,70.0,42.1,v1,53.3,33.0,54.8,,5,,,default,0,159,2026-07-14 15:01:00,live,0,,
108075,2026-07-14,645277,Ozzie Albies,National League All-Stars,4,T4-Untiered,823443,Dylan Cease,0,55.9,70.0,43.9,v1,46.7,30.8,55.7,,6,,,default,0,160,2026-07-14 15:01:00,live,0,,
108076,2026-07-14,994980,Jarren Duran,BOS,2,T2-Mid,2470756,Kyle Hendricks,0,55.8,70.0,53.0,v1,55.0,13.0,45.1,,3,,,default,0,161,2026-07-14 15:01:00,live,0,,
108077,2026-07-14,685321,Christian Walker,HOU,2,T2-Mid,7554085,JP Sears,0,55.8,70.0,47.7,v1,50.0,27.4,44.0,,3,,,default,0,162,2026-07-14 15:01:00,live,0,,
108078,2026-07-14,686948,Drake Baldwin,National League All-Stars,4,T4-Untiered,823443,Dylan Cease,0,55.7,70.0,52.0,v1,46.7,21.7,55.7,,9,,,default,0,163,2026-07-14 15:01:00,live,0,,
108079,2026-07-14,799319,Ozzie Albies,ATL,1,T1-Chalk,1924202,Framber Valdez,0,55.4,78.0,33.2,v1,55.0,23.6,44.9,,2,,,default,0,164,2026-07-14 15:01:00,live,0,,
108080,2026-07-14,462745,Ian Happ,CHC,1,T1-Chalk,2525505,Marcus Stroman,0,55.2,78.0,36.7,v1,51.7,16.5,43.2,,5,,,default,0,165,2026-07-14 15:01:00,live,0,,
108081,2026-07-14,151967,Salvador Perez,KC,1,T1-Chalk,5230621,Zack Wheeler,0,55.2,85.0,20.0,v1,40.0,36.6,35.3,,1,,,default,0,166,2026-07-14 15:01:00,live,0,,
108082,2026-07-14,645008,J.P. Crawford,SEA,1,T1-Chalk,5230621,Marcus Stroman,0,55.2,78.0,34.8,v1,33.3,25.3,45.0,,2,,,default,0,167,2026-07-14 15:01:00,live,0,,
108083,2026-07-14,994980,Jarren Duran,BOS,2,T2-Mid,6183952,Kyle Hendricks,0,55.2,70.0,53.0,v1,36.7,7.9,54.5,,4,,,default,0,168,2026-07-14 15:01:00,live,0,,
108084,2026-07-14,559658,Fernando Tatis Jr.,SD,1,T1-Chalk,1924202,Framber Valdez,0,55.1,78.0,38.9,v1,50.0,9.8,44.3,,5,,,default,0,169,2026-07-14 15:01:00,live,0,,
108085,2026-07-14,748625,Daulton Varsho,TOR,2,T2-Mid,6118910,Kyle Hendricks,0,55.1,70.0,43.5,v1,43.3,30.3,50.0,,5,,,default,0,170,2026-07-14 15:01:00,live,0,,
108086,2026-07-14,846068,Manny Machado,SD,1,T1-Chalk,5230621,Marcus Stroman,0,55.0,85.0,30.5,v1,40.0,10.3,35.3,,5,,,default,0,171,2026-07-14 15:01:00,live,0,,
108087,2026-07-14,647731,Brandon Nimmo,NYM,2,T2-Mid,6118910,Kyle Hendricks,0,54.9,70.0,54.6,v1,43.3,2.7,50.0,,4,,,default,0,172,2026-07-14 15:01:00,live,0,,
108088,2026-07-14,163303,Christian Yelich,MIL,2,T2-Mid,2188346,Mitch Keller,0,54.9,70.0,46.3,v1,31.7,25.9,50.0,,2,,,default,0,173,2026-07-14 15:01:00,live,0,,
108089,2026-07-14,119084,Jesse Winker,NYM,2,T2-Mid,2470756,Kyle Hendricks,0,54.8,70.0,49.8,v1,55.0,11.9,45.1,,4,,,default,0,174,2026-07-14 15:01:00,live,0,,
108090,2026-07-14,312772,Cal Raleigh,SEA,2,T2-Mid,2470756,Jordan Lyles,0,54.8,70.0,44.4,v1,58.3,24.5,43.5,,3,,,default,0,175,2026-07-14 15:01:00,live,0,,
108091,2026-07-14,160423,Ketel Marte,ARI,2,T2-Mid,8471331,Pablo Lopez,0,54.8,70.0,45.8,v1,36.7,24.3,50.5,,2,,,default,0,176,2026-07-14 15:01:00,live,0,,
108092,2026-07-14,428160,Trea Turner,PHI,1,T1-Chalk,2525505,Marcus Stroman,0,54.6,78.0,33.7,v1,51.7,16.1,47.1,,1,,,default,0,177,2026-07-14 15:01:00,live,0,,
108093,2026-07-14,611803,Tommy Edman,LAD,2,T2-Mid,7791398,Jordan Lyles,0,54.6,70.0,50.8,v1,60.8,2.9,50.0,,6,,,default,0,178,2026-07-14 15:01:00,live,0,,
108094,2026-07-14,746015,Oneil Cruz,PIT,2,T2-Mid,6183952,Kyle Hendricks,0,54.5,70.0,43.5,v1,36.7,24.4,54.5,,5,,,default,0,179,2026-07-14 15:01:00,live,0,,
108095,2026-07-14,673963,Willson Contreras,STL,1,T1-Chalk,3116015,Luis Castillo,0,54.4,78.0,29.9,v1,63.3,17.2,50.0,,3,,,default,0,180,2026-07-14 15:01:00,live,0,,
108096,2026-07-14,766419,Tyler O'Neill,BOS,2,T2-Mid,7554085,JP Sears,0,54.4,70.0,43.0,v1,50.0,27.0,44.0,,2,,,default,0,181,2026-07-14 15:01:00,live,0,,
108097,2026-07-14,611803,Tommy Edman,LAD,2,T2-Mid,4865569,Marcus Stroman,0,54.4,70.0,34.2,v1,53.3,35.8,60.3,,4,,,default,0,182,2026-07-14 15:01:00,live,0,,
108098,2026-07-14,542613,Jackson Chourio,MIL,2,T2-Mid,7791398,Jordan Lyles,0,54.3,70.0,40.8,v1,51.7,26.7,50.0,,4,,,default,0,183,2026-07-14 15:01:00,live,0,,
108099,2026-07-14,760852,Eloy Jimenez,CWS,1,T1-Chalk,9491751,Bailey Ober,0,54.2,78.0,30.9,v1,48.3,19.0,48.3,,1,,,default,0,184,2026-07-14 15:01:00,live,0,,
108100,2026-07-14,645008,J.P. Crawford,SEA,1,T1-Chalk,1924202,Framber Valdez,0,54.1,78.0,20.7,v1,60.0,39.9,45.5,,3,,,default,0,185,2026-07-14 15:01:00,live,0,,
108101,2026-07-14,289077,Isaac Paredes,CHC,2,T2-Mid,7791398,Jordan Lyles,0,54.0,70.0,43.3,v1,51.7,18.1,50.0,,5,,,default,0,186,2026-07-14 15:01:00,live,0,,
108102,2026-07-14,760852,Eloy Jimenez,CWS,1,T1-Chalk,1934773,Spencer Strider,0,53.8,78.0,22.6,v1,96.7,10.1,61.7,,1,,,default,0,187,2026-07-14 15:01:00,live,0,,
108103,2026-07-14,994980,Jarren Duran,BOS,2,T2-Mid,9261984,Corbin Burnes,0,53.6,70.0,38.5,v1,60.0,21.4,53.4,,4,,,default,0,188,2026-07-14 15:01:00,live,0,,
108104,2026-07-14,459946,Cedric Mullins,BAL,2,T2-Mid,6183952,Kyle Hendricks,0,53.6,70.0,40.3,v1,36.7,24.2,54.5,,4,,,default,0,189,2026-07-14 15:01:00,live,0,,
108105,2026-07-14,886019,Xander Bogaerts,SD,2,T2-Mid,2470756,Jordan Lyles,0,53.5,70.0,45.5,v1,61.7,10.8,41.9,,2,,,default,0,190,2026-07-14 15:01:00,live,0,,
108106,2026-07-14,886019,Xander Bogaerts,SD,2,T2-Mid,5555045,Tarik Skubal,0,53.5,70.0,34.8,v1,96.7,24.5,41.7,,4,,,default,0,191,2026-07-14 15:01:00,live,0,,
108107,2026-07-14,611803,Tommy Edman,LAD,2,T2-Mid,5555045,Max Fried,0,53.5,70.0,28.0,v1,100.0,37.7,44.5,,5,,,default,0,192,2026-07-14 15:01:00,live,0,,
108108,2026-07-14,748625,Daulton Varsho,TOR,2,T2-Mid,6183952,Kyle Hendricks,0,53.5,70.0,43.5,v1,36.7,15.8,54.5,,2,,,default,0,193,2026-07-14 15:01:00,live,0,,
108109,2026-07-14,64640,Andrew McCutchen,KC,2,T2-Mid,7554085,Chris Sale,0,53.4,70.0,38.8,v1,50.0,28.2,44.0,,1,,,default,0,194,2026-07-14 15:01:00,live,0,,
108110,2026-07-14,250760,Jurickson Profar,SD,2,T2-Mid,9282412,Spencer Strider,0,53.4,70.0,40.5,v1,45.0,21.5,51.1,,3,,,default,0,195,2026-07-14 15:01:00,live,0,,
108111,2026-07-14,453732,Will Smith,LAD,1,T1-Chalk,2477419,Tarik Skubal,0,53.3,78.0,35.8,v1,35.0,4.2,49.9,,4,,,default,0,196,2026-07-14 15:01:00,live,0,,
108112,2026-07-14,886019,Xander Bogaerts,SD,2,T2-Mid,6118910,Kyle Hendricks,0,53.1,70.0,41.4,v1,43.3,18.3,50.0,,2,,,default,0,197,2026-07-14 15:01:00,live,0,,
108113,2026-07-14,758941,Brendan Donovan,STL,2,T2-Mid,9282412,Spencer Strider,0,53.1,70.0,36.7,v1,43.3,26.2,54.3,,3,,,default,0,198,2026-07-14 15:01:00,live,0,,
108114,2026-07-14,273773,Randy Arozarena,SEA,2,T2-Mid,2949616,Carlos Rodon,0,53.1,70.0,45.0,v1,43.3,9.7,50.0,,4,,,default,0,199,2026-07-14 15:01:00,live,0,,
108115,2026-07-14,374972,Luis Arraez,SF,2,T2-Mid,8471331,Logan Webb,0,53.1,70.0,39.1,v1,33.3,28.5,47.6,,1,,,default,0,200,2026-07-14 15:01:00,live,0,,
108116,2026-07-14,250760,Jurickson Profar,SD,2,T2-Mid,6118910,Shane McClanahan,0,53.0,70.0,40.5,v1,43.3,19.4,50.0,,4,,,default,0,201,2026-07-14 15:01:00,live,0,,
108117,2026-07-14,160423,Ketel Marte,ARI,2,T2-Mid,7791398,Spencer Strider,0,52.9,70.0,43.7,v1,60.8,5.4,50.0,,3,,,default,0,202,2026-07-14 15:01:00,live,0,,
108118,2026-07-14,372087,Taylor Ward,LAA,3,T3-Longshot,8693610,Robbie Ray,0,52.9,70.0,47.1,v1,50.0,5.5,42.7,,6,,,default,0,203,2026-07-14 15:01:00,live,0,,
108119,2026-07-14,527581,Alec Burleson,STL,2,T2-Mid,9282412,Kyle Hendricks,0,52.8,70.0,45.0,v1,43.3,4.3,54.3,,3,,,default,0,204,2026-07-14 15:01:00,live,0,,
108120,2026-07-14,86073,Corbin Carroll,ARI,2,T2-Mid,2949616,Carlos Rodon,0,52.8,70.0,39.8,v1,33.3,22.5,50.0,,6,,,default,0,205,2026-07-14 15:01:00,live,0,,
108121,2026-07-14,746015,Oneil Cruz,PIT,2,T2-Mid,9261984,Spencer Strider,0,52.7,70.0,31.0,v1,60.0,31.3,53.4,,1,,,default,0,206,2026-07-14 15:01:00,live,0,,
108122,2026-07-14,244164,Michael Harris II,ATL,2,T2-Mid,9261984,Spencer Strider,0,52.7,70.0,34.2,v1,60.0,23.5,53.4,,4,,,default,0,207,2026-07-14 15:01:00,live,0,,
108123,2026-07-14,725740,Max Muncy,LAD,2,T2-Mid,3439292,Logan Webb,0,52.7,70.0,32.7,v1,40.0,34.5,52.0,,1,,,default,0,208,2026-07-14 15:01:00,live,0,,
108124,2026-07-14,669377,Vinnie Pasquantino,KC,2,T2-Mid,9282412,Spencer Strider,0,52.7,70.0,38.0,v1,43.3,20.0,54.3,,2,,,default,0,209,2026-07-14 15:01:00,live,0,,
108125,2026-07-14,101718,Ryan McMahon,COL,1,T1-Chalk,3671252,Chris Sale,0,52.6,78.0,29.8,v1,31.7,13.3,50.0,,5,,,default,0,210,2026-07-14 15:01:00,live,0,,
108126,2026-07-14,64640,Andrew McCutchen,KC,2,T2-Mid,6118910,Shane McClanahan,0,52.5,70.0,32.6,v1,43.3,33.9,50.0,,1,,,default,0,211,2026-07-14 15:01:00,live,0,,
108127,2026-07-14,52799,Wenceel Perez,DET,2,T2-Mid,2470756,Kyle Hendricks,0,52.5,70.0,42.8,v1,58.3,8.9,43.5,,5,,,default,0,212,2026-07-14 15:01:00,live,0,,
108128,2026-07-14,980524,Masataka Yoshida,BOS,2,T2-Mid,6183952,Nestor Cortes,0,52.5,70.0,34.2,v1,36.7,29.0,54.5,,2,,,default,0,213,2026-07-14 15:01:00,live,0,,
108129,2026-07-14,454494,Josh Smith,TEX,2,T2-Mid,6118910,Kyle Hendricks,0,52.4,70.0,46.6,v1,43.3,0.0,50.0,,3,,,default,0,214,2026-07-14 15:01:00,live,0,,
108130,2026-07-14,766419,Tyler O'Neill,BOS,2,T2-Mid,2470756,Kyle Hendricks,0,52.4,70.0,35.0,v1,61.7,26.2,41.9,,4,,,default,0,215,2026-07-14 15:01:00,live,0,,
108131,2026-07-14,724455,J.T. Realmuto,PHI,2,T2-Mid,6118910,Kyle Hendricks,0,52.3,70.0,35.0,v1,43.3,26.3,50.0,,1,,,default,0,216,2026-07-14 15:01:00,live,0,,
108132,2026-07-14,889356,Bo Bichette,TOR,2,T2-Mid,9282412,Kyle Hendricks,0,52.3,70.0,37.3,v1,46.7,21.6,48.0,,2,,,default,0,217,2026-07-14 15:01:00,live,0,,
108133,2026-07-14,2403,Joc Pederson,TEX,2,T2-Mid,4865569,Patrick Corbin,0,52.2,70.0,39.7,v1,53.3,8.5,54.8,,5,,,default,0,218,2026-07-14 15:01:00,live,0,,
108134,2026-07-14,208483,Wilyer Abreu,BOS,2,T2-Mid,8471331,Pablo Lopez,0,52.2,70.0,35.6,v1,33.3,29.3,47.6,,5,,,default,0,219,2026-07-14 15:01:00,live,0,,
108135,2026-07-14,428160,Trea Turner,PHI,1,T1-Chalk,5230621,Zack Wheeler,0,52.1,78.0,29.6,v1,40.0,16.3,35.3,,4,,,default,0,220,2026-07-14 15:01:00,live,0,,
108136,2026-07-14,248889,Ezequiel Tovar,COL,2,T2-Mid,7791398,Jordan Lyles,0,52.1,70.0,36.0,v1,51.7,19.5,50.0,,1,,,default,0,221,2026-07-14 15:01:00,live,0,,
108137,2026-07-14,119084,Jesse Winker,NYM,2,T2-Mid,9261984,Corbin Burnes,0,52.1,70.0,35.3,v1,60.0,16.6,53.4,,2,,,default,0,222,2026-07-14 15:01:00,live,0,,
108138,2026-07-14,536351,Lars Nootbaar,STL,2,T2-Mid,9261984,Spencer Strider,0,52.1,70.0,35.8,v1,60.0,15.3,53.4,,4,,,default,0,223,2026-07-14 15:01:00,live,0,,
108139,2026-07-14,748625,Daulton Varsho,TOR,2,T2-Mid,4865569,Patrick Corbin,0,52.1,70.0,39.7,v1,53.3,7.4,54.8,,3,,,default,0,224,2026-07-14 15:01:00,live,0,,
108140,2026-07-14,454494,Josh Smith,TEX,2,T2-Mid,4865569,Patrick Corbin,0,52.1,70.0,42.9,v1,53.3,0.0,54.8,,4,,,default,0,225,2026-07-14 15:01:00,live,0,,
108141,2026-07-14,838006,Ke'Bryan Hayes,PIT,1,T1-Chalk,1924202,Framber Valdez,0,52.0,78.0,28.5,v1,50.0,9.1,44.3,,2,,,default,0,226,2026-07-14 15:01:00,live,0,,
108142,2026-07-14,249369,Tyler Soderstrom,OAK,2,T2-Mid,2949616,Carlos Rodon,0,52.0,70.0,31.9,v1,33.3,34.1,50.0,,2,,,default,0,227,2026-07-14 15:01:00,live,0,,
108143,2026-07-14,244164,Michael Harris II,ATL,2,T2-Mid,4865569,Marcus Stroman,0,52.0,70.0,34.2,v1,53.3,19.6,54.8,,1,,,default,0,228,2026-07-14 15:01:00,live,0,,
108144,2026-07-14,163303,Christian Yelich,MIL,2,T2-Mid,2949616,Yoshinobu Yamamoto,0,51.9,70.0,40.1,v1,33.3,14.5,50.0,,1,,,default,0,229,2026-07-14 15:01:00,live,0,,
108145,2026-07-14,673440,Riley Greene,DET,2,T2-Mid,3439292,Tyler Glasnow,0,51.8,70.0,37.9,v1,40.0,15.4,52.0,,2,,,default,0,230,2026-07-14 15:01:00,live,0,,
108146,2026-07-14,86073,Corbin Carroll,ARI,2,T2-Mid,2188346,Mitch Keller,0,51.8,70.0,41.5,v1,31.7,10.9,50.0,,1,,,default,0,231,2026-07-14 15:01:00,live,0,,
108147,2026-07-14,86073,Corbin Carroll,ARI,2,T2-Mid,4865569,Marcus Stroman,0,51.8,70.0,37.4,v1,53.3,10.2,54.8,,1,,,default,0,232,2026-07-14 15:01:00,live,0,,
108148,2026-07-14,837520,William Contreras,MIL,2,T2-Mid,5555045,Max Fried,0,51.7,70.0,32.7,v1,96.7,14.3,41.7,,2,,,default,0,233,2026-07-14 15:01:00,live,0,,
108149,2026-07-14,420537,Yandy Diaz,TB,1,T1-Chalk,5230621,Zack Wheeler,0,51.6,78.0,28.0,v1,40.0,15.8,35.3,,1,,,default,0,234,2026-07-14 15:01:00,live,0,,
108150,2026-07-14,748625,Daulton Varsho,TOR,2,T2-Mid,7791398,Spencer Strider,0,51.6,70.0,31.0,v1,70.0,21.4,50.0,,2,,,default,0,235,2026-07-14 15:01:00,live,0,,
108151,2026-07-14,901120,Gleyber Torres,DET,1,T1-Chalk,6599590,Max Fried,0,51.5,78.0,24.8,v1,46.7,12.1,47.3,,3,,,default,0,236,2026-07-14 15:01:00,live,0,,
108152,2026-07-14,725740,Max Muncy,LAD,2,T2-Mid,9261984,Spencer Strider,0,51.5,70.0,39.0,v1,60.0,3.0,53.4,,1,,,default,0,237,2026-07-14 15:01:00,live,0,,
108153,2026-07-14,647731,Brandon Nimmo,NYM,2,T2-Mid,5555045,Tarik Skubal,0,51.5,70.0,28.0,v1,100.0,18.9,47.3,,2,,,default,0,238,2026-07-14 15:01:00,live,0,,
108154,2026-07-14,64640,Andrew McCutchen,KC,2,T2-Mid,2470756,Jordan Lyles,0,51.4,70.0,39.2,v1,61.7,8.6,41.9,,1,,,default,0,239,2026-07-14 15:01:00,live,0,,
108155,2026-07-14,685321,Christian Walker,HOU,2,T2-Mid,3439292,Tyler Glasnow,0,51.4,70.0,29.4,v1,53.3,26.2,53.6,,1,,,default,0,240,2026-07-14 15:01:00,live,0,,
108156,2026-07-14,886019,Xander Bogaerts,SD,2,T2-Mid,2188346,Gerrit Cole,0,51.3,70.0,26.9,v1,35.0,39.7,50.0,,5,,,default,0,241,2026-07-14 15:01:00,live,0,,
108157,2026-07-14,758941,Brendan Donovan,STL,2,T2-Mid,8471331,Pablo Lopez,0,51.3,70.0,38.8,v1,33.3,14.5,47.6,,3,,,default,0,242,2026-07-14 15:01:00,live,0,,
108158,2026-07-14,746015,Oneil Cruz,PIT,2,T2-Mid,2949616,Yoshinobu Yamamoto,0,51.2,70.0,28.9,v1,33.3,35.1,50.0,,4,,,default,0,243,2026-07-14 15:01:00,live,0,,
108159,2026-07-14,980524,Masataka Yoshida,BOS,2,T2-Mid,7554085,Chris Sale,0,51.1,70.0,38.3,v1,50.0,13.1,40.0,,3,,,default,0,244,2026-07-14 15:01:00,live,0,,
108160,2026-07-14,248889,Ezequiel Tovar,COL,2,T2-Mid,7554085,Chris Sale,0,51.1,70.0,35.7,v1,50.0,16.9,44.0,,6,,,default,0,245,2026-07-14 15:01:00,live,0,,
108161,2026-07-14,119084,Jesse Winker,NYM,2,T2-Mid,7554085,JP Sears,0,51.0,70.0,37.7,v1,50.0,13.4,40.0,,4,,,default,0,246,2026-07-14 15:01:00,live,0,,
108162,2026-07-14,797627,Anthony Volpe,NYY,2,T2-Mid,9282412,Kyle Hendricks,0,51.0,70.0,33.5,v1,46.7,19.7,48.0,,6,,,default,0,247,2026-07-14 15:01:00,live,0,,
108163,2026-07-14,372087,Taylor Ward,LAA,3,T3-Longshot,1309690,Yoshinobu Yamamoto,0,50.9,70.0,20.5,v1,80.0,35.0,52.4,,2,,,default,0,248,2026-07-14 15:01:00,live,0,,
108164,2026-07-14,994980,Jarren Duran,BOS,2,T2-Mid,6118910,Shane McClanahan,0,50.8,70.0,30.5,v1,43.3,24.5,50.0,,1,,,default,0,249,2026-07-14 15:01:00,live,0,,
108165,2026-07-14,796374,Nathaniel Lowe,ARI,2,T2-Mid,7554085,JP Sears,0,50.8,70.0,36.1,v1,50.0,15.4,40.0,,3,,,default,0,250,2026-07-14 15:01:00,live,0,,
108166,2026-07-14,640653,Julio Rodriguez,SEA,1,T1-Chalk,7312377,Zack Wheeler,0,50.7,78.0,22.6,v1,51.7,8.5,47.6,,3,,,default,0,251,2026-07-14 15:01:00,live,0,,
108167,2026-07-14,886019,Xander Bogaerts,SD,2,T2-Mid,7791398,Spencer Strider,0,50.7,70.0,29.0,v1,51.7,24.5,50.0,,4,,,default,0,252,2026-07-14 15:01:00,live,0,,
108168,2026-07-14,268201,Jorge Soler,ATL,2,T2-Mid,7554085,Chris Sale,0,50.7,70.0,32.5,v1,50.0,20.6,44.0,,2,,,default,0,253,2026-07-14 15:01:00,live,0,,
108169,2026-07-14,760852,Eloy Jimenez,CWS,1,T1-Chalk,9959932,Yoshinobu Yamamoto,0,50.5,78.0,20.5,v1,53.3,6.6,54.3,,2,,,default,0,254,2026-07-14 15:01:00,live,0,,
108170,2026-07-14,611803,Tommy Edman,LAD,2,T2-Mid,9261984,Corbin Burnes,0,50.4,70.0,32.1,v1,55.0,10.6,54.5,,2,,,default,0,255,2026-07-14 15:01:00,live,0,,
108171,2026-07-14,103550,Colton Cowser,BAL,2,T2-Mid,8471331,Pablo Lopez,0,50.3,70.0,33.1,v1,33.3,19.1,47.6,,4,,,default,0,256,2026-07-14 15:01:00,live,0,,
108172,2026-07-14,208483,Wilyer Abreu,BOS,2,T2-Mid,7791398,Spencer Strider,0,50.2,70.0,33.6,v1,70.0,3.3,50.0,,1,,,default,0,257,2026-07-14 15:01:00,live,0,,
108173,2026-07-14,735179,Josh Naylor,CLE,2,T2-Mid,7554085,Chris Sale,0,50.2,70.0,33.6,v1,50.0,16.6,40.0,,1,,,default,0,258,2026-07-14 15:01:00,live,0,,
108174,2026-07-14,742518,Yainer Diaz,HOU,3,T3-Longshot,8693610,Patrick Corbin,0,50.2,60.0,49.7,v1,50.0,16.9,42.7,,3,,,default,0,259,2026-07-14 15:01:00,live,0,,
108175,2026-07-14,796374,Nathaniel Lowe,ARI,2,T2-Mid,3439292,Logan Webb,0,50.1,70.0,29.6,v1,40.0,20.2,52.0,,5,,,default,0,260,2026-07-14 15:01:00,live,0,,
108176,2026-07-14,748625,Daulton Varsho,TOR,2,T2-Mid,3439292,Tyler Glasnow,0,50.1,70.0,33.1,v1,40.0,12.6,52.0,,4,,,default,0,261,2026-07-14 15:01:00,live,0,,
108177,2026-07-14,677300,Byron Buxton,MIN,2,T2-Mid,9282412,Spencer Strider,0,50.1,70.0,19.4,v1,46.7,44.4,48.0,,5,,,default,0,262,2026-07-14 15:01:00,live,0,,
108178,2026-07-14,796374,Nathaniel Lowe,ARI,2,T2-Mid,2949616,Carlos Rodon,0,50.1,70.0,38.2,v1,33.3,3.6,50.0,,3,,,default,0,263,2026-07-14 15:01:00,live,0,,
108179,2026-07-14,766419,Tyler O'Neill,BOS,2,T2-Mid,6183952,Nestor Cortes,0,50.1,70.0,34.7,v1,50.0,9.1,45.9,,3,,,default,0,264,2026-07-14 15:01:00,live,0,,
108180,2026-07-14,650326,Chas McCormick,HOU,3,T3-Longshot,1309690,Robbie Ray,0,50.1,60.0,40.8,v1,80.0,20.6,52.4,,4,,,default,0,265,2026-07-14 15:01:00,live,0,,
108181,2026-07-14,603164,Maikel Garcia,KC,3,T3-Longshot,3124135,Bailey Ober,0,50.1,70.0,26.1,v1,46.7,27.4,49.8,,5,,,default,0,266,2026-07-14 15:01:00,live,0,,
108182,2026-07-14,901120,Gleyber Torres,DET,1,T1-Chalk,7312377,Zack Wheeler,0,50.0,78.0,16.9,v1,51.7,16.0,47.6,,2,,,default,0,267,2026-07-14 15:01:00,live,0,,
108183,2026-07-14,677300,Byron Buxton,MIN,2,T2-Mid,5555045,Tarik Skubal,0,49.8,70.0,25.3,v1,96.7,15.6,41.7,,1,,,default,0,268,2026-07-14 15:01:00,live,0,,
108184,2026-07-14,527581,Alec Burleson,STL,2,T2-Mid,2188346,Gerrit Cole,0,49.8,70.0,30.5,v1,31.7,19.9,50.0,,1,,,default,0,269,2026-07-14 15:01:00,live,0,,
108185,2026-07-14,796374,Nathaniel Lowe,ARI,2,T2-Mid,2188346,Gerrit Cole,0,49.7,70.0,33.7,v1,31.7,12.0,50.0,,4,,,default,0,270,2026-07-14 15:01:00,live,0,,
108186,2026-07-14,978399,Jake Burger,MIA,2,T2-Mid,4865569,Marcus Stroman,0,49.7,70.0,19.4,v1,53.3,27.5,65.7,,2,,,default,0,271,2026-07-14 15:01:00,live,0,,
108187,2026-07-14,742518,Yainer Diaz,HOU,3,T3-Longshot,4336774,JP Sears,0,49.6,60.0,41.4,v1,61.7,22.4,50.9,,6,,,default,0,272,2026-07-14 15:01:00,live,0,,
108188,2026-07-14,983125,Spencer Torkelson,DET,2,T2-Mid,3439292,Tyler Glasnow,0,49.5,70.0,19.9,v1,53.3,32.9,53.6,,3,,,default,0,273,2026-07-14 15:01:00,live,0,,
108189,2026-07-14,797627,Anthony Volpe,NYY,2,T2-Mid,6183952,Nestor Cortes,0,49.5,70.0,33.1,v1,50.0,8.4,45.9,,5,,,default,0,274,2026-07-14 15:01:00,live,0,,
108190,2026-07-14,94503,Ha-Seong Kim,SD,3,T3-Longshot,9164384,Nestor Cortes,0,49.5,70.0,33.1,v1,33.3,11.6,49.1,,3,,,default,0,275,2026-07-14 15:01:00,live,0,,
108191,2026-07-14,273773,Randy Arozarena,SEA,2,T2-Mid,9261984,Spencer Strider,0,49.4,70.0,22.6,v1,50.0,25.2,55.7,,2,,,default,0,276,2026-07-14 15:01:00,live,0,,
108192,2026-07-14,52799,Wenceel Perez,DET,2,T2-Mid,2188346,Mitch Keller,0,49.4,70.0,34.5,v1,33.3,6.8,50.0,,5,,,default,0,277,2026-07-14 15:01:00,live,0,,
108193,2026-07-14,94503,Ha-Seong Kim,SD,3,T3-Longshot,6308892,Joe Ryan,0,49.4,70.0,31.4,v1,35.0,14.5,48.3,,2,,,default,0,278,2026-07-14 15:01:00,live,0,,
108194,2026-07-14,250760,Jurickson Profar,SD,2,T2-Mid,3439292,Logan Webb,0,49.3,70.0,34.3,v1,46.7,0.0,52.8,,4,,,default,0,279,2026-07-14 15:01:00,live,0,,
108195,2026-07-14,837520,William Contreras,MIL,2,T2-Mid,3439292,Tyler Glasnow,0,49.3,70.0,31.0,v1,53.3,5.1,53.6,,2,,,default,0,280,2026-07-14 15:01:00,live,0,,
108196,2026-07-14,969934,Spencer Steer,CIN,3,T3-Longshot,1309690,Robbie Ray,0,49.3,60.0,43.9,v1,80.0,6.7,52.4,,5,,,default,0,281,2026-07-14 15:01:00,live,0,,
108197,2026-07-14,983125,Spencer Torkelson,DET,2,T2-Mid,5555045,Tarik Skubal,0,49.2,70.0,23.7,v1,96.7,14.4,41.7,,4,,,default,0,282,2026-07-14 15:01:00,live,0,,
108198,2026-07-14,163303,Christian Yelich,MIL,2,T2-Mid,5555045,Max Fried,0,49.2,70.0,25.9,v1,100.0,5.0,47.3,,5,,,default,0,283,2026-07-14 15:01:00,live,0,,
108199,2026-07-14,244164,Michael Harris II,ATL,2,T2-Mid,8471331,Logan Webb,0,49.2,70.0,28.0,v1,33.3,22.0,47.6,,3,,,default,0,284,2026-07-14 15:01:00,live,0,,
108200,2026-07-14,465554,Whit Merrifield,ATL,3,T3-Longshot,1309690,Robbie Ray,0,49.2,60.0,40.8,v1,80.0,13.1,52.4,,2,,,default,0,285,2026-07-14 15:01:00,live,0,,
108201,2026-07-14,748625,Daulton Varsho,TOR,2,T2-Mid,2949616,Yoshinobu Yamamoto,0,49.1,70.0,28.9,v1,33.3,17.4,50.0,,4,,,default,0,286,2026-07-14 15:01:00,live,0,,
108202,2026-07-14,527581,Alec Burleson,STL,2,T2-Mid,8471331,Logan Webb,0,49.1,70.0,26.4,v1,33.3,24.6,47.6,,4,,,default,0,287,2026-07-14 15:01:00,live,0,,
108203,2026-07-14,603164,Maikel Garcia,KC,3,T3-Longshot,4121448,Justin Verlander,0,49.1,70.0,26.1,v1,60.0,14.7,50.0,,4,,,default,0,288,2026-07-14 15:01:00,live,0,,
108204,2026-07-14,969934,Spencer Steer,CIN,3,T3-Longshot,4336774,JP Sears,0,49.0,60.0,39.8,v1,61.7,21.3,50.9,,3,,,default,0,289,2026-07-14 15:01:00,live,0,,
108205,2026-07-14,249369,Tyler Soderstrom,OAK,2,T2-Mid,7791398,Spencer Strider,0,48.8,70.0,29.4,v1,70.0,1.3,50.0,,5,,,default,0,290,2026-07-14 15:01:00,live,0,,
108206,2026-07-14,673440,Riley Greene,DET,2,T2-Mid,6118910,Shane McClanahan,0,48.8,70.0,25.8,v1,43.3,18.4,50.0,,5,,,default,0,291,2026-07-14 15:01:00,live,0,,
108207,2026-07-14,454494,Josh Smith,TEX,2,T2-Mid,5555045,Tarik Skubal,0,48.8,70.0,20.0,v1,100.0,14.9,47.3,,1,,,default,0,292,2026-07-14 15:01:00,live,0,,
108208,2026-07-14,945891,Yoan Moncada,CLE,3,T3-Longshot,3124135,Michael Wacha,0,48.8,60.0,36.1,v1,45.0,35.8,47.4,,3,,,default,0,293,2026-07-14 15:01:00,live,0,,
108209,2026-07-14,532984,Brandon Lowe,TB,3,T3-Longshot,5794240,Lance Lynn,0,48.8,60.0,40.8,v1,51.7,21.1,50.0,,4,,,default,0,294,2026-07-14 15:01:00,live,0,,
108210,2026-07-14,542613,Jackson Chourio,MIL,2,T2-Mid,9282412,Spencer Strider,0,48.7,70.0,24.2,v1,46.7,21.5,48.0,,3,,,default,0,295,2026-07-14 15:01:00,live,0,,
108211,2026-07-14,273773,Randy Arozarena,SEA,2,T2-Mid,2188346,Mitch Keller,0,48.7,70.0,26.8,v1,35.0,18.6,50.0,,4,,,default,0,296,2026-07-14 15:01:00,live,0,,
108212,2026-07-14,766419,Tyler O'Neill,BOS,2,T2-Mid,8471331,Logan Webb,0,48.7,70.0,16.4,v1,40.0,39.1,53.3,,1,,,default,0,297,2026-07-14 15:01:00,live,0,,
108213,2026-07-14,233508,Harrison Bader,SF,3,T3-Longshot,1309690,Robbie Ray,0,48.7,60.0,39.2,v1,80.0,12.4,52.4,,2,,,default,0,298,2026-07-14 15:01:00,live,0,,
108214,2026-07-14,216367,Luis Rengifo,LAA,3,T3-Longshot,6582399,Justin Verlander,0,48.6,60.0,37.7,v1,70.8,20.4,50.0,,4,,,default,0,299,2026-07-14 15:01:00,live,0,,
108215,2026-07-14,962539,Alex Verdugo,NYY,3,T3-Longshot,6582399,Pablo Lopez,0,48.6,60.0,33.1,v1,75.0,29.1,50.0,,3,,,default,0,300,2026-07-14 15:01:00,live,0,,
108216,2026-07-14,323261,Tyler Fitzgerald,SF,3,T3-Longshot,6636875,Aaron Nola,0,48.5,70.0,20.9,v1,51.7,27.8,45.4,,2,,,default,0,301,2026-07-14 15:01:00,live,0,,
108217,2026-07-14,983125,Spencer Torkelson,DET,2,T2-Mid,9261984,Corbin Burnes,0,48.4,70.0,15.8,v1,50.0,33.0,55.7,,1,,,default,0,302,2026-07-14 15:01:00,live,0,,
108218,2026-07-14,611803,Tommy Edman,LAD,2,T2-Mid,2949616,Yoshinobu Yamamoto,0,48.4,70.0,32.1,v1,38.3,2.6,50.0,,2,,,default,0,303,2026-07-14 15:01:00,live,0,,
108219,2026-07-14,673440,Riley Greene,DET,2,T2-Mid,6183952,Nestor Cortes,0,48.4,70.0,27.9,v1,36.7,9.8,54.5,,1,,,default,0,304,2026-07-14 15:01:00,live,0,,
108220,2026-07-14,650326,Chas McCormick,HOU,3,T3-Longshot,8693610,Robbie Ray,0,48.4,60.0,40.8,v1,50.0,23.1,42.7,,1,,,default,0,305,2026-07-14 15:01:00,live,0,,
108221,2026-07-14,927059,Jake Bauers,MIL,3,T3-Longshot,5794240,Lance Lynn,0,48.4,60.0,40.8,v1,51.7,17.3,50.0,,1,,,default,0,306,2026-07-14 15:01:00,live,0,,
108222,2026-07-14,748625,Daulton Varsho,TOR,2,T2-Mid,5555045,Max Fried,0,48.3,70.0,14.8,v1,100.0,23.5,47.3,,3,,,default,0,307,2026-07-14 15:01:00,live,0,,
108223,2026-07-14,438640,Jonathan India,CIN,3,T3-Longshot,8693610,Patrick Corbin,0,48.1,60.0,49.7,v1,50.0,0.0,42.7,,3,,,default,0,308,2026-07-14 15:01:00,live,0,,
108224,2026-07-14,244164,Michael Harris II,ATL,2,T2-Mid,2188346,Gerrit Cole,0,47.9,70.0,32.1,v1,31.7,0.0,50.0,,3,,,default,0,309,2026-07-14 15:01:00,live,0,,
108225,2026-07-14,268201,Jorge Soler,ATL,2,T2-Mid,8471331,Pablo Lopez,0,47.7,70.0,18.3,v1,40.0,25.4,53.3,,3,,,default,0,310,2026-07-14 15:01:00,live,0,,
108226,2026-07-14,211837,Zach Neto,LAA,3,T3-Longshot,6308892,Robbie Ray,0,47.7,60.0,42.4,v1,35.0,14.9,48.3,,2,,,default,0,311,2026-07-14 15:01:00,live,0,,
108227,2026-07-14,650326,Chas McCormick,HOU,3,T3-Longshot,2155985,Jordan Lyles,0,47.7,60.0,32.8,v1,46.7,34.0,47.2,,1,,,default,0,312,2026-07-14 15:01:00,live,0,,
108228,2026-07-14,94503,Ha-Seong Kim,SD,3,T3-Longshot,5297383,Aaron Nola,0,47.7,70.0,27.2,v1,53.3,3.4,48.8,,6,,,default,0,313,2026-07-14 15:01:00,live,0,,
108229,2026-07-14,488418,Michael Conforto,SF,2,T2-Mid,6118910,Shane McClanahan,0,47.6,70.0,21.0,v1,43.3,19.7,50.0,,5,,,default,0,314,2026-07-14 15:01:00,live,0,,
108230,2026-07-14,978399,Jake Burger,MIA,2,T2-Mid,2188346,Gerrit Cole,0,47.6,70.0,17.4,v1,35.0,31.5,50.0,,2,,,default,0,315,2026-07-14 15:01:00,live,0,,
108231,2026-07-14,782797,Nick Ahmed,MIN,3,T3-Longshot,8693610,Patrick Corbin,0,47.6,60.0,43.3,v1,50.0,10.7,42.7,,5,,,default,0,316,2026-07-14 15:01:00,live,0,,
108232,2026-07-14,372087,Taylor Ward,LAA,3,T3-Longshot,5794240,Yoshinobu Yamamoto,0,47.6,70.0,20.5,v1,61.7,14.5,50.0,,3,,,default,0,317,2026-07-14 15:01:00,live,0,,
108233,2026-07-14,543071,Andrew Vaughn,CWS,3,T3-Longshot,5794240,Lance Lynn,0,47.6,60.0,30.8,v1,61.7,30.7,50.0,,3,,,default,0,318,2026-07-14 15:01:00,live,0,,
108234,2026-07-14,543071,Andrew Vaughn,CWS,3,T3-Longshot,7858834,Blake Snell,0,47.5,60.0,30.4,v1,70.0,36.0,38.2,,1,,,default,0,319,2026-07-14 15:01:00,live,0,,
108235,2026-07-14,889356,Bo Bichette,TOR,2,T2-Mid,9261984,Corbin Burnes,0,47.4,70.0,22.8,v1,50.0,8.3,55.7,,5,,,default,0,320,2026-07-14 15:01:00,live,0,,
108236,2026-07-14,677300,Byron Buxton,MIN,2,T2-Mid,2188346,Mitch Keller,0,47.4,70.0,23.6,v1,35.0,15.4,50.0,,4,,,default,0,321,2026-07-14 15:01:00,live,0,,
108237,2026-07-14,424672,Keibert Ruiz,WSH,3,T3-Longshot,8693610,Patrick Corbin,0,47.3,60.0,46.5,v1,50.0,0.8,42.6,,2,,,default,0,322,2026-07-14 15:01:00,live,0,,
108238,2026-07-14,994655,Gavin Lux,LAD,3,T3-Longshot,6582399,Justin Verlander,0,47.2,60.0,37.7,v1,75.0,7.0,50.0,,3,,,default,0,323,2026-07-14 15:01:00,live,0,,
108239,2026-07-14,994655,Gavin Lux,LAD,3,T3-Longshot,5794240,Lance Lynn,0,47.2,60.0,43.9,v1,51.7,0.3,50.0,,5,,,default,0,324,2026-07-14 15:01:00,live,0,,
108240,2026-07-14,52799,Wenceel Perez,DET,2,T2-Mid,3439292,Logan Webb,0,47.1,70.0,24.2,v1,46.7,5.3,52.8,,2,,,default,0,325,2026-07-14 15:01:00,live,0,,
108241,2026-07-14,826769,Jose Iglesias,NYM,3,T3-Longshot,4121448,Blake Snell,0,47.0,60.0,38.3,v1,60.0,9.3,50.0,,1,,,default,0,326,2026-07-14 15:01:00,live,0,,
108242,2026-07-14,103550,Colton Cowser,BAL,2,T2-Mid,6183952,Nestor Cortes,0,46.9,70.0,23.1,v1,36.7,8.8,54.5,,4,,,default,0,327,2026-07-14 15:01:00,live,0,,
108243,2026-07-14,565661,Nolan Jones,COL,3,T3-Longshot,4121448,Justin Verlander,0,46.9,60.0,34.6,v1,63.3,15.5,50.0,,1,,,default,0,328,2026-07-14 15:01:00,live,0,,
108244,2026-07-14,259089,Brandon Marsh,PHI,3,T3-Longshot,3124135,Michael Wacha,0,46.9,60.0,40.9,v1,43.3,10.6,45.0,,2,,,default,0,329,2026-07-14 15:01:00,live,0,,
108245,2026-07-14,907253,Patrick Wisdom,CLE,3,T3-Longshot,8693610,Robbie Ray,0,46.8,60.0,39.2,v1,50.0,13.1,42.7,,2,,,default,0,330,2026-07-14 15:01:00,live,0,,
108246,2026-07-14,945891,Yoan Moncada,CLE,3,T3-Longshot,4336774,JP Sears,0,46.8,60.0,38.2,v1,58.3,10.8,45.6,,1,,,default,0,331,2026-07-14 15:01:00,live,0,,
108247,2026-07-14,563486,Willi Castro,MIN,3,T3-Longshot,4087075,Michael Wacha,0,46.7,60.0,37.7,v1,51.7,7.5,55.2,,3,,,default,0,332,2026-07-14 15:01:00,live,0,,
108248,2026-07-14,632909,Adam Frazier,KC,3,T3-Longshot,6636875,Aaron Nola,0,46.7,60.0,34.1,v1,58.3,16.5,50.3,,6,,,default,0,333,2026-07-14 15:01:00,live,0,,
108249,2026-07-14,826769,Jose Iglesias,NYM,3,T3-Longshot,6582399,Justin Verlander,0,46.7,60.0,32.5,v1,66.7,18.1,50.0,,2,,,default,0,334,2026-07-14 15:01:00,live,0,,
108250,2026-07-14,724455,J.T. Realmuto,PHI,2,T2-Mid,3439292,Logan Webb,0,46.6,70.0,16.4,v1,53.3,16.5,53.6,,2,,,default,0,335,2026-07-14 15:01:00,live,0,,
108251,2026-07-14,563486,Willi Castro,MIN,3,T3-Longshot,6308892,Robbie Ray,0,46.6,60.0,43.9,v1,30.0,0.6,52.9,,2,,,default,0,336,2026-07-14 15:01:00,live,0,,
108252,2026-07-14,953344,Dylan Carlson,STL,3,T3-Longshot,4336774,JP Sears,0,46.6,60.0,37.6,v1,58.3,10.6,45.6,,1,,,default,0,337,2026-07-14 15:01:00,live,0,,
108253,2026-07-14,886019,Xander Bogaerts,SD,2,T2-Mid,8471331,Logan Webb,0,46.5,70.0,22.7,v1,40.0,5.8,53.3,,3,,,default,0,338,2026-07-14 15:01:00,live,0,,
108254,2026-07-14,603164,Maikel Garcia,KC,3,T3-Longshot,6636875,Aaron Nola,0,46.5,70.0,24.1,v1,51.7,3.9,45.4,,2,,,default,0,339,2026-07-14 15:01:00,live,0,,
108255,2026-07-14,389012,Jake McCarthy,ARI,3,T3-Longshot,6636875,Bailey Ober,0,46.5,60.0,35.5,v1,58.3,11.8,50.3,,1,,,default,0,340,2026-07-14 15:01:00,live,0,,
108256,2026-07-14,742518,Yainer Diaz,HOU,3,T3-Longshot,3124135,Michael Wacha,0,46.5,60.0,29.3,v1,46.7,30.2,49.8,,4,,,default,0,341,2026-07-14 15:01:00,live,0,,
108257,2026-07-14,452683,Joey Meneses,WSH,3,T3-Longshot,6308892,Robbie Ray,0,46.4,60.0,39.2,v1,35.0,11.4,48.3,,4,,,default,0,342,2026-07-14 15:01:00,live,0,,
108258,2026-07-14,742518,Yainer Diaz,HOU,3,T3-Longshot,4121448,Justin Verlander,0,46.4,60.0,29.3,v1,60.0,24.9,50.0,,3,,,default,0,343,2026-07-14 15:01:00,live,0,,
108259,2026-07-14,94503,Ha-Seong Kim,SD,3,T3-Longshot,4354093,Sonny Gray,0,46.3,70.0,23.1,v1,58.3,1.7,46.6,,4,,,default,0,344,2026-07-14 15:01:00,live,0,,
108260,2026-07-14,945891,Yoan Moncada,CLE,3,T3-Longshot,5297383,Aaron Nola,0,46.3,60.0,34.1,v1,41.7,20.1,49.1,,2,,,default,0,345,2026-07-14 15:01:00,live,0,,
108261,2026-07-14,211837,Zach Neto,LAA,3,T3-Longshot,2155985,Jordan Lyles,0,46.2,60.0,34.4,v1,46.7,17.6,47.2,,3,,,default,0,346,2026-07-14 15:01:00,live,0,,
108262,2026-07-14,211837,Zach Neto,LAA,3,T3-Longshot,9164384,JP Sears,0,46.2,60.0,38.2,v1,33.3,12.4,49.1,,1,,,default,0,347,2026-07-14 15:01:00,live,0,,
108263,2026-07-14,488418,Michael Conforto,SF,2,T2-Mid,5555045,Max Fried,0,46.1,70.0,14.8,v1,100.0,4.4,47.3,,1,,,default,0,348,2026-07-14 15:01:00,live,0,,
108264,2026-07-14,558909,Justin Turner,SEA,3,T3-Longshot,4121448,Blake Snell,0,46.1,60.0,33.6,v1,60.0,12.8,50.0,,2,,,default,0,349,2026-07-14 15:01:00,live,0,,
108265,2026-07-14,269688,Garrett Cooper,WSH,3,T3-Longshot,4121448,Blake Snell,0,46.0,60.0,32.0,v1,60.0,15.1,50.0,,1,,,default,0,350,2026-07-14 15:01:00,live,0,,
108266,2026-07-14,141947,Thairo Estrada,SF,3,T3-Longshot,7858834,Chris Sale,0,46.0,60.0,34.1,v1,70.0,15.4,38.2,,3,,,default,0,351,2026-07-14 15:01:00,live,0,,
108267,2026-07-14,565661,Nolan Jones,COL,3,T3-Longshot,5297383,Michael Wacha,0,45.9,60.0,34.6,v1,30.0,19.1,49.4,,3,,,default,0,352,2026-07-14 15:01:00,live,0,,
108268,2026-07-14,532984,Brandon Lowe,TB,3,T3-Longshot,6582399,Justin Verlander,0,45.8,60.0,34.6,v1,75.0,2.8,50.0,,4,,,default,0,353,2026-07-14 15:01:00,live,0,,
108269,2026-07-14,603164,Maikel Garcia,KC,3,T3-Longshot,6582399,Pablo Lopez,0,45.8,70.0,19.9,v1,66.7,0.0,50.0,,5,,,default,0,354,2026-07-14 15:01:00,live,0,,
108270,2026-07-14,953344,Dylan Carlson,STL,3,T3-Longshot,5297383,Michael Wacha,0,45.8,60.0,35.5,v1,41.7,12.3,49.1,,3,,,default,0,355,2026-07-14 15:01:00,live,0,,
108271,2026-07-14,563486,Willi Castro,MIN,3,T3-Longshot,7858834,Blake Snell,0,45.7,60.0,33.6,v1,80.8,8.3,41.2,,3,,,default,0,356,2026-07-14 15:01:00,live,0,,
108272,2026-07-14,476555,Enrique Hernandez,LAD,3,T3-Longshot,4336774,JP Sears,0,45.7,60.0,36.6,v1,61.7,1.1,50.9,,4,,,default,0,357,2026-07-14 15:01:00,live,0,,
108273,2026-07-14,907253,Patrick Wisdom,CLE,3,T3-Longshot,9164384,JP Sears,0,45.6,60.0,35.0,v1,33.3,14.4,49.1,,5,,,default,0,358,2026-07-14 15:01:00,live,0,,
108274,2026-07-14,969934,Spencer Steer,CIN,3,T3-Longshot,7858834,Blake Snell,0,45.5,60.0,33.6,v1,70.0,11.8,38.2,,4,,,default,0,359,2026-07-14 15:01:00,live,0,,
108275,2026-07-14,565661,Nolan Jones,COL,3,T3-Longshot,6308892,Robbie Ray,0,45.4,60.0,30.8,v1,25.0,20.1,57.5,,5,,,default,0,360,2026-07-14 15:01:00,live,0,,
108276,2026-07-14,83284,Leody Taveras,TEX,3,T3-Longshot,4121448,Justin Verlander,0,45.4,60.0,33.0,v1,61.7,7.6,50.0,,3,,,default,0,361,2026-07-14 15:01:00,live,0,,
108277,2026-07-14,211837,Zach Neto,LAA,3,T3-Longshot,4121448,Blake Snell,0,45.4,60.0,32.0,v1,60.0,10.5,50.0,,4,,,default,0,362,2026-07-14 15:01:00,live,0,,
108278,2026-07-14,994655,Gavin Lux,LAD,3,T3-Longshot,3124135,Michael Wacha,0,45.4,60.0,37.7,v1,43.3,5.6,45.0,,5,,,default,0,363,2026-07-14 15:01:00,live,0,,
108279,2026-07-14,619310,Paul Goldschmidt,NYY,3,T3-Longshot,6308892,Joe Ryan,0,45.3,60.0,31.4,v1,35.0,20.2,48.3,,3,,,default,0,364,2026-07-14 15:01:00,live,0,,
108280,2026-07-14,389012,Jake McCarthy,ARI,3,T3-Longshot,4354093,Sonny Gray,0,45.2,60.0,29.3,v1,96.7,6.6,44.3,,5,,,default,0,365,2026-07-14 15:01:00,live,0,,
108281,2026-07-14,323261,Tyler Fitzgerald,SF,3,T3-Longshot,2155985,Mitch Keller,0,45.2,70.0,18.8,v1,46.7,5.5,47.2,,3,,,default,0,366,2026-07-14 15:01:00,live,0,,
108282,2026-07-14,452683,Joey Meneses,WSH,3,T3-Longshot,4087075,Michael Wacha,0,45.2,60.0,23.0,v1,51.7,30.6,53.1,,3,,,default,0,367,2026-07-14 15:01:00,live,0,,
108283,2026-07-14,216367,Luis Rengifo,LAA,3,T3-Longshot,3124135,Bailey Ober,0,45.2,60.0,37.7,v1,45.0,1.7,47.4,,2,,,default,0,368,2026-07-14 15:01:00,live,0,,
108284,2026-07-14,390345,Andres Gimenez,CLE,3,T3-Longshot,3124135,Bailey Ober,0,45.2,60.0,39.3,v1,43.3,0.5,45.0,,3,,,default,0,369,2026-07-14 15:01:00,live,0,,
108285,2026-07-14,871564,Luis Garcia Jr.,WSH,3,T3-Longshot,4354093,Sonny Gray,0,45.1,60.0,28.3,v1,96.7,7.6,44.3,,4,,,default,0,370,2026-07-14 15:01:00,live,0,,
108286,2026-07-14,994655,Gavin Lux,LAD,3,T3-Longshot,1309690,Yoshinobu Yamamoto,0,45.1,60.0,27.4,v1,50.0,20.4,52.6,,6,,,default,0,371,2026-07-14 15:01:00,live,0,,
108287,2026-07-14,565661,Nolan Jones,COL,3,T3-Longshot,4354093,Spencer Strider,0,45.0,60.0,26.3,v1,96.7,11.9,44.3,,4,,,default,0,372,2026-07-14 15:01:00,live,0,,
108288,2026-07-14,542634,Jon Berti,MIA,3,T3-Longshot,2155985,Mitch Keller,0,45.0,60.0,23.6,v1,46.7,32.6,47.2,,4,,,default,0,373,2026-07-14 15:01:00,live,0,,
108289,2026-07-14,962539,Alex Verdugo,NYY,3,T3-Longshot,5297383,Aaron Nola,0,45.0,60.0,37.2,v1,30.0,4.9,49.4,,2,,,default,0,374,2026-07-14 15:01:00,live,0,,
108290,2026-07-14,259089,Brandon Marsh,PHI,3,T3-Longshot,6308892,Robbie Ray,0,44.9,60.0,37.1,v1,25.0,0.8,57.5,,5,,,default,0,375,2026-07-14 15:01:00,live,0,,
108291,2026-07-14,565661,Nolan Jones,COL,3,T3-Longshot,6636875,Aaron Nola,0,44.9,60.0,32.5,v1,58.3,5.7,50.3,,1,,,default,0,376,2026-07-14 15:01:00,live,0,,
108292,2026-07-14,543071,Andrew Vaughn,CWS,3,T3-Longshot,2155985,Jordan Lyles,0,44.8,60.0,32.8,v1,46.7,9.9,47.2,,2,,,default,0,377,2026-07-14 15:01:00,live,0,,
108293,2026-07-14,929077,Jake Cronenworth,SD,3,T3-Longshot,9164384,JP Sears,0,44.8,60.0,33.0,v1,3.3,25.7,44.9,,3,,,default,0,378,2026-07-14 15:01:00,live,0,,
108294,2026-07-14,945891,Yoan Moncada,CLE,3,T3-Longshot,9164384,JP Sears,0,44.8,60.0,38.2,v1,18.3,6.4,47.0,,5,,,default,0,379,2026-07-14 15:01:00,live,0,,
108295,2026-07-14,962539,Alex Verdugo,NYY,3,T3-Longshot,4087075,Pablo Lopez,0,44.7,60.0,33.1,v1,51.7,0.0,57.2,,1,,,default,0,380,2026-07-14 15:01:00,live,0,,
108296,2026-07-14,782797,Nick Ahmed,MIN,3,T3-Longshot,7858834,Chris Sale,0,44.6,60.0,30.9,v1,70.0,10.5,38.2,,1,,,default,0,381,2026-07-14 15:01:00,live,0,,
108297,2026-07-14,83284,Leody Taveras,TEX,3,T3-Longshot,7858834,Chris Sale,0,44.6,60.0,30.9,v1,80.8,5.5,41.2,,3,,,default,0,382,2026-07-14 15:01:00,live,0,,
108298,2026-07-14,83284,Leody Taveras,TEX,3,T3-Longshot,6308892,Joe Ryan,0,44.5,60.0,35.0,v1,30.0,3.6,52.9,,1,,,default,0,383,2026-07-14 15:01:00,live,0,,
108299,2026-07-14,632909,Adam Frazier,KC,3,T3-Longshot,2155985,Mitch Keller,0,44.5,60.0,32.0,v1,53.7,6.2,47.6,,6,,,default,0,384,2026-07-14 15:01:00,live,0,,
108300,2026-07-14,563486,Willi Castro,MIN,3,T3-Longshot,4336774,Spencer Strider,0,44.5,60.0,29.4,v1,58.3,12.1,45.6,,3,,,default,0,385,2026-07-14 15:01:00,live,0,,
108301,2026-07-14,656872,Gio Urshela,ATL,3,T3-Longshot,5794240,Lance Lynn,0,44.5,60.0,32.4,v1,61.7,1.2,50.0,,2,,,default,0,386,2026-07-14 15:01:00,live,0,,
108302,2026-07-14,945891,Yoan Moncada,CLE,3,T3-Longshot,6582399,Pablo Lopez,0,44.3,60.0,29.9,v1,70.8,2.7,50.0,,1,,,default,0,387,2026-07-14 15:01:00,live,0,,
108303,2026-07-14,250525,Isiah Kiner-Falefa,PIT,3,T3-Longshot,6582399,Justin Verlander,0,44.2,60.0,24.6,v1,66.7,15.1,50.0,,6,,,default,0,388,2026-07-14 15:01:00,live,0,,
108304,2026-07-14,532984,Brandon Lowe,TB,3,T3-Longshot,8693610,Robbie Ray,0,44.2,60.0,30.8,v1,50.0,11.7,42.6,,3,,,default,0,389,2026-07-14 15:01:00,live,0,,
108305,2026-07-14,141947,Thairo Estrada,SF,3,T3-Longshot,2155985,Jordan Lyles,0,44.1,60.0,34.4,v1,46.7,0.0,47.2,,6,,,default,0,390,2026-07-14 15:01:00,live,0,,
108306,2026-07-14,994655,Gavin Lux,LAD,3,T3-Longshot,8693610,Robbie Ray,0,44.1,60.0,33.9,v1,50.0,3.5,42.6,,3,,,default,0,391,2026-07-14 15:01:00,live,0,,
108307,2026-07-14,871564,Luis Garcia Jr.,WSH,3,T3-Longshot,8693610,Patrick Corbin,0,44.1,60.0,34.9,v1,50.0,0.9,42.6,,1,,,default,0,392,2026-07-14 15:01:00,live,0,,
108308,2026-07-14,250525,Isiah Kiner-Falefa,PIT,3,T3-Longshot,5297383,Michael Wacha,0,44.1,60.0,24.6,v1,53.3,19.7,48.8,,4,,,default,0,393,2026-07-14 15:01:00,live,0,,
108309,2026-07-14,945891,Yoan Moncada,CLE,3,T3-Longshot,4354093,Sonny Gray,0,43.9,60.0,29.9,v1,77.5,0.0,45.5,,1,,,default,0,394,2026-07-14 15:01:00,live,0,,
108310,2026-07-14,438640,Jonathan India,CIN,3,T3-Longshot,4121448,Justin Verlander,0,43.9,60.0,29.3,v1,60.0,3.8,50.0,,4,,,default,0,395,2026-07-14 15:01:00,live,0,,
108311,2026-07-14,268201,Jorge Soler,ATL,2,T2-Mid,2949616,Yoshinobu Yamamoto,0,43.8,70.0,14.2,v1,43.3,4.2,50.0,,2,,,default,0,396,2026-07-14 15:01:00,live,0,,
108312,2026-07-14,563486,Willi Castro,MIN,3,T3-Longshot,4354093,Spencer Strider,0,43.8,60.0,29.4,v1,77.5,0.0,45.5,,3,,,default,0,397,2026-07-14 15:01:00,live,0,,
108313,2026-07-14,619310,Paul Goldschmidt,NYY,3,T3-Longshot,4087075,Pablo Lopez,0,43.8,60.0,23.1,v1,51.7,18.2,53.1,,3,,,default,0,398,2026-07-14 15:01:00,live,0,,
108314,2026-07-14,543071,Andrew Vaughn,CWS,3,T3-Longshot,1309690,Yoshinobu Yamamoto,0,43.8,60.0,14.2,v1,80.0,30.0,52.4,,2,,,default,0,399,2026-07-14 15:01:00,live,0,,
108315,2026-07-14,250525,Isiah Kiner-Falefa,PIT,3,T3-Longshot,2155985,Jordan Lyles,0,43.7,60.0,32.8,v1,46.7,0.7,47.2,,5,,,default,0,400,2026-07-14 15:01:00,live,0,,
108316,2026-07-14,436974,Tommy Pham,STL,3,T3-Longshot,6636875,Bailey Ober,0,43.7,60.0,23.0,v1,51.7,23.3,45.4,,3,,,default,0,401,2026-07-14 15:01:00,live,0,,
108317,2026-07-14,558909,Justin Turner,SEA,3,T3-Longshot,6636875,Bailey Ober,0,43.7,60.0,27.7,v1,51.7,12.1,45.4,,4,,,default,0,402,2026-07-14 15:01:00,live,0,,
108318,2026-07-14,532984,Brandon Lowe,TB,3,T3-Longshot,4354093,Spencer Strider,0,43.6,60.0,26.3,v1,96.7,0.0,44.3,,3,,,default,0,403,2026-07-14 15:01:00,live,0,,
108319,2026-07-14,953344,Dylan Carlson,STL,3,T3-Longshot,4087075,Pablo Lopez,0,43.6,60.0,29.3,v1,51.7,0.8,55.2,,3,,,default,0,404,2026-07-14 15:01:00,live,0,,
108320,2026-07-14,742518,Yainer Diaz,HOU,3,T3-Longshot,9164384,Nestor Cortes,0,43.6,60.0,33.1,v1,33.3,2.3,49.1,,3,,,default,0,405,2026-07-14 15:01:00,live,0,,
108321,2026-07-14,619310,Paul Goldschmidt,NYY,3,T3-Longshot,5297383,Aaron Nola,0,43.5,60.0,27.2,v1,53.3,8.4,48.8,,3,,,default,0,406,2026-07-14 15:01:00,live,0,,
108322,2026-07-14,438640,Jonathan India,CIN,3,T3-Longshot,3124135,Michael Wacha,0,43.5,60.0,29.3,v1,46.7,5.7,49.8,,2,,,default,0,407,2026-07-14 15:01:00,live,0,,
108323,2026-07-14,542634,Jon Berti,MIA,3,T3-Longshot,6308892,Joe Ryan,0,43.4,60.0,29.8,v1,35.0,7.9,48.3,,4,,,default,0,408,2026-07-14 15:01:00,live,0,,
108324,2026-07-14,436974,Tommy Pham,STL,3,T3-Longshot,4121448,Blake Snell,0,43.3,60.0,28.8,v1,60.0,0.4,50.0,,5,,,default,0,409,2026-07-14 15:01:00,live,0,,
108325,2026-07-14,436974,Tommy Pham,STL,3,T3-Longshot,7858834,Chris Sale,0,43.3,60.0,30.9,v1,70.0,0.0,38.2,,4,,,default,0,410,2026-07-14 15:01:00,live,0,,
108326,2026-07-14,10757,Nick Castellanos,PHI,3,T3-Longshot,4087075,Pablo Lopez,0,43.2,60.0,21.5,v1,51.7,16.9,53.1,,4,,,default,0,411,2026-07-14 15:01:00,live,0,,
108327,2026-07-14,650326,Chas McCormick,HOU,3,T3-Longshot,6582399,Pablo Lopez,0,43.2,60.0,18.3,v1,66.7,22.1,50.0,,3,,,default,0,412,2026-07-14 15:01:00,live,0,,
108328,2026-07-14,565661,Nolan Jones,COL,3,T3-Longshot,4336774,Spencer Strider,0,43.2,60.0,26.3,v1,55.0,13.5,40.3,,2,,,default,0,413,2026-07-14 15:01:00,live,0,,
108329,2026-07-14,390345,Andres Gimenez,CLE,3,T3-Longshot,5794240,Yoshinobu Yamamoto,0,43.2,60.0,28.9,v1,51.7,2.1,50.0,,4,,,default,0,414,2026-07-14 15:01:00,live,0,,
108330,2026-07-14,927059,Jake Bauers,MIL,3,T3-Longshot,1309690,Yoshinobu Yamamoto,0,43.1,60.0,24.2,v1,50.0,10.9,52.6,,5,,,default,0,415,2026-07-14 15:01:00,live,0,,
108331,2026-07-14,927059,Jake Bauers,MIL,3,T3-Longshot,7858834,Chris Sale,0,43.1,60.0,22.5,v1,91.7,6.7,44.2,,4,,,default,0,416,2026-07-14 15:01:00,live,0,,
108332,2026-07-14,543071,Andrew Vaughn,CWS,3,T3-Longshot,9164384,Nestor Cortes,0,43.1,60.0,28.3,v1,33.3,9.4,49.1,,5,,,default,0,417,2026-07-14 15:01:00,live,0,,
108333,2026-07-14,354002,Manuel Margot,MIN,3,T3-Longshot,4087075,Michael Wacha,0,43.0,60.0,23.0,v1,51.7,12.2,53.1,,1,,,default,0,418,2026-07-14 15:01:00,live,0,,
108334,2026-07-14,969934,Spencer Steer,CIN,3,T3-Longshot,4087075,Pablo Lopez,0,42.9,60.0,21.5,v1,51.7,14.6,53.1,,4,,,default,0,419,2026-07-14 15:01:00,live,0,,
108335,2026-07-14,465554,Whit Merrifield,ATL,3,T3-Longshot,4336774,Spencer Strider,0,42.9,60.0,16.3,v1,61.7,24.8,50.9,,2,,,default,0,420,2026-07-14 15:01:00,live,0,,
108336,2026-07-14,599814,Brendan Rodgers,COL,3,T3-Longshot,9164384,Nestor Cortes,0,42.9,60.0,28.3,v1,33.3,7.3,49.1,,1,,,default,0,421,2026-07-14 15:01:00,live,0,,
108337,2026-07-14,969934,Spencer Steer,CIN,3,T3-Longshot,5297383,Aaron Nola,0,42.8,60.0,25.7,v1,53.3,6.6,48.8,,5,,,default,0,422,2026-07-14 15:01:00,live,0,,
108338,2026-07-14,558909,Justin Turner,SEA,3,T3-Longshot,5297383,Michael Wacha,0,42.8,60.0,27.7,v1,53.3,1.5,48.8,,2,,,default,0,423,2026-07-14 15:01:00,live,0,,
108339,2026-07-14,632909,Adam Frazier,KC,3,T3-Longshot,7858834,Blake Snell,0,42.8,60.0,22.0,v1,91.7,5.0,44.2,,3,,,default,0,424,2026-07-14 15:01:00,live,0,,
108340,2026-07-14,354002,Manuel Margot,MIN,3,T3-Longshot,7858834,Blake Snell,0,42.7,60.0,28.8,v1,70.0,0.0,38.2,,3,,,default,0,425,2026-07-14 15:01:00,live,0,,
108341,2026-07-14,971021,Lane Thomas,CLE,3,T3-Longshot,5794240,Yoshinobu Yamamoto,0,42.7,60.0,14.2,v1,61.7,28.5,50.0,,2,,,default,0,426,2026-07-14 15:01:00,live,0,,
108342,2026-07-14,656872,Gio Urshela,ATL,3,T3-Longshot,4087075,Michael Wacha,0,42.6,60.0,26.1,v1,51.7,1.3,53.1,,5,,,default,0,427,2026-07-14 15:01:00,live,0,,
108343,2026-07-14,826769,Jose Iglesias,NYM,3,T3-Longshot,2155985,Mitch Keller,0,42.4,60.0,28.3,v1,46.7,0.2,47.2,,1,,,default,0,428,2026-07-14 15:01:00,live,0,,
108344,2026-07-14,141947,Thairo Estrada,SF,3,T3-Longshot,4087075,Michael Wacha,0,42.4,60.0,26.1,v1,51.7,0.0,53.1,,1,,,default,0,429,2026-07-14 15:01:00,live,0,,
108345,2026-07-14,233508,Harrison Bader,SF,3,T3-Longshot,5297383,Michael Wacha,0,42.3,60.0,23.0,v1,53.3,8.5,48.8,,2,,,default,0,430,2026-07-14 15:01:00,live,0,,
108346,2026-07-14,969934,Spencer Steer,CIN,3,T3-Longshot,4354093,Sonny Gray,0,42.2,60.0,21.5,v1,58.3,10.9,46.6,,1,,,default,0,431,2026-07-14 15:01:00,live,0,,
108347,2026-07-14,452683,Joey Meneses,WSH,3,T3-Longshot,6636875,Bailey Ober,0,42.2,60.0,23.0,v1,51.7,10.8,45.4,,5,,,default,0,432,2026-07-14 15:01:00,live,0,,
108348,2026-07-14,871564,Luis Garcia Jr.,WSH,3,T3-Longshot,1309690,Yoshinobu Yamamoto,0,42.1,60.0,24.2,v1,50.0,2.4,52.6,,4,,,default,0,433,2026-07-14 15:01:00,live,0,,
108349,2026-07-14,451089,Kevin Newman,ARI,3,T3-Longshot,3124135,Bailey Ober,0,42.1,60.0,23.0,v1,46.7,8.5,49.8,,3,,,default,0,434,2026-07-14 15:01:00,live,0,,
108350,2026-07-14,971021,Lane Thomas,CLE,3,T3-Longshot,6582399,Pablo Lopez,0,41.9,60.0,18.3,v1,66.7,10.8,50.0,,6,,,default,0,435,2026-07-14 15:01:00,live,0,,
108351,2026-07-14,782797,Nick Ahmed,MIN,3,T3-Longshot,2155985,Mitch Keller,0,41.8,60.0,18.8,v1,46.7,17.4,47.2,,5,,,default,0,436,2026-07-14 15:01:00,live,0,,
108352,2026-07-14,438640,Jonathan India,CIN,3,T3-Longshot,5794240,Yoshinobu Yamamoto,0,41.8,60.0,18.9,v1,61.7,10.1,50.0,,5,,,default,0,437,2026-07-14 15:01:00,live,0,,
108353,2026-07-14,476555,Enrique Hernandez,LAD,3,T3-Longshot,6636875,Bailey Ober,0,41.4,60.0,24.6,v1,51.7,0.0,45.4,,2,,,default,0,438,2026-07-14 15:01:00,live,0,,
108354,2026-07-14,599814,Brendan Rodgers,COL,3,T3-Longshot,4354093,Spencer Strider,0,41.3,60.0,16.3,v1,58.3,16.1,46.6,,1,,,default,0,439,2026-07-14 15:01:00,live,0,,
108355,2026-07-14,599814,Brendan Rodgers,COL,3,T3-Longshot,4336774,Spencer Strider,0,41.2,60.0,16.3,v1,61.7,10.8,50.9,,2,,,default,0,440,2026-07-14 15:01:00,live,0,,
108356,2026-07-14,233508,Harrison Bader,SF,3,T3-Longshot,6308892,Joe Ryan,0,41.1,60.0,25.0,v1,35.0,0.0,48.3,,5,,,default,0,441,2026-07-14 15:01:00,live,0,,
108357,2026-07-14,452683,Joey Meneses,WSH,3,T3-Longshot,3124135,Bailey Ober,0,41.1,60.0,23.0,v1,46.7,0.0,49.8,,3,,,default,0,442,2026-07-14 15:01:00,live,0,,
108358,2026-07-14,233508,Harrison Bader,SF,3,T3-Longshot,6636875,Aaron Nola,0,40.3,60.0,20.9,v1,51.7,0.0,45.4,,4,,,default,0,443,2026-07-14 15:01:00,live,0,,
108359,2026-07-14,656872,Gio Urshela,ATL,3,T3-Longshot,4336774,Spencer Strider,0,40.3,60.0,17.8,v1,61.7,0.0,50.9,,4,,,default,0,444,2026-07-14 15:01:00,live,0,,
108360,2026-07-14,871564,Luis Garcia Jr.,WSH,3,T3-Longshot,9164384,JP Sears,0,40.1,60.0,26.6,v1,3.3,0.8,44.9,,1,,,default,0,445,2026-07-14 15:01:00,live,0,,
108361,2026-07-14,656872,Gio Urshela,ATL,3,T3-Longshot,4354093,Spencer Strider,0,39.9,60.0,17.8,v1,58.3,0.0,46.6,,4,,,default,0,446,2026-07-14 15:01:00,live,0,,
108362,2026-07-14,962539,Alex Verdugo,NYY,3,T3-Longshot,9164384,Nestor Cortes,0,39.0,60.0,23.1,v1,3.3,0.0,44.9,,3,,,default,0,447,2026-07-14 15:01:00,live,0,,
108363,2026-07-14,436974,Tommy Pham,STL,3,T3-Longshot,5794240,Yoshinobu Yamamoto,0,38.9,60.0,12.6,v1,61.7,1.1,50.0,,3,,,default,0,448,2026-07-14 15:01:00,live,0,,
108364,2026-07-15,341104,Aaron Judge,NYY,1,T1-Chalk,3354437,Bailey Ober,0,75.2,96.0,53.1,v1,80.0,62.9,43.2,,6,,,default,1,1,2026-07-15 14:59:10,offline_simulation,0,,
108365,2026-07-15,341104,Aaron Judge,NYY,1,T1-Chalk,9087602,Pablo Lopez,0,74.2,96.0,46.9,v1,48.3,78.9,44.8,,2,,,default,0,2,2026-07-15 14:59:10,offline_simulation,0,,
108366,2026-07-15,341104,Aaron Judge,NYY,1,T1-Chalk,9781974,Justin Verlander,0,73.4,96.0,53.1,v1,70.0,53.8,40.3,,4,,,default,0,3,2026-07-15 14:59:10,offline_simulation,0,,
108367,2026-07-15,92758,Shohei Ohtani,LAD,1,T1-Chalk,5558854,Eduardo Rodriguez,0,72.7,92.3,46.3,v1,53.3,77.8,50.0,,1,,,default,1,4,2026-07-15 14:59:10,offline_simulation,0,,
108368,2026-07-15,786063,Juan Soto,NYM,1,T1-Chalk,6337472,Sonny Gray,0,72.1,85.0,55.3,v1,100.0,61.9,54.3,,3,,,default,1,5,2026-07-15 14:59:10,offline_simulation,0,,
108369,2026-07-15,672218,Kyle Schwarber,PHI,1,T1-Chalk,9781974,Justin Verlander,0,71.7,90.5,55.8,v1,91.7,45.7,44.1,,3,,,default,1,6,2026-07-15 14:59:10,offline_simulation,0,,
108370,2026-07-15,401878,Rafael Devers,SF,1,T1-Chalk,7706851,Jordan Lyles,0,70.4,85.0,66.0,v1,75.0,37.1,46.3,,3,,,default,1,7,2026-07-15 14:59:10,offline_simulation,0,,
108371,2026-07-15,786063,Juan Soto,NYM,1,T1-Chalk,9351549,Aaron Nola,0,70.2,85.0,59.5,v1,43.3,51.5,60.6,,2,,,default,0,8,2026-07-15 14:59:10,offline_simulation,0,,
108372,2026-07-15,401878,Rafael Devers,SF,1,T1-Chalk,9351549,Aaron Nola,0,70.1,85.0,55.7,v1,43.3,59.9,60.6,,4,,,default,0,9,2026-07-15 14:59:10,offline_simulation,0,,
108373,2026-07-15,672218,Kyle Schwarber,PHI,1,T1-Chalk,9087602,Corbin Burnes,0,69.7,90.5,45.4,v1,48.3,65.0,47.9,,1,,,default,0,10,2026-07-15 14:59:10,offline_simulation,0,,
108374,2026-07-15,155466,Pete Alonso,NYM,1,T1-Chalk,6532784,Blake Snell,0,69.4,89.5,49.4,v1,43.3,57.4,50.0,,4,,,default,1,11,2026-07-15 14:59:10,offline_simulation,0,,
108375,2026-07-15,401878,Rafael Devers,SF,1,T1-Chalk,9781974,Justin Verlander,0,69.2,85.0,57.7,v1,91.7,41.8,44.1,,1,,,default,0,12,2026-07-15 14:59:10,offline_simulation,0,,
108376,2026-07-15,441744,Yordan Alvarez,HOU,1,T1-Chalk,6337472,Sonny Gray,0,69.0,85.0,53.7,v1,100.0,40.2,54.3,,5,,,default,1,13,2026-07-15 14:59:10,offline_simulation,0,,
108377,2026-07-15,401878,Rafael Devers,SF,1,T1-Chalk,6532784,Luis Castillo,0,68.6,85.0,53.6,v1,43.3,58.9,50.0,,1,,,default,0,14,2026-07-15 14:59:10,offline_simulation,0,,
108378,2026-07-15,900980,Corey Seager,TEX,1,T1-Chalk,1725324,Joe Ryan,0,68.4,85.0,54.7,v1,63.3,47.6,50.0,,1,,,default,1,15,2026-07-15 14:59:10,offline_simulation,0,,
108379,2026-07-15,464772,Giancarlo Stanton,NYY,1,T1-Chalk,6337472,Nestor Cortes,0,67.9,85.0,42.6,v1,96.7,58.4,53.4,,3,,,default,0,16,2026-07-15 14:59:10,offline_simulation,0,,
108380,2026-07-15,900980,Corey Seager,TEX,1,T1-Chalk,1232101,Bailey Ober,0,67.7,85.0,52.6,v1,51.7,51.0,50.0,,6,,,default,0,17,2026-07-15 14:59:10,offline_simulation,0,,
108381,2026-07-15,911495,Gunnar Henderson,BAL,1,T1-Chalk,7706851,Pablo Lopez,0,67.5,86.7,45.2,v1,62.5,56.8,49.0,,6,,,default,0,18,2026-07-15 14:59:10,offline_simulation,0,,
108382,2026-07-15,911495,Gunnar Henderson,BAL,1,T1-Chalk,9087602,Pablo Lopez,0,67.1,86.7,45.2,v1,48.3,59.6,46.3,,3,,,default,0,19,2026-07-15 14:59:10,offline_simulation,0,,
108383,2026-07-15,672218,Kyle Schwarber,PHI,1,T1-Chalk,3354437,Shane McClanahan,0,67.0,90.5,37.5,v1,50.0,64.6,40.9,,4,,,default,0,20,2026-07-15 14:59:10,offline_simulation,0,,
108384,2026-07-15,810066,Jazz Chisholm Jr.,NYY,1,T1-Chalk,7706851,Jordan Lyles,0,66.8,85.0,56.5,v1,75.0,28.8,46.3,,6,,,default,0,21,2026-07-15 14:59:10,offline_simulation,0,,
108385,2026-07-15,155466,Pete Alonso,NYM,1,T1-Chalk,6337472,Sonny Gray,0,66.8,89.5,37.4,v1,96.7,43.2,53.4,,2,,,default,0,22,2026-07-15 14:59:10,offline_simulation,0,,
108386,2026-07-15,722687,Jose Altuve,HOU,1,T1-Chalk,5558854,Eduardo Rodriguez,0,66.6,85.0,50.6,v1,63.3,42.3,50.0,,3,,,default,0,23,2026-07-15 14:59:10,offline_simulation,0,,
108387,2026-07-15,155466,Pete Alonso,NYM,1,T1-Chalk,2510540,Tarik Skubal,0,66.5,89.5,41.2,v1,53.3,48.2,51.4,,3,,,default,0,24,2026-07-15 14:59:10,offline_simulation,0,,
108388,2026-07-15,934257,Marcell Ozuna,ATL,1,T1-Chalk,9351549,Shane McClanahan,0,66.4,85.0,41.2,v1,46.7,61.5,60.6,,1,,,default,0,25,2026-07-15 14:59:10,offline_simulation,0,,
108389,2026-07-15,464772,Giancarlo Stanton,NYY,1,T1-Chalk,5558854,Blake Snell,0,66.2,85.0,44.7,v1,63.3,53.0,50.0,,2,,,default,0,26,2026-07-15 14:59:10,offline_simulation,0,,
108390,2026-07-15,786063,Juan Soto,NYM,1,T1-Chalk,8507912,Logan Webb,0,66.0,85.0,47.0,v1,33.3,52.0,55.3,,3,,,default,0,27,2026-07-15 14:59:10,offline_simulation,0,,
108391,2026-07-15,401878,Rafael Devers,SF,1,T1-Chalk,5558854,Eduardo Rodriguez,0,66.0,85.0,45.7,v1,53.3,52.7,50.0,,4,,,default,0,28,2026-07-15 14:59:10,offline_simulation,0,,
108392,2026-07-15,155466,Pete Alonso,NYM,1,T1-Chalk,1232101,Bailey Ober,0,66.0,89.5,43.6,v1,61.7,36.6,50.0,,3,,,default,0,29,2026-07-15 14:59:10,offline_simulation,0,,
108393,2026-07-15,656484,Mookie Betts,LAD,1,T1-Chalk,3467734,Shane McClanahan,0,65.9,85.0,50.1,v1,53.3,41.2,50.7,,6,,,default,0,30,2026-07-15 14:59:10,offline_simulation,0,,
108394,2026-07-15,722687,Jose Altuve,HOU,1,T1-Chalk,1232101,Bailey Ober,0,65.4,85.0,42.6,v1,61.7,51.5,50.0,,5,,,default,0,31,2026-07-15 14:59:10,offline_simulation,0,,
108395,2026-07-15,786063,Juan Soto,NYM,1,T1-Chalk,2510540,Blake Snell,0,65.2,85.0,47.4,v1,53.3,44.3,46.0,,5,,,default,0,32,2026-07-15 14:59:10,offline_simulation,0,,
108396,2026-07-15,656484,Mookie Betts,LAD,1,T1-Chalk,9351549,Shane McClanahan,0,65.1,85.0,50.1,v1,46.7,30.1,60.6,,5,,,default,0,33,2026-07-15 14:59:10,offline_simulation,0,,
108397,2026-07-15,280989,Freddie Freeman,LAD,1,T1-Chalk,1725324,Sonny Gray,0,65.0,85.0,50.6,v1,63.3,29.1,50.0,,4,,,default,0,34,2026-07-15 14:59:10,offline_simulation,0,,
108398,2026-07-15,101956,George Springer,TOR,1,T1-Chalk,7706851,Jordan Lyles,0,64.7,85.0,45.5,v1,50.0,41.4,51.7,,5,,,default,0,35,2026-07-15 14:59:10,offline_simulation,0,,
108399,2026-07-15,810066,Jazz Chisholm Jr.,NYY,1,T1-Chalk,1232101,Zack Wheeler,0,64.5,85.0,35.8,v1,51.7,63.3,50.0,,4,,,default,0,36,2026-07-15 14:59:10,offline_simulation,0,,
108400,2026-07-15,440045,Vladimir Guerrero Jr.,TOR,1,T1-Chalk,2510540,Blake Snell,0,64.4,85.0,49.4,v1,53.3,29.6,51.4,,1,,,default,0,37,2026-07-15 14:59:10,offline_simulation,0,,
108401,2026-07-15,193640,Nolan Arenado,HOU,1,T1-Chalk,6337472,Nestor Cortes,0,64.4,85.0,40.1,v1,96.7,35.0,53.4,,3,,,default,0,38,2026-07-15 14:59:10,offline_simulation,0,,
108402,2026-07-15,968929,Bobby Witt Jr.,KC,1,T1-Chalk,1232101,Bailey Ober,0,64.3,85.0,44.6,v1,61.7,37.7,50.0,,2,,,default,0,39,2026-07-15 14:59:10,offline_simulation,0,,
108403,2026-07-15,656161,Teoscar Hernandez,LAD,1,T1-Chalk,6337472,Nestor Cortes,0,64.2,85.0,39.4,v1,96.7,35.2,53.4,,1,,,default,0,40,2026-07-15 14:59:10,offline_simulation,0,,
108404,2026-07-15,144284,Cody Bellinger,NYY,1,T1-Chalk,3354437,Bailey Ober,0,64.1,85.0,50.4,v1,50.0,32.2,40.9,,3,,,default,0,41,2026-07-15 14:59:10,offline_simulation,0,,
108405,2026-07-15,934257,Marcell Ozuna,ATL,1,T1-Chalk,1725324,Sonny Gray,0,64.1,85.0,33.2,v1,60.0,63.6,50.0,,3,,,default,0,42,2026-07-15 14:59:10,offline_simulation,0,,
108406,2026-07-15,101956,George Springer,TOR,1,T1-Chalk,2510540,Blake Snell,0,64.0,85.0,43.1,v1,53.3,41.0,51.4,,5,,,default,0,43,2026-07-15 14:59:10,offline_simulation,0,,
108407,2026-07-15,302138,Mike Trout,LAA,1,T1-Chalk,6337472,Nestor Cortes,0,64.0,78.0,50.6,v1,96.7,35.9,53.4,,2,,,default,0,44,2026-07-15 14:59:10,offline_simulation,0,,
108408,2026-07-15,983148,Matt Chapman,SF,1,T1-Chalk,7706851,Jordan Lyles,0,63.8,85.0,47.8,v1,50.0,29.2,51.7,,4,,,default,0,45,2026-07-15 14:59:10,offline_simulation,0,,
108409,2026-07-15,656161,Teoscar Hernandez,LAD,1,T1-Chalk,5558854,Blake Snell,0,63.7,85.0,41.5,v1,63.3,39.3,50.0,,1,,,default,0,46,2026-07-15 14:59:10,offline_simulation,0,,
108410,2026-07-15,763918,Manny Machado,SD,1,T1-Chalk,5558854,Blake Snell,0,63.6,85.0,44.7,v1,63.3,31.5,50.0,,4,,,default,0,47,2026-07-15 14:59:10,offline_simulation,0,,
108411,2026-07-15,221370,Bryce Harper,PHI,1,T1-Chalk,6532784,Luis Castillo,0,63.5,85.0,51.0,v1,43.3,22.7,50.0,,5,,,default,0,48,2026-07-15 14:59:10,offline_simulation,0,,
108412,2026-07-15,221370,Bryce Harper,PHI,1,T1-Chalk,5558854,Blake Snell,0,63.4,85.0,41.0,v1,53.3,41.6,50.0,,2,,,default,0,49,2026-07-15 14:59:10,offline_simulation,0,,
108413,2026-07-15,247256,Francisco Lindor,NYM,1,T1-Chalk,8507912,Shane McClanahan,0,62.9,85.0,45.3,v1,36.7,31.3,51.8,,2,,,default,0,50,2026-07-15 14:59:10,offline_simulation,0,,
108414,2026-07-15,122349,Alex Bregman,BOS,1,T1-Chalk,6337472,Sonny Gray,0,62.9,85.0,34.2,v1,96.7,36.3,53.4,,2,,,default,0,51,2026-07-15 14:59:10,offline_simulation,0,,
108415,2026-07-15,788392,Matt Olson,ATL,1,T1-Chalk,2510540,Tarik Skubal,0,62.7,85.0,28.9,v1,53.3,66.4,46.0,,2,,,default,0,52,2026-07-15 14:59:10,offline_simulation,0,,
108416,2026-07-15,656484,Mookie Betts,LAD,1,T1-Chalk,6532784,Luis Castillo,0,62.7,85.0,44.2,v1,43.3,31.1,50.0,,3,,,default,0,53,2026-07-15 14:59:10,offline_simulation,0,,
108417,2026-07-15,144284,Cody Bellinger,NYY,1,T1-Chalk,7706851,Pablo Lopez,0,62.4,85.0,44.2,v1,75.0,20.8,46.3,,2,,,default,0,54,2026-07-15 14:59:10,offline_simulation,0,,
108418,2026-07-15,68762,Austin Riley,ATL,1,T1-Chalk,3354437,Shane McClanahan,0,62.3,85.0,39.0,v1,80.0,33.1,43.2,,5,,,default,0,55,2026-07-15 14:59:10,offline_simulation,0,,
108419,2026-07-15,464772,Giancarlo Stanton,NYY,1,T1-Chalk,6532784,Luis Castillo,0,62.3,85.0,34.7,v1,43.3,50.1,50.0,,5,,,default,0,56,2026-07-15 14:59:10,offline_simulation,0,,
108420,2026-07-15,464772,Giancarlo Stanton,NYY,1,T1-Chalk,3467734,Shane McClanahan,0,62.1,85.0,40.5,v1,53.3,31.1,50.7,,4,,,default,0,57,2026-07-15 14:59:10,offline_simulation,0,,
108421,2026-07-15,464772,Giancarlo Stanton,NYY,1,T1-Chalk,8507912,Shane McClanahan,0,61.8,85.0,40.5,v1,40.0,35.0,48.3,,6,,,default,0,58,2026-07-15 14:59:10,offline_simulation,0,,
108422,2026-07-15,187935,Mitch Garver,SEA,1,T1-Chalk,3467734,Shane McClanahan,0,61.8,85.0,37.4,v1,53.3,36.2,50.7,,2,,,default,0,59,2026-07-15 14:59:10,offline_simulation,0,,
108423,2026-07-15,451478,Willy Adames,SF,1,T1-Chalk,2510540,Tarik Skubal,0,61.8,85.0,34.5,v1,53.3,42.3,51.4,,3,,,default,0,60,2026-07-15 14:59:10,offline_simulation,0,,
108424,2026-07-15,144284,Cody Bellinger,NYY,1,T1-Chalk,1232101,Zack Wheeler,0,61.5,85.0,38.0,v1,51.7,33.6,50.0,,1,,,default,0,61,2026-07-15 14:59:10,offline_simulation,0,,
108425,2026-07-15,983148,Matt Chapman,SF,1,T1-Chalk,8507912,Shane McClanahan,0,61.4,85.0,41.2,v1,40.0,29.9,48.3,,3,,,default,0,62,2026-07-15 14:59:10,offline_simulation,0,,
108426,2026-07-15,280989,Freddie Freeman,LAD,1,T1-Chalk,3354437,Shane McClanahan,0,61.4,85.0,38.5,v1,50.0,38.0,40.9,,3,,,default,0,63,2026-07-15 14:59:10,offline_simulation,0,,
108427,2026-07-15,926912,Jose Ramirez,CLE,1,T1-Chalk,6337472,Nestor Cortes,0,61.4,78.0,48.3,v1,100.0,17.8,53.9,,5,,,default,0,64,2026-07-15 14:59:10,offline_simulation,0,,
108428,2026-07-15,934257,Marcell Ozuna,ATL,1,T1-Chalk,1232101,Zack Wheeler,0,61.4,85.0,27.0,v1,61.7,54.4,50.0,,3,,,default,0,65,2026-07-15 14:59:10,offline_simulation,0,,
108429,2026-07-15,983148,Matt Chapman,SF,1,T1-Chalk,9351549,Shane McClanahan,0,61.2,85.0,41.2,v1,46.7,17.8,60.6,,4,,,default,0,66,2026-07-15 14:59:10,offline_simulation,0,,
108430,2026-07-15,122349,Alex Bregman,BOS,1,T1-Chalk,3354437,Shane McClanahan,0,61.1,85.0,42.1,v1,80.0,15.7,43.2,,1,,,default,0,67,2026-07-15 14:59:10,offline_simulation,0,,
108431,2026-07-15,656161,Teoscar Hernandez,LAD,1,T1-Chalk,2510540,Blake Snell,0,61.0,85.0,41.5,v1,53.3,19.0,51.4,,2,,,default,0,68,2026-07-15 14:59:10,offline_simulation,0,,
108432,2026-07-15,101956,George Springer,TOR,1,T1-Chalk,9351549,Shane McClanahan,0,61.0,85.0,39.0,v1,46.7,21.9,60.6,,4,,,default,0,69,2026-07-15 14:59:10,offline_simulation,0,,
108433,2026-07-15,968929,Bobby Witt Jr.,KC,1,T1-Chalk,8507912,Shane McClanahan,0,60.9,85.0,46.3,v1,40.0,14.2,48.3,,2,,,default,0,70,2026-07-15 14:59:10,offline_simulation,0,,
108434,2026-07-15,681746,Brent Rooker,OAK,1,T1-Chalk,6532784,Blake Snell,0,60.9,85.0,39.9,v1,43.3,26.3,50.0,,2,,,default,0,71,2026-07-15 14:59:10,offline_simulation,0,,
108435,2026-07-15,752131,Trea Turner,PHI,1,T1-Chalk,5558854,Eduardo Rodriguez,0,60.9,78.0,49.9,v1,63.3,24.4,50.0,,4,,,default,0,72,2026-07-15 14:59:10,offline_simulation,0,,
108436,2026-07-15,763918,Manny Machado,SD,1,T1-Chalk,1725324,Joe Ryan,0,60.9,85.0,40.9,v1,60.0,18.5,50.0,,1,,,default,0,73,2026-07-15 14:59:10,offline_simulation,0,,
108437,2026-07-15,934257,Marcell Ozuna,ATL,1,T1-Chalk,3467734,Marcus Stroman,0,60.8,85.0,31.2,v1,53.3,42.0,50.7,,1,,,default,0,74,2026-07-15 14:59:10,offline_simulation,0,,
108438,2026-07-15,401878,Rafael Devers,SF,1,T1-Chalk,2510540,Tarik Skubal,0,60.8,85.0,35.3,v1,53.3,36.3,46.0,,5,,,default,0,75,2026-07-15 14:59:10,offline_simulation,0,,
108439,2026-07-15,68762,Austin Riley,ATL,1,T1-Chalk,9781974,Max Fried,0,60.8,85.0,32.7,v1,70.0,40.0,40.3,,1,,,default,0,76,2026-07-15 14:59:10,offline_simulation,0,,
108440,2026-07-15,68762,Austin Riley,ATL,1,T1-Chalk,9351549,Shane McClanahan,0,60.8,85.0,39.0,v1,46.7,19.4,60.6,,2,,,default,0,77,2026-07-15 14:59:10,offline_simulation,0,,
108441,2026-07-15,866350,Fernando Tatis Jr.,SD,1,T1-Chalk,6532784,Blake Snell,0,60.7,78.0,47.2,v1,43.3,35.6,50.0,,4,,,default,0,78,2026-07-15 14:59:10,offline_simulation,0,,
108442,2026-07-15,101956,George Springer,TOR,1,T1-Chalk,9781974,Justin Verlander,0,60.6,85.0,37.2,v1,70.0,28.1,40.3,,3,,,default,0,79,2026-07-15 14:59:10,offline_simulation,0,,
108443,2026-07-15,144284,Cody Bellinger,NYY,1,T1-Chalk,9781974,Max Fried,0,60.5,85.0,25.9,v1,91.7,43.9,44.1,,2,,,default,0,80,2026-07-15 14:59:10,offline_simulation,0,,
108444,2026-07-15,451478,Willy Adames,SF,1,T1-Chalk,9087602,Corbin Burnes,0,60.5,85.0,26.6,v1,48.3,55.8,44.8,,1,,,default,0,81,2026-07-15 14:59:10,offline_simulation,0,,
108445,2026-07-15,943073,Marcus Semien,TEX,1,T1-Chalk,3467734,Shane McClanahan,0,60.4,85.0,40.5,v1,53.3,17.0,50.7,,1,,,default,0,82,2026-07-15 14:59:10,offline_simulation,0,,
108446,2026-07-15,900980,Corey Seager,TEX,1,T1-Chalk,9781974,Max Fried,0,60.4,85.0,28.1,v1,91.7,37.9,44.1,,3,,,default,0,83,2026-07-15 14:59:10,offline_simulation,0,,
108447,2026-07-15,193640,Nolan Arenado,HOU,1,T1-Chalk,5558854,Blake Snell,0,60.4,85.0,42.1,v1,63.3,10.7,50.0,,4,,,default,0,84,2026-07-15 14:59:10,offline_simulation,0,,
108448,2026-07-15,187935,Mitch Garver,SEA,1,T1-Chalk,1725324,Sonny Gray,0,60.4,85.0,29.4,v1,60.0,41.7,50.0,,2,,,default,0,85,2026-07-15 14:59:10,offline_simulation,0,,
108449,2026-07-15,101956,George Springer,TOR,1,T1-Chalk,3467734,Marcus Stroman,0,60.3,85.0,29.0,v1,53.3,43.1,50.7,,5,,,default,0,86,2026-07-15 14:59:10,offline_simulation,0,,
108450,2026-07-15,656484,Mookie Betts,LAD,1,T1-Chalk,1232101,Zack Wheeler,0,60.3,85.0,35.9,v1,61.7,25.1,50.0,,5,,,default,0,87,2026-07-15 14:59:10,offline_simulation,0,,
108451,2026-07-15,958222,Adolis Garcia,TEX,1,T1-Chalk,3467734,Marcus Stroman,0,59.6,85.0,31.8,v1,53.3,31.0,50.7,,4,,,default,0,88,2026-07-15 14:59:10,offline_simulation,0,,
108452,2026-07-15,866350,Fernando Tatis Jr.,SD,1,T1-Chalk,1232101,Bailey Ober,0,59.6,78.0,41.4,v1,61.7,34.6,50.0,,1,,,default,0,89,2026-07-15 14:59:10,offline_simulation,0,,
108453,2026-07-15,101956,George Springer,TOR,1,T1-Chalk,1725324,Sonny Gray,0,59.4,85.0,31.0,v1,60.0,29.6,50.0,,4,,,default,0,90,2026-07-15 14:59:10,offline_simulation,0,,
108454,2026-07-15,302138,Mike Trout,LAA,1,T1-Chalk,5558854,Eduardo Rodriguez,0,59.3,78.0,54.7,v1,63.3,0.0,50.0,,3,,,default,0,91,2026-07-15 14:59:10,offline_simulation,0,,
108455,2026-07-15,451478,Willy Adames,SF,1,T1-Chalk,1725324,Sonny Gray,0,59.3,85.0,30.7,v1,60.0,28.8,50.0,,1,,,default,0,92,2026-07-15 14:59:10,offline_simulation,0,,
108456,2026-07-15,926912,Jose Ramirez,CLE,1,T1-Chalk,3467734,Marcus Stroman,0,59.2,78.0,46.3,v1,46.7,23.7,50.9,,4,,,default,0,93,2026-07-15 14:59:10,offline_simulation,0,,
108457,2026-07-15,302138,Mike Trout,LAA,1,T1-Chalk,9781974,Justin Verlander,0,59.2,78.0,46.8,v1,70.0,22.2,40.3,,6,,,default,0,94,2026-07-15 14:59:10,offline_simulation,0,,
108458,2026-07-15,101956,George Springer,TOR,1,T1-Chalk,6532784,Luis Castillo,0,59.2,85.0,33.1,v1,43.3,28.3,50.0,,1,,,default,0,95,2026-07-15 14:59:10,offline_simulation,0,,
108459,2026-07-15,497523,Ozzie Albies,ATL,1,T1-Chalk,9351549,Aaron Nola,0,58.9,78.0,43.6,v1,45.0,21.4,60.6,,6,,,default,0,96,2026-07-15 14:59:10,offline_simulation,0,,
108460,2026-07-15,656161,Teoscar Hernandez,LAD,1,T1-Chalk,9781974,Max Fried,0,58.8,85.0,31.1,v1,70.0,26.7,40.3,,3,,,default,0,97,2026-07-15 14:59:10,offline_simulation,0,,
108461,2026-07-15,943073,Marcus Semien,TEX,1,T1-Chalk,9781974,Max Fried,0,58.8,85.0,34.3,v1,70.0,19.6,40.3,,6,,,default,0,98,2026-07-15 14:59:10,offline_simulation,0,,
108462,2026-07-15,187935,Mitch Garver,SEA,1,T1-Chalk,9087602,Corbin Burnes,0,58.8,85.0,25.3,v1,48.3,45.3,44.8,,6,,,default,0,99,2026-07-15 14:59:10,offline_simulation,0,,
108463,2026-07-15,9920,Ian Happ,CHC,1,T1-Chalk,1725324,Joe Ryan,0,58.7,78.0,47.1,v1,61.7,13.2,50.0,,5,,,default,0,100,2026-07-15 14:59:10,offline_simulation,0,,
108464,2026-07-15,215446,Ketel Marte,ARI,2,T2-Mid,6667969,Jordan Lyles,0,58.7,70.0,60.3,v1,46.7,19.7,49.2,,6,,,default,0,101,2026-07-15 14:59:10,offline_simulation,0,,
108465,2026-07-15,375791,Yandy Diaz,TB,1,T1-Chalk,6532784,Blake Snell,0,58.4,78.0,46.3,v1,43.3,18.8,50.0,,3,,,default,0,102,2026-07-15 14:59:10,offline_simulation,0,,
108466,2026-07-15,943073,Marcus Semien,TEX,1,T1-Chalk,9087602,Corbin Burnes,0,58.3,85.0,28.5,v1,48.3,33.8,44.8,,5,,,default,0,103,2026-07-15 14:59:10,offline_simulation,0,,
108467,2026-07-15,866350,Fernando Tatis Jr.,SD,1,T1-Chalk,3354437,Bailey Ober,0,57.8,78.0,41.4,v1,80.0,17.7,43.2,,2,,,default,0,104,2026-07-15 14:59:10,offline_simulation,0,,
108468,2026-07-15,681746,Brent Rooker,OAK,1,T1-Chalk,8507912,Logan Webb,0,57.6,85.0,19.6,v1,40.0,48.5,48.3,,1,,,default,0,105,2026-07-15 14:59:10,offline_simulation,0,,
108469,2026-07-15,68762,Austin Riley,ATL,1,T1-Chalk,8507912,Logan Webb,0,57.6,85.0,22.7,v1,40.0,41.3,48.3,,3,,,default,0,106,2026-07-15 14:59:10,offline_simulation,0,,
108470,2026-07-15,866350,Fernando Tatis Jr.,SD,1,T1-Chalk,1725324,Joe Ryan,0,57.6,78.0,43.4,v1,60.0,13.5,50.0,,3,,,default,0,107,2026-07-15 14:59:10,offline_simulation,0,,
108471,2026-07-15,122349,Alex Bregman,BOS,1,T1-Chalk,1232101,Zack Wheeler,0,57.6,85.0,28.0,v1,61.7,20.9,50.0,,2,,,default,0,108,2026-07-15 14:59:10,offline_simulation,0,,
108472,2026-07-15,924693,Gleyber Torres,DET,1,T1-Chalk,7706851,Jordan Lyles,0,57.2,78.0,37.6,v1,50.0,25.4,51.7,,2,,,default,0,109,2026-07-15 14:59:10,offline_simulation,0,,
108473,2026-07-15,287644,Willson Contreras,STL,1,T1-Chalk,3354437,Bailey Ober,0,57.2,78.0,34.1,v1,80.0,29.5,43.2,,3,,,default,0,110,2026-07-15 14:59:10,offline_simulation,0,,
108474,2026-07-15,252049,Christian Yelich,MIL,2,T2-Mid,6667969,Tyler Glasnow,0,57.2,70.0,44.2,v1,40.0,48.0,48.1,,4,,,default,0,111,2026-07-15 14:59:10,offline_simulation,0,,
108475,2026-07-15,193680,Will Smith,LAD,1,T1-Chalk,1725324,Joe Ryan,0,56.9,78.0,40.3,v1,60.0,15.2,50.0,,4,,,default,0,112,2026-07-15 14:59:10,offline_simulation,0,,
108476,2026-07-15,193680,Will Smith,LAD,1,T1-Chalk,6532784,Blake Snell,0,56.8,78.0,44.1,v1,43.3,10.4,50.0,,2,,,default,0,113,2026-07-15 14:59:10,offline_simulation,0,,
108477,2026-07-15,375791,Yandy Diaz,TB,1,T1-Chalk,2510540,Tarik Skubal,0,56.7,78.0,38.0,v1,53.3,20.0,51.4,,5,,,default,0,114,2026-07-15 14:59:10,offline_simulation,0,,
108478,2026-07-15,252049,Christian Yelich,MIL,2,T2-Mid,5262519,Mitch Keller,0,56.4,70.0,46.3,v1,48.3,28.0,57.4,,4,,,default,0,115,2026-07-15 14:59:10,offline_simulation,0,,
108479,2026-07-15,193640,Nolan Arenado,HOU,1,T1-Chalk,9087602,Corbin Burnes,0,56.3,85.0,25.9,v1,48.3,22.8,44.8,,2,,,default,0,116,2026-07-15 14:59:10,offline_simulation,0,,
108480,2026-07-15,51082,Mark Vientos,NYM,3,T3-Longshot,6261378,Robbie Ray,0,56.2,70.0,43.9,v1,63.3,31.6,50.0,,3,,,default,0,117,2026-07-15 14:59:10,offline_simulation,0,,
108481,2026-07-15,110406,Luis Arraez,SF,2,T2-Mid,6259113,Joe Ryan,0,56.1,70.0,55.7,v1,36.7,13.8,47.1,,5,,,default,0,118,2026-07-15 14:59:10,offline_simulation,0,,
108482,2026-07-15,497523,Ozzie Albies,ATL,1,T1-Chalk,7706851,Pablo Lopez,0,56.0,78.0,39.4,v1,62.5,8.8,49.0,,4,,,default,0,119,2026-07-15 14:59:10,offline_simulation,0,,
108483,2026-07-15,375791,Yandy Diaz,TB,1,T1-Chalk,9351549,Aaron Nola,0,55.8,78.0,38.3,v1,46.7,7.9,60.6,,2,,,default,0,120,2026-07-15 14:59:10,offline_simulation,0,,
108484,2026-07-15,752131,Trea Turner,PHI,1,T1-Chalk,3467734,Marcus Stroman,0,55.7,78.0,33.7,v1,53.3,21.7,50.7,,1,,,default,0,121,2026-07-15 14:59:10,offline_simulation,0,,
108485,2026-07-15,937,Eloy Jimenez,CWS,1,T1-Chalk,6337472,Sonny Gray,0,55.7,78.0,24.7,v1,96.7,26.6,53.4,,1,,,default,0,122,2026-07-15 14:59:10,offline_simulation,0,,
108486,2026-07-15,497523,Ozzie Albies,ATL,1,T1-Chalk,3467734,Shane McClanahan,0,55.5,78.0,37.4,v1,46.7,14.1,50.9,,1,,,default,0,123,2026-07-15 14:59:10,offline_simulation,0,,
108487,2026-07-15,980182,Vinnie Pasquantino,KC,2,T2-Mid,6259113,Joe Ryan,0,55.5,70.0,48.4,v1,36.7,26.4,47.1,,1,,,default,0,124,2026-07-15 14:59:10,offline_simulation,0,,
108488,2026-07-15,360779,Jurickson Profar,SD,2,T2-Mid,6667969,Jordan Lyles,0,55.5,70.0,57.1,v1,46.7,1.0,49.2,,1,,,default,0,125,2026-07-15 14:59:10,offline_simulation,0,,
108489,2026-07-15,936150,Josh Naylor,CLE,2,T2-Mid,6667969,Jordan Lyles,0,55.5,70.0,54.0,v1,40.0,11.3,48.1,,3,,,default,0,126,2026-07-15 14:59:10,offline_simulation,0,,
108490,2026-07-15,110406,Luis Arraez,SF,2,T2-Mid,2157349,Michael Wacha,0,55.4,70.0,53.6,v1,43.3,5.6,55.4,,1,,,default,0,127,2026-07-15 14:59:10,offline_simulation,0,,
108491,2026-07-15,694292,Nathaniel Lowe,ARI,2,T2-Mid,6259113,Joe Ryan,0,55.3,70.0,46.1,v1,36.7,29.1,47.1,,3,,,default,0,128,2026-07-15 14:59:10,offline_simulation,0,,
108492,2026-07-15,252049,Christian Yelich,MIL,2,T2-Mid,2157349,Michael Wacha,0,55.3,70.0,50.4,v1,43.3,11.7,55.4,,5,,,default,0,129,2026-07-15 14:59:10,offline_simulation,0,,
108493,2026-07-15,71747,Ryan McMahon,COL,1,T1-Chalk,2510540,Blake Snell,0,55.1,78.0,27.7,v1,53.3,34.2,46.0,,1,,,default,0,130,2026-07-15 14:59:10,offline_simulation,0,,
108494,2026-07-15,375791,Yandy Diaz,TB,1,T1-Chalk,7706851,Pablo Lopez,0,55.0,78.0,34.2,v1,50.0,15.5,51.7,,1,,,default,0,131,2026-07-15 14:59:10,offline_simulation,0,,
108495,2026-07-15,902475,Corbin Carroll,ARI,2,T2-Mid,2157349,Michael Wacha,0,54.9,70.0,45.7,v1,43.3,19.7,55.4,,5,,,default,0,132,2026-07-15 14:59:10,offline_simulation,0,,
108496,2026-07-15,276322,Jarren Duran,BOS,2,T2-Mid,5076571,Aaron Nola,0,54.8,70.0,46.8,v1,25.0,23.8,53.5,,4,,,default,0,133,2026-07-15 14:59:10,offline_simulation,0,,
108497,2026-07-15,276322,Jarren Duran,BOS,2,T2-Mid,2157349,Robbie Ray,0,54.8,70.0,45.1,v1,43.3,20.0,55.4,,2,,,default,0,134,2026-07-15 14:59:10,offline_simulation,0,,
108498,2026-07-15,866350,Fernando Tatis Jr.,SD,1,T1-Chalk,9087602,Pablo Lopez,0,54.6,78.0,35.2,v1,48.3,15.4,44.8,,3,,,default,0,135,2026-07-15 14:59:10,offline_simulation,0,,
108499,2026-07-15,385525,Seiya Suzuki,CHC,2,T2-Mid,4948922,Eduardo Rodriguez,0,54.6,70.0,46.8,v1,61.7,11.6,50.0,,3,,,default,0,136,2026-07-15 14:59:10,offline_simulation,0,,
108500,2026-07-15,672026,Xander Bogaerts,SD,2,T2-Mid,7980997,Nestor Cortes,0,54.6,70.0,41.0,v1,50.0,29.7,48.7,,2,,,default,0,137,2026-07-15 14:59:10,offline_simulation,0,,
108501,2026-07-15,518944,Joc Pederson,TEX,2,T2-Mid,6667969,Jordan Lyles,0,54.5,70.0,47.6,v1,40.0,17.6,48.1,,3,,,default,0,138,2026-07-15 14:59:10,offline_simulation,0,,
108502,2026-07-15,385525,Seiya Suzuki,CHC,2,T2-Mid,7315396,Mitch Keller,0,54.4,70.0,34.7,v1,70.0,36.0,50.2,,1,,,default,0,139,2026-07-15 14:59:10,offline_simulation,0,,
108503,2026-07-15,902475,Corbin Carroll,ARI,2,T2-Mid,6259113,Joe Ryan,0,54.3,70.0,47.7,v1,36.7,17.6,47.1,,5,,,default,0,140,2026-07-15 14:59:10,offline_simulation,0,,
108504,2026-07-15,627657,Brandon Nimmo,NYM,2,T2-Mid,6667969,Tyler Glasnow,0,54.3,70.0,44.2,v1,40.0,23.8,48.1,,2,,,default,0,141,2026-07-15 14:59:10,offline_simulation,0,,
108505,2026-07-15,252049,Christian Yelich,MIL,2,T2-Mid,2788950,Gerrit Cole,0,54.3,70.0,40.1,v1,53.3,17.8,65.0,,5,,,default,0,142,2026-07-15 14:59:10,offline_simulation,0,,
108506,2026-07-15,672026,Xander Bogaerts,SD,2,T2-Mid,4948922,Eduardo Rodriguez,0,54.2,70.0,45.2,v1,61.7,12.1,50.0,,6,,,default,0,143,2026-07-15 14:59:10,offline_simulation,0,,
108507,2026-07-15,301567,Bo Bichette,TOR,2,T2-Mid,6259113,Joe Ryan,0,54.1,70.0,35.2,v1,50.0,41.8,45.0,,2,,,default,0,144,2026-07-15 14:59:10,offline_simulation,0,,
108508,2026-07-15,360779,Jurickson Profar,SD,2,T2-Mid,2788950,Kevin Gausman,0,53.9,70.0,44.7,v1,53.3,7.4,59.6,,1,,,default,0,145,2026-07-15 14:59:10,offline_simulation,0,,
108509,2026-07-15,936150,Josh Naylor,CLE,2,T2-Mid,2788950,Kevin Gausman,0,53.9,70.0,41.5,v1,53.3,11.0,65.0,,5,,,default,0,146,2026-07-15 14:59:10,offline_simulation,0,,
108510,2026-07-15,666390,Eugenio Suarez,ARI,2,T2-Mid,5076571,Robbie Ray,0,53.7,70.0,40.8,v1,35.0,25.7,52.1,,5,,,default,0,147,2026-07-15 14:59:10,offline_simulation,0,,
108511,2026-07-15,924693,Gleyber Torres,DET,1,T1-Chalk,3354437,Bailey Ober,0,53.6,78.0,29.3,v1,80.0,10.6,43.2,,2,,,default,0,148,2026-07-15 14:59:10,offline_simulation,0,,
108512,2026-07-15,525876,Randy Arozarena,SEA,2,T2-Mid,5076571,Robbie Ray,0,53.6,70.0,47.1,v1,35.0,10.6,52.1,,4,,,default,0,149,2026-07-15 14:59:10,offline_simulation,0,,
108513,2026-07-15,948129,J.P. Crawford,SEA,1,T1-Chalk,9087602,Pablo Lopez,0,53.5,78.0,36.9,v1,48.3,0.0,47.9,,4,,,default,0,150,2026-07-15 14:59:10,offline_simulation,0,,
108514,2026-07-15,952419,Max Muncy,LAD,2,T2-Mid,5262519,Mitch Keller,0,53.5,70.0,43.1,v1,48.3,10.8,57.4,,3,,,default,0,151,2026-07-15 14:59:10,offline_simulation,0,,
108515,2026-07-15,518944,Joc Pederson,TEX,2,T2-Mid,2157349,Michael Wacha,0,53.5,70.0,39.3,v1,43.3,22.8,55.4,,4,,,default,0,152,2026-07-15 14:59:10,offline_simulation,0,,
108516,2026-07-15,419486,Riley Greene,DET,2,T2-Mid,2788950,Gerrit Cole,0,53.5,70.0,33.7,v1,53.3,25.9,65.0,,2,,,default,0,153,2026-07-15 14:59:10,offline_simulation,0,,
108517,2026-07-15,540422,Christian Walker,HOU,2,T2-Mid,7315396,Mitch Keller,0,53.3,70.0,31.5,v1,70.0,34.1,50.2,,1,,,default,0,154,2026-07-15 14:59:10,offline_simulation,0,,
108518,2026-07-15,276322,Jarren Duran,BOS,2,T2-Mid,7315396,Aaron Nola,0,53.3,70.0,46.8,v1,56.7,2.9,50.2,,3,,,default,0,155,2026-07-15 14:59:10,offline_simulation,0,,
108519,2026-07-15,518944,Joc Pederson,TEX,2,T2-Mid,7315396,Aaron Nola,0,53.3,70.0,37.2,v1,56.7,24.7,50.2,,3,,,default,0,156,2026-07-15 14:59:10,offline_simulation,0,,
108520,2026-07-15,669944,Spencer Torkelson,DET,2,T2-Mid,5076571,Robbie Ray,0,53.3,70.0,42.4,v1,35.0,19.0,52.1,,2,,,default,0,157,2026-07-15 14:59:10,offline_simulation,0,,
108521,2026-07-15,694292,Nathaniel Lowe,ARI,2,T2-Mid,7315396,Mitch Keller,0,53.2,70.0,39.9,v1,56.7,17.9,50.2,,3,,,default,0,158,2026-07-15 14:59:10,offline_simulation,0,,
108522,2026-07-15,36434,Wilyer Abreu,BOS,2,T2-Mid,7315396,Mitch Keller,0,53.2,70.0,37.7,v1,56.7,23.0,50.2,,6,,,default,0,159,2026-07-15 14:59:10,offline_simulation,0,,
108523,2026-07-15,930283,Lars Nootbaar,STL,2,T2-Mid,5076571,Aaron Nola,0,53.2,70.0,42.0,v1,25.0,21.6,53.5,,2,,,default,0,160,2026-07-15 14:59:10,offline_simulation,0,,
108524,2026-07-15,71747,Ryan McMahon,COL,1,T1-Chalk,3354437,Shane McClanahan,0,53.0,78.0,23.6,v1,50.0,30.6,40.9,,1,,,default,0,161,2026-07-15 14:59:10,offline_simulation,0,,
108525,2026-07-15,826225,Wenceel Perez,DET,2,T2-Mid,7315396,Aaron Nola,0,53.0,70.0,36.6,v1,63.3,21.8,50.2,,3,,,default,0,162,2026-07-15 14:59:10,offline_simulation,0,,
108526,2026-07-15,627657,Brandon Nimmo,NYM,2,T2-Mid,2157349,Robbie Ray,0,53.0,70.0,46.6,v1,43.3,1.7,55.4,,4,,,default,0,163,2026-07-15 14:59:10,offline_simulation,0,,
108527,2026-07-15,826225,Wenceel Perez,DET,2,T2-Mid,2157349,Robbie Ray,0,53.0,70.0,44.9,v1,45.0,6.5,53.2,,5,,,default,0,164,2026-07-15 14:59:10,offline_simulation,0,,
108528,2026-07-15,215446,Ketel Marte,ARI,2,T2-Mid,8759508,Pablo Lopez,0,53.0,70.0,45.8,v1,43.3,7.4,50.0,,5,,,default,0,165,2026-07-15 14:59:10,offline_simulation,0,,
108529,2026-07-15,385525,Seiya Suzuki,CHC,2,T2-Mid,2788950,Kevin Gausman,0,52.9,70.0,34.7,v1,53.3,26.0,54.3,,6,,,default,0,166,2026-07-15 14:59:10,offline_simulation,0,,
108530,2026-07-15,924693,Gleyber Torres,DET,1,T1-Chalk,9351549,Aaron Nola,0,52.8,78.0,27.2,v1,46.7,8.4,60.6,,1,,,default,0,167,2026-07-15 14:59:10,offline_simulation,0,,
108531,2026-07-15,245437,Oneil Cruz,PIT,2,T2-Mid,8759508,Tyler Glasnow,0,52.8,70.0,33.1,v1,43.3,35.0,50.0,,3,,,default,0,168,2026-07-15 14:59:10,offline_simulation,0,,
108532,2026-07-15,946169,Andrew McCutchen,KC,2,T2-Mid,4948922,Eduardo Rodriguez,0,52.7,70.0,38.8,v1,61.7,14.3,50.0,,3,,,default,0,169,2026-07-15 14:59:10,offline_simulation,0,,
108533,2026-07-15,946169,Andrew McCutchen,KC,2,T2-Mid,2157349,Robbie Ray,0,52.7,70.0,47.1,v1,46.7,0.0,51.0,,6,,,default,0,170,2026-07-15 14:59:10,offline_simulation,0,,
108534,2026-07-15,152795,Cal Raleigh,SEA,2,T2-Mid,6667969,Jordan Lyles,0,52.6,70.0,44.4,v1,46.7,6.5,49.2,,3,,,default,0,171,2026-07-15 14:59:10,offline_simulation,0,,
108535,2026-07-15,210967,Michael Harris II,ATL,2,T2-Mid,2157349,Robbie Ray,0,52.5,70.0,38.7,v1,43.3,15.9,55.4,,1,,,default,0,172,2026-07-15 14:59:10,offline_simulation,0,,
108536,2026-07-15,866350,Fernando Tatis Jr.,SD,1,T1-Chalk,8507912,Logan Webb,0,52.4,78.0,26.9,v1,40.0,16.4,48.3,,4,,,default,0,173,2026-07-15 14:59:10,offline_simulation,0,,
108537,2026-07-15,301567,Bo Bichette,TOR,2,T2-Mid,5262519,Mitch Keller,0,52.4,70.0,29.0,v1,48.3,39.5,49.6,,6,,,default,0,174,2026-07-15 14:59:10,offline_simulation,0,,
108538,2026-07-15,9920,Ian Happ,CHC,1,T1-Chalk,8507912,Logan Webb,0,52.3,78.0,30.5,v1,36.7,6.1,51.8,,5,,,default,0,175,2026-07-15 14:59:10,offline_simulation,0,,
108539,2026-07-15,669944,Spencer Torkelson,DET,2,T2-Mid,2598236,Chris Sale,0,52.3,70.0,34.1,v1,53.3,30.6,41.4,,4,,,default,0,176,2026-07-15 14:59:10,offline_simulation,0,,
108540,2026-07-15,444753,Tommy Edman,LAD,2,T2-Mid,8759508,Tyler Glasnow,0,52.3,70.0,36.3,v1,43.3,23.7,50.0,,2,,,default,0,177,2026-07-15 14:59:10,offline_simulation,0,,
108541,2026-07-15,980182,Vinnie Pasquantino,KC,2,T2-Mid,5262519,Logan Webb,0,52.2,70.0,31.8,v1,48.3,26.6,57.4,,3,,,default,0,178,2026-07-15 14:59:10,offline_simulation,0,,
108542,2026-07-15,568540,Colton Cowser,BAL,2,T2-Mid,5076571,Robbie Ray,0,52.2,70.0,35.5,v1,25.0,28.1,53.5,,4,,,default,0,179,2026-07-15 14:59:10,offline_simulation,0,,
108543,2026-07-15,110406,Luis Arraez,SF,2,T2-Mid,2598236,Chris Sale,0,52.2,70.0,41.5,v1,30.0,19.6,42.9,,6,,,default,0,180,2026-07-15 14:59:10,offline_simulation,0,,
108544,2026-07-15,674939,Tyler Fitzgerald,SF,3,T3-Longshot,7087755,Carlos Rodon,0,52.2,70.0,37.1,v1,50.0,15.3,55.2,,5,,,default,0,181,2026-07-15 14:59:10,offline_simulation,0,,
108545,2026-07-15,586780,Ke'Bryan Hayes,PIT,1,T1-Chalk,7706851,Pablo Lopez,0,52.1,78.0,24.7,v1,50.0,13.0,51.7,,3,,,default,0,182,2026-07-15 14:59:10,offline_simulation,0,,
108546,2026-07-15,193680,Will Smith,LAD,1,T1-Chalk,9087602,Pablo Lopez,0,52.1,78.0,32.0,v1,48.3,1.4,44.8,,4,,,default,0,183,2026-07-15 14:59:10,offline_simulation,0,,
108547,2026-07-15,525876,Randy Arozarena,SEA,2,T2-Mid,7980997,Nestor Cortes,0,52.1,70.0,34.7,v1,50.0,24.4,48.7,,2,,,default,0,184,2026-07-15 14:59:10,offline_simulation,0,,
108548,2026-07-15,400808,Josh Smith,TEX,2,T2-Mid,6667969,Tyler Glasnow,0,52.0,70.0,36.3,v1,40.0,23.6,48.1,,2,,,default,0,185,2026-07-15 14:59:10,offline_simulation,0,,
108549,2026-07-15,360779,Jurickson Profar,SD,2,T2-Mid,8759508,Tyler Glasnow,0,52.0,70.0,42.6,v1,43.3,6.1,50.0,,5,,,default,0,186,2026-07-15 14:59:10,offline_simulation,0,,
108550,2026-07-15,627657,Brandon Nimmo,NYM,2,T2-Mid,6259113,Corbin Burnes,0,51.8,70.0,40.1,v1,36.7,14.7,47.1,,3,,,default,0,187,2026-07-15 14:59:10,offline_simulation,0,,
108551,2026-07-15,885161,Jake Cronenworth,SD,3,T3-Longshot,6448038,Lance Lynn,0,51.8,60.0,47.1,v1,91.7,14.3,55.8,,4,,,default,0,188,2026-07-15 14:59:10,offline_simulation,0,,
108552,2026-07-15,386216,Michael Conforto,SF,2,T2-Mid,2788950,Gerrit Cole,0,51.7,70.0,28.9,v1,53.3,21.8,65.0,,3,,,default,0,189,2026-07-15 14:59:10,offline_simulation,0,,
108553,2026-07-15,215446,Ketel Marte,ARI,2,T2-Mid,4948922,Tarik Skubal,0,51.6,70.0,39.6,v1,56.7,5.5,50.0,,3,,,default,0,190,2026-07-15 14:59:10,offline_simulation,0,,
108554,2026-07-15,419486,Riley Greene,DET,2,T2-Mid,5076571,Robbie Ray,0,51.6,70.0,40.3,v1,25.0,11.6,53.5,,2,,,default,0,191,2026-07-15 14:59:10,offline_simulation,0,,
108555,2026-07-15,568540,Colton Cowser,BAL,2,T2-Mid,2157349,Michael Wacha,0,51.6,70.0,39.3,v1,43.3,6.8,55.4,,2,,,default,0,192,2026-07-15 14:59:10,offline_simulation,0,,
108556,2026-07-15,694292,Nathaniel Lowe,ARI,2,T2-Mid,5076571,Aaron Nola,0,51.5,70.0,42.0,v1,25.0,7.1,53.5,,4,,,default,0,193,2026-07-15 14:59:10,offline_simulation,0,,
108557,2026-07-15,353635,Maikel Garcia,KC,3,T3-Longshot,6448038,Joe Ryan,0,51.5,70.0,28.2,v1,70.0,28.3,48.0,,1,,,default,0,194,2026-07-15 14:59:10,offline_simulation,0,,
108558,2026-07-15,568540,Colton Cowser,BAL,2,T2-Mid,4948922,Eduardo Rodriguez,0,51.4,70.0,27.2,v1,51.7,34.2,50.0,,1,,,default,0,195,2026-07-15 14:59:10,offline_simulation,0,,
108559,2026-07-15,739056,J.T. Realmuto,PHI,2,T2-Mid,7980997,Nestor Cortes,0,51.4,70.0,34.7,v1,50.0,18.3,48.7,,4,,,default,0,196,2026-07-15 14:59:10,offline_simulation,0,,
108560,2026-07-15,525876,Randy Arozarena,SEA,2,T2-Mid,2788950,Kevin Gausman,0,51.4,70.0,26.8,v1,53.3,31.9,54.3,,4,,,default,0,197,2026-07-15 14:59:10,offline_simulation,0,,
108561,2026-07-15,264681,Brendan Donovan,STL,2,T2-Mid,8759508,Pablo Lopez,0,51.4,70.0,38.8,v1,43.3,9.8,50.0,,4,,,default,0,198,2026-07-15 14:59:10,offline_simulation,0,,
108562,2026-07-15,400808,Josh Smith,TEX,2,T2-Mid,7980997,Framber Valdez,0,51.3,70.0,20.0,v1,75.0,35.9,60.1,,4,,,default,0,199,2026-07-15 14:59:10,offline_simulation,0,,
108563,2026-07-15,706774,Yainer Diaz,HOU,3,T3-Longshot,4465027,JP Sears,0,51.3,60.0,41.4,v1,96.7,17.6,61.0,,2,,,default,0,200,2026-07-15 14:59:10,offline_simulation,0,,
108564,2026-07-15,444753,Tommy Edman,LAD,2,T2-Mid,2598236,Mitch Keller,0,51.2,70.0,38.3,v1,41.7,15.4,42.1,,2,,,default,0,201,2026-07-15 14:59:10,offline_simulation,0,,
108565,2026-07-15,471855,William Contreras,MIL,2,T2-Mid,4948922,Tarik Skubal,0,51.1,70.0,34.8,v1,61.7,11.0,50.0,,5,,,default,0,202,2026-07-15 14:59:10,offline_simulation,0,,
108566,2026-07-15,901029,Alec Burleson,STL,2,T2-Mid,6667969,Tyler Glasnow,0,51.1,70.0,34.7,v1,40.0,19.7,48.1,,5,,,default,0,203,2026-07-15 14:59:10,offline_simulation,0,,
108567,2026-07-15,400808,Josh Smith,TEX,2,T2-Mid,8759508,Pablo Lopez,0,51.0,70.0,36.3,v1,43.3,12.6,50.0,,2,,,default,0,204,2026-07-15 14:59:10,offline_simulation,0,,
108568,2026-07-15,333707,Jackson Chourio,MIL,2,T2-Mid,5076571,Aaron Nola,0,50.9,70.0,30.4,v1,35.0,26.8,52.1,,1,,,default,0,205,2026-07-15 14:59:10,offline_simulation,0,,
108569,2026-07-15,901029,Alec Burleson,STL,2,T2-Mid,2598236,Mitch Keller,0,50.8,70.0,36.8,v1,30.0,18.8,42.9,,4,,,default,0,206,2026-07-15 14:59:10,offline_simulation,0,,
108570,2026-07-15,444753,Tommy Edman,LAD,2,T2-Mid,2788950,Gerrit Cole,0,50.8,70.0,32.1,v1,53.3,11.2,59.6,,3,,,default,0,207,2026-07-15 14:59:10,offline_simulation,0,,
108571,2026-07-15,534059,Adam Frazier,KC,3,T3-Longshot,6448038,Lance Lynn,0,50.8,60.0,42.4,v1,91.7,16.4,55.8,,5,,,default,0,208,2026-07-15 14:59:10,offline_simulation,0,,
108572,2026-07-15,51082,Mark Vientos,NYM,3,T3-Longshot,9258514,Bailey Ober,0,50.7,70.0,27.7,v1,80.0,14.8,54.1,,4,,,default,0,209,2026-07-15 14:59:10,offline_simulation,0,,
108573,2026-07-15,637223,Jon Berti,MIA,3,T3-Longshot,4465027,JP Sears,0,50.6,60.0,39.8,v1,96.7,15.9,61.0,,2,,,default,0,210,2026-07-15 14:59:10,offline_simulation,0,,
108574,2026-07-15,210967,Michael Harris II,ATL,2,T2-Mid,7980997,Nestor Cortes,0,50.5,70.0,26.3,v1,75.0,14.1,60.1,,4,,,default,0,211,2026-07-15 14:59:10,offline_simulation,0,,
108575,2026-07-15,902475,Corbin Carroll,ARI,2,T2-Mid,5262519,Logan Webb,0,50.4,70.0,31.1,v1,48.3,13.3,57.4,,2,,,default,0,212,2026-07-15 14:59:10,offline_simulation,0,,
108576,2026-07-15,339451,Andres Gimenez,CLE,3,T3-Longshot,4465027,Justin Verlander,0,50.4,60.0,39.3,v1,100.0,16.2,57.8,,4,,,default,0,213,2026-07-15 14:59:10,offline_simulation,0,,
108577,2026-07-15,672026,Xander Bogaerts,SD,2,T2-Mid,6839063,Corbin Burnes,0,50.3,70.0,26.9,v1,65.0,29.1,38.4,,1,,,default,0,214,2026-07-15 14:59:10,offline_simulation,0,,
108578,2026-07-15,276322,Jarren Duran,BOS,2,T2-Mid,6839063,Nestor Cortes,0,50.3,70.0,32.6,v1,61.7,17.7,37.1,,3,,,default,0,215,2026-07-15 14:59:10,offline_simulation,0,,
108579,2026-07-15,339451,Andres Gimenez,CLE,3,T3-Longshot,6448038,Lance Lynn,0,50.3,60.0,45.5,v1,91.7,5.5,55.8,,1,,,default,0,216,2026-07-15 14:59:10,offline_simulation,0,,
108580,2026-07-15,948695,Cedric Mullins,BAL,2,T2-Mid,2788950,Gerrit Cole,0,50.2,70.0,25.8,v1,53.3,17.0,65.0,,1,,,default,0,217,2026-07-15 14:59:10,offline_simulation,0,,
108581,2026-07-15,471855,William Contreras,MIL,2,T2-Mid,5262519,Mitch Keller,0,50.1,70.0,33.1,v1,48.3,10.7,49.6,,1,,,default,0,218,2026-07-15 14:59:10,offline_simulation,0,,
108582,2026-07-15,902475,Corbin Carroll,ARI,2,T2-Mid,7980997,Nestor Cortes,0,50.1,70.0,29.4,v1,75.0,3.8,60.1,,3,,,default,0,219,2026-07-15 14:59:10,offline_simulation,0,,
108583,2026-07-15,386216,Michael Conforto,SF,2,T2-Mid,7980997,Framber Valdez,0,50.1,70.0,16.9,v1,75.0,33.3,60.1,,2,,,default,0,220,2026-07-15 14:59:10,offline_simulation,0,,
108584,2026-07-15,777768,Tyler O'Neill,BOS,2,T2-Mid,8759508,Pablo Lopez,0,50.1,70.0,24.7,v1,43.3,32.4,50.0,,3,,,default,0,221,2026-07-15 14:59:10,offline_simulation,0,,
108585,2026-07-15,930283,Lars Nootbaar,STL,2,T2-Mid,7980997,Framber Valdez,0,50.0,70.0,21.6,v1,75.0,21.4,60.1,,4,,,default,0,222,2026-07-15 14:59:10,offline_simulation,0,,
108586,2026-07-15,71747,Ryan McMahon,COL,1,T1-Chalk,8507912,Shane McClanahan,0,49.9,78.0,23.6,v1,33.3,0.5,55.3,,2,,,default,0,223,2026-07-15 14:59:10,offline_simulation,0,,
108587,2026-07-15,333707,Jackson Chourio,MIL,2,T2-Mid,7315396,Mitch Keller,0,49.7,70.0,28.3,v1,70.0,11.4,50.2,,2,,,default,0,224,2026-07-15 14:59:10,offline_simulation,0,,
108588,2026-07-15,210927,Tyler Soderstrom,OAK,2,T2-Mid,6259113,Corbin Burnes,0,49.6,70.0,27.4,v1,36.7,26.2,47.1,,1,,,default,0,225,2026-07-15 14:59:10,offline_simulation,0,,
108589,2026-07-15,419486,Riley Greene,DET,2,T2-Mid,4948922,Eduardo Rodriguez,0,49.5,70.0,32.0,v1,51.7,7.5,50.0,,4,,,default,0,226,2026-07-15 14:59:10,offline_simulation,0,,
108590,2026-07-15,613432,Ha-Seong Kim,SD,3,T3-Longshot,9913975,Bailey Ober,0,49.4,70.0,29.3,v1,51.7,12.4,50.9,,1,,,default,0,227,2026-07-15 14:59:10,offline_simulation,0,,
108591,2026-07-15,333707,Jackson Chourio,MIL,2,T2-Mid,4948922,Tarik Skubal,0,49.3,70.0,30.0,v1,61.7,6.5,50.0,,2,,,default,0,228,2026-07-15 14:59:10,offline_simulation,0,,
108592,2026-07-15,386216,Michael Conforto,SF,2,T2-Mid,5076571,Aaron Nola,0,49.3,70.0,37.2,v1,25.0,0.0,53.5,,2,,,default,0,229,2026-07-15 14:59:10,offline_simulation,0,,
108593,2026-07-15,152795,Cal Raleigh,SEA,2,T2-Mid,2598236,Chris Sale,0,49.3,70.0,34.1,v1,41.7,9.3,42.1,,2,,,default,0,230,2026-07-15 14:59:10,offline_simulation,0,,
108594,2026-07-15,444753,Tommy Edman,LAD,2,T2-Mid,5262519,Logan Webb,0,49.2,70.0,28.0,v1,48.3,12.7,53.5,,5,,,default,0,231,2026-07-15 14:59:10,offline_simulation,0,,
108595,2026-07-15,400808,Josh Smith,TEX,2,T2-Mid,2598236,Chris Sale,0,49.2,70.0,30.4,v1,30.0,20.4,42.9,,5,,,default,0,232,2026-07-15 14:59:10,offline_simulation,0,,
108596,2026-07-15,471855,William Contreras,MIL,2,T2-Mid,7980997,Framber Valdez,0,49.2,70.0,34.8,v1,50.0,0.0,48.7,,2,,,default,0,233,2026-07-15 14:59:10,offline_simulation,0,,
108597,2026-07-15,389127,Nick Castellanos,PHI,3,T3-Longshot,4465027,JP Sears,0,49.2,60.0,39.8,v1,96.7,4.7,61.0,,5,,,default,0,234,2026-07-15 14:59:10,offline_simulation,0,,
108598,2026-07-15,444753,Tommy Edman,LAD,2,T2-Mid,6839063,Corbin Burnes,0,49.1,70.0,32.1,v1,63.3,8.3,37.8,,2,,,default,0,235,2026-07-15 14:59:10,offline_simulation,0,,
108599,2026-07-15,301567,Bo Bichette,TOR,2,T2-Mid,2598236,Mitch Keller,0,49.0,70.0,29.0,v1,53.3,15.6,41.4,,4,,,default,0,236,2026-07-15 14:59:10,offline_simulation,0,,
108600,2026-07-15,669944,Spencer Torkelson,DET,2,T2-Mid,7315396,Aaron Nola,0,48.9,70.0,24.1,v1,70.0,14.3,50.2,,1,,,default,0,237,2026-07-15 14:59:10,offline_simulation,0,,
108601,2026-07-15,450261,Nolan Jones,COL,3,T3-Longshot,6448038,Joe Ryan,0,48.9,60.0,36.6,v1,91.7,14.7,55.8,,6,,,default,0,238,2026-07-15 14:59:10,offline_simulation,0,,
108602,2026-07-15,269506,Jesse Winker,NYM,2,T2-Mid,6259113,Corbin Burnes,0,48.8,70.0,35.3,v1,36.7,0.6,47.1,,3,,,default,0,239,2026-07-15 14:59:10,offline_simulation,0,,
108603,2026-07-15,631136,Jorge Soler,ATL,2,T2-Mid,5262519,Mitch Keller,0,48.7,70.0,20.4,v1,48.3,28.9,49.6,,4,,,default,0,240,2026-07-15 14:59:10,offline_simulation,0,,
108604,2026-07-15,110406,Luis Arraez,SF,2,T2-Mid,4948922,Tarik Skubal,0,48.6,70.0,31.2,v1,51.7,2.1,50.0,,1,,,default,0,241,2026-07-15 14:59:10,offline_simulation,0,,
108605,2026-07-15,669944,Spencer Torkelson,DET,2,T2-Mid,2788950,Kevin Gausman,0,48.6,70.0,22.0,v1,53.3,19.5,54.3,,1,,,default,0,242,2026-07-15 14:59:10,offline_simulation,0,,
108606,2026-07-15,158589,Jake Bauers,MIL,3,T3-Longshot,4465027,Justin Verlander,0,48.6,60.0,34.6,v1,100.0,12.8,57.8,,2,,,default,0,243,2026-07-15 14:59:10,offline_simulation,0,,
108607,2026-07-15,471855,William Contreras,MIL,2,T2-Mid,8759508,Pablo Lopez,0,48.5,70.0,31.0,v1,43.3,3.9,50.0,,2,,,default,0,244,2026-07-15 14:59:10,offline_simulation,0,,
108608,2026-07-15,855659,Gavin Lux,LAD,3,T3-Longshot,4465027,Justin Verlander,0,48.5,60.0,37.7,v1,100.0,4.7,57.8,,1,,,default,0,245,2026-07-15 14:59:10,offline_simulation,0,,
108609,2026-07-15,613432,Ha-Seong Kim,SD,3,T3-Longshot,3490352,Michael Wacha,0,48.4,70.0,29.3,v1,65.0,0.0,49.8,,2,,,default,0,246,2026-07-15 14:59:10,offline_simulation,0,,
108610,2026-07-15,826225,Wenceel Perez,DET,2,T2-Mid,2598236,Mitch Keller,0,48.3,70.0,34.5,v1,41.7,0.0,42.1,,6,,,default,0,247,2026-07-15 14:59:10,offline_simulation,0,,
108611,2026-07-15,233379,Dylan Carlson,STL,3,T3-Longshot,4257272,Kyle Hendricks,0,48.3,60.0,39.7,v1,45.0,20.9,51.5,,3,,,default,0,248,2026-07-15 14:59:10,offline_simulation,0,,
108612,2026-07-15,333707,Jackson Chourio,MIL,2,T2-Mid,5262519,Logan Webb,0,48.2,70.0,18.0,v1,48.3,30.3,49.6,,4,,,default,0,249,2026-07-15 14:59:10,offline_simulation,0,,
108613,2026-07-15,666390,Eugenio Suarez,ARI,2,T2-Mid,7315396,Aaron Nola,0,48.1,70.0,22.5,v1,70.0,11.6,50.2,,5,,,default,0,250,2026-07-15 14:59:10,offline_simulation,0,,
108614,2026-07-15,210927,Tyler Soderstrom,OAK,2,T2-Mid,7980997,Framber Valdez,0,48.1,70.0,15.3,v1,75.0,20.1,60.1,,2,,,default,0,251,2026-07-15 14:59:10,offline_simulation,0,,
108615,2026-07-15,197358,Ezequiel Tovar,COL,2,T2-Mid,8759508,Tyler Glasnow,0,48.1,70.0,21.5,v1,43.3,22.6,50.0,,3,,,default,0,252,2026-07-15 14:59:10,offline_simulation,0,,
108616,2026-07-15,921276,Enrique Hernandez,LAD,3,T3-Longshot,7087755,Carlos Rodon,0,48.0,60.0,38.7,v1,50.0,16.6,55.2,,3,,,default,0,253,2026-07-15 14:59:10,offline_simulation,0,,
108617,2026-07-15,540422,Christian Walker,HOU,2,T2-Mid,6259113,Corbin Burnes,0,47.9,70.0,25.3,v1,50.0,13.1,45.0,,1,,,default,0,254,2026-07-15 14:59:10,offline_simulation,0,,
108618,2026-07-15,674939,Tyler Fitzgerald,SF,3,T3-Longshot,9913975,Bailey Ober,0,47.9,70.0,23.0,v1,51.7,14.4,50.9,,3,,,default,0,255,2026-07-15 14:59:10,offline_simulation,0,,
108619,2026-07-15,400808,Josh Smith,TEX,2,T2-Mid,6259113,Corbin Burnes,0,47.8,70.0,32.1,v1,36.7,0.0,47.1,,5,,,default,0,256,2026-07-15 14:59:10,offline_simulation,0,,
108620,2026-07-15,948695,Cedric Mullins,BAL,2,T2-Mid,8759508,Tyler Glasnow,0,47.7,70.0,29.9,v1,43.3,0.0,50.0,,1,,,default,0,257,2026-07-15 14:59:10,offline_simulation,0,,
108621,2026-07-15,706774,Yainer Diaz,HOU,3,T3-Longshot,6261378,Eduardo Rodriguez,0,47.7,60.0,37.2,v1,63.3,16.5,50.0,,4,,,default,0,258,2026-07-15 14:59:10,offline_simulation,0,,
108622,2026-07-15,995623,Brendan Rodgers,COL,3,T3-Longshot,6261378,Robbie Ray,0,47.7,60.0,40.8,v1,63.3,7.6,50.0,,5,,,default,0,259,2026-07-15 14:59:10,offline_simulation,0,,
108623,2026-07-15,901029,Alec Burleson,STL,2,T2-Mid,6839063,Corbin Burnes,0,47.6,70.0,30.5,v1,61.7,0.0,37.1,,3,,,default,0,260,2026-07-15 14:59:10,offline_simulation,0,,
108624,2026-07-15,525876,Randy Arozarena,SEA,2,T2-Mid,2598236,Mitch Keller,0,47.6,70.0,26.8,v1,53.3,8.9,41.4,,1,,,default,0,261,2026-07-15 14:59:10,offline_simulation,0,,
108625,2026-07-15,71659,Luis Rengifo,LAA,3,T3-Longshot,6820309,JP Sears,0,47.6,60.0,39.8,v1,53.3,16.5,43.7,,2,,,default,0,262,2026-07-15 14:59:10,offline_simulation,0,,
108626,2026-07-15,224266,Garrett Cooper,WSH,3,T3-Longshot,6261378,Robbie Ray,0,47.6,60.0,42.4,v1,63.3,3.1,50.0,,1,,,default,0,263,2026-07-15 14:59:10,offline_simulation,0,,
108627,2026-07-15,245437,Oneil Cruz,PIT,2,T2-Mid,6839063,Nestor Cortes,0,47.5,70.0,23.1,v1,61.7,16.4,37.1,,1,,,default,0,264,2026-07-15 14:59:10,offline_simulation,0,,
108628,2026-07-15,210967,Michael Harris II,ATL,2,T2-Mid,6839063,Nestor Cortes,0,47.5,70.0,26.3,v1,61.7,9.6,37.1,,2,,,default,0,265,2026-07-15 14:59:10,offline_simulation,0,,
108629,2026-07-15,534059,Adam Frazier,KC,3,T3-Longshot,4465027,Justin Verlander,0,47.5,60.0,36.1,v1,100.0,0.0,57.8,,3,,,default,0,266,2026-07-15 14:59:10,offline_simulation,0,,
108630,2026-07-15,442479,Anthony Volpe,NYY,2,T2-Mid,5262519,Logan Webb,0,47.4,70.0,14.8,v1,48.3,31.3,49.6,,1,,,default,0,267,2026-07-15 14:59:10,offline_simulation,0,,
108631,2026-07-15,233379,Dylan Carlson,STL,3,T3-Longshot,7087755,Carlos Rodon,0,47.4,60.0,39.7,v1,43.3,14.6,50.8,,3,,,default,0,268,2026-07-15 14:59:10,offline_simulation,0,,
108632,2026-07-15,703497,Leody Taveras,TEX,3,T3-Longshot,4465027,JP Sears,0,47.4,60.0,35.0,v1,100.0,0.0,59.4,,3,,,default,0,269,2026-07-15 14:59:10,offline_simulation,0,,
108633,2026-07-15,885161,Jake Cronenworth,SD,3,T3-Longshot,6261378,Robbie Ray,0,47.1,60.0,37.1,v1,53.3,14.9,50.0,,3,,,default,0,270,2026-07-15 14:59:10,offline_simulation,0,,
108634,2026-07-15,855659,Gavin Lux,LAD,3,T3-Longshot,2089178,Kyle Hendricks,0,47.0,60.0,41.9,v1,25.0,15.8,45.3,,1,,,default,0,271,2026-07-15 14:59:10,offline_simulation,0,,
108635,2026-07-15,785058,Brandon Lowe,TB,3,T3-Longshot,4257272,Kyle Hendricks,0,46.9,60.0,38.7,v1,43.3,12.7,49.4,,1,,,default,0,272,2026-07-15 14:59:10,offline_simulation,0,,
108636,2026-07-15,40461,Tommy Pham,STL,3,T3-Longshot,6261378,Robbie Ray,0,46.9,60.0,39.2,v1,63.3,5.1,50.0,,1,,,default,0,273,2026-07-15 14:59:10,offline_simulation,0,,
108637,2026-07-15,386216,Michael Conforto,SF,2,T2-Mid,2598236,Chris Sale,0,46.8,70.0,27.2,v1,30.0,8.2,42.9,,1,,,default,0,274,2026-07-15 14:59:10,offline_simulation,0,,
108638,2026-07-15,690581,Luis Garcia Jr.,WSH,3,T3-Longshot,4257272,Kyle Hendricks,0,46.8,60.0,38.7,v1,43.3,12.0,49.4,,5,,,default,0,275,2026-07-15 14:59:10,offline_simulation,0,,
108639,2026-07-15,301567,Bo Bichette,TOR,2,T2-Mid,6839063,Corbin Burnes,0,46.7,70.0,22.8,v1,65.0,8.5,38.4,,3,,,default,0,276,2026-07-15 14:59:10,offline_simulation,0,,
108640,2026-07-15,666390,Eugenio Suarez,ARI,2,T2-Mid,6667969,Tyler Glasnow,0,46.4,70.0,18.3,v1,53.3,12.8,50.4,,1,,,default,0,277,2026-07-15 14:59:10,offline_simulation,0,,
108641,2026-07-15,141507,Brandon Marsh,PHI,3,T3-Longshot,9913975,Bailey Ober,0,46.4,60.0,40.9,v1,51.7,0.0,51.5,,6,,,default,0,278,2026-07-15 14:59:10,offline_simulation,0,,
108642,2026-07-15,89190,Adam Duvall,ATL,3,T3-Longshot,4465027,Justin Verlander,0,46.3,60.0,23.0,v1,96.7,19.0,61.0,,3,,,default,0,279,2026-07-15 14:59:10,offline_simulation,0,,
108643,2026-07-15,313768,Spencer Steer,CIN,3,T3-Longshot,6261378,Eduardo Rodriguez,0,46.2,60.0,35.7,v1,63.3,7.2,50.0,,4,,,default,0,280,2026-07-15 14:59:10,offline_simulation,0,,
108644,2026-07-15,690581,Luis Garcia Jr.,WSH,3,T3-Longshot,4465027,JP Sears,0,46.1,60.0,26.6,v1,100.0,9.8,57.8,,6,,,default,0,281,2026-07-15 14:59:10,offline_simulation,0,,
108645,2026-07-15,507868,Zach Neto,LAA,3,T3-Longshot,6448038,Lance Lynn,0,46.1,60.0,32.4,v1,70.0,12.9,48.0,,2,,,default,0,282,2026-07-15 14:59:10,offline_simulation,0,,
108646,2026-07-15,89190,Adam Duvall,ATL,3,T3-Longshot,7087755,Carlos Rodon,0,46.0,60.0,37.1,v1,50.0,3.5,55.2,,2,,,default,0,283,2026-07-15 14:59:10,offline_simulation,0,,
108647,2026-07-15,690581,Luis Garcia Jr.,WSH,3,T3-Longshot,9258514,Bailey Ober,0,45.9,60.0,34.6,v1,50.0,12.1,49.5,,4,,,default,0,284,2026-07-15 14:59:10,offline_simulation,0,,
108648,2026-07-15,451479,Jonathan India,CIN,3,T3-Longshot,6261378,Eduardo Rodriguez,0,45.8,60.0,37.2,v1,63.3,0.0,50.0,,1,,,default,0,285,2026-07-15 14:59:10,offline_simulation,0,,
108649,2026-07-15,901029,Alec Burleson,STL,2,T2-Mid,4948922,Tarik Skubal,0,45.7,70.0,18.5,v1,51.7,6.8,50.0,,5,,,default,0,286,2026-07-15 14:59:10,offline_simulation,0,,
108650,2026-07-15,313768,Spencer Steer,CIN,3,T3-Longshot,9258514,Bailey Ober,0,45.7,60.0,27.7,v1,80.0,13.0,54.1,,1,,,default,0,287,2026-07-15 14:59:10,offline_simulation,0,,
108651,2026-07-15,630673,Alex Verdugo,NYY,3,T3-Longshot,2089178,Kyle Hendricks,0,45.7,60.0,43.5,v1,25.0,0.9,45.3,,2,,,default,0,288,2026-07-15 14:59:10,offline_simulation,0,,
108652,2026-07-15,386216,Michael Conforto,SF,2,T2-Mid,6839063,Nestor Cortes,0,45.5,70.0,23.1,v1,61.7,0.3,37.1,,6,,,default,0,289,2026-07-15 14:59:10,offline_simulation,0,,
108653,2026-07-15,742630,Patrick Wisdom,CLE,3,T3-Longshot,7087755,Shane McClanahan,0,45.5,60.0,24.7,v1,50.0,28.0,55.2,,4,,,default,0,290,2026-07-15 14:59:10,offline_simulation,0,,
108654,2026-07-15,108105,Justin Turner,SEA,3,T3-Longshot,6820309,JP Sears,0,45.5,60.0,39.8,v1,53.3,0.0,42.7,,5,,,default,0,291,2026-07-15 14:59:10,offline_simulation,0,,
108655,2026-07-15,313768,Spencer Steer,CIN,3,T3-Longshot,1832121,Michael Wacha,0,45.4,60.0,27.7,v1,48.3,26.6,46.6,,2,,,default,0,292,2026-07-15 14:59:10,offline_simulation,0,,
108656,2026-07-15,141507,Brandon Marsh,PHI,3,T3-Longshot,9258514,Spencer Strider,0,45.3,60.0,32.6,v1,50.0,11.7,49.5,,3,,,default,0,293,2026-07-15 14:59:10,offline_simulation,0,,
108657,2026-07-15,353635,Maikel Garcia,KC,3,T3-Longshot,9913975,Pablo Lopez,0,45.3,70.0,19.9,v1,51.7,0.0,50.9,,2,,,default,0,294,2026-07-15 14:59:10,offline_simulation,0,,
108658,2026-07-15,40461,Tommy Pham,STL,3,T3-Longshot,6820309,Nestor Cortes,0,45.3,60.0,26.7,v1,53.3,29.2,42.7,,5,,,default,0,295,2026-07-15 14:59:10,offline_simulation,0,,
108659,2026-07-15,948695,Cedric Mullins,BAL,2,T2-Mid,6839063,Nestor Cortes,0,45.2,70.0,19.9,v1,61.7,5.0,37.1,,2,,,default,0,296,2026-07-15 14:59:10,offline_simulation,0,,
108660,2026-07-15,879390,Manuel Margot,MIN,3,T3-Longshot,3490352,Michael Wacha,0,45.2,60.0,23.0,v1,65.0,28.0,49.8,,4,,,default,0,297,2026-07-15 14:59:10,offline_simulation,0,,
108661,2026-07-15,885985,Isiah Kiner-Falefa,PIT,3,T3-Longshot,6820309,JP Sears,0,45.0,60.0,36.6,v1,53.3,3.0,42.7,,1,,,default,0,298,2026-07-15 14:59:10,offline_simulation,0,,
108662,2026-07-15,435842,Taylor Ward,LAA,3,T3-Longshot,3490352,Logan Webb,0,44.9,70.0,16.4,v1,65.0,0.7,49.8,,4,,,default,0,299,2026-07-15 14:59:10,offline_simulation,0,,
108663,2026-07-15,200713,Harrison Bader,SF,3,T3-Longshot,6820309,JP Sears,0,44.9,60.0,35.0,v1,53.3,6.1,42.7,,2,,,default,0,300,2026-07-15 14:59:10,offline_simulation,0,,
108664,2026-07-15,703497,Leody Taveras,TEX,3,T3-Longshot,9258514,Bailey Ober,0,44.8,60.0,33.0,v1,65.0,0.0,51.8,,4,,,default,0,301,2026-07-15 14:59:10,offline_simulation,0,,
108665,2026-07-15,855659,Gavin Lux,LAD,3,T3-Longshot,7087755,Carlos Rodon,0,44.8,60.0,31.9,v1,36.7,15.6,46.4,,3,,,default,0,302,2026-07-15 14:59:10,offline_simulation,0,,
108666,2026-07-15,415277,Kevin Newman,ARI,3,T3-Longshot,6820309,JP Sears,0,44.8,60.0,35.0,v1,53.3,5.6,42.7,,5,,,default,0,303,2026-07-15 14:59:10,offline_simulation,0,,
108667,2026-07-15,534059,Adam Frazier,KC,3,T3-Longshot,2089178,Kyle Hendricks,0,44.7,60.0,40.3,v1,25.0,0.0,45.3,,3,,,default,0,304,2026-07-15 14:59:10,offline_simulation,0,,
108668,2026-07-15,703497,Leody Taveras,TEX,3,T3-Longshot,6820309,Nestor Cortes,0,44.7,60.0,26.7,v1,53.3,23.1,43.7,,4,,,default,0,305,2026-07-15 14:59:10,offline_simulation,0,,
108669,2026-07-15,451479,Jonathan India,CIN,3,T3-Longshot,4257272,Kyle Hendricks,0,44.6,60.0,33.5,v1,46.7,2.5,53.6,,3,,,default,0,306,2026-07-15 14:59:10,offline_simulation,0,,
108670,2026-07-15,706774,Yainer Diaz,HOU,3,T3-Longshot,4257272,Kyle Hendricks,0,44.5,60.0,33.5,v1,46.7,1.2,53.6,,2,,,default,0,307,2026-07-15 14:59:10,offline_simulation,0,,
108671,2026-07-15,600132,Andrew Vaughn,CWS,3,T3-Longshot,6820309,Nestor Cortes,0,44.5,60.0,28.3,v1,53.3,18.6,42.7,,1,,,default,0,308,2026-07-15 14:59:10,offline_simulation,0,,
108672,2026-07-15,669944,Spencer Torkelson,DET,2,T2-Mid,6839063,Corbin Burnes,0,44.4,70.0,15.8,v1,65.0,6.3,38.4,,4,,,default,0,309,2026-07-15 14:59:10,offline_simulation,0,,
108673,2026-07-15,353635,Maikel Garcia,KC,3,T3-Longshot,3247681,Zack Wheeler,0,44.4,70.0,13.7,v1,50.0,2.4,58.3,,3,,,default,0,310,2026-07-15 14:59:10,offline_simulation,0,,
108674,2026-07-15,706774,Yainer Diaz,HOU,3,T3-Longshot,6448038,Joe Ryan,0,44.4,60.0,31.4,v1,70.0,1.8,48.0,,3,,,default,0,311,2026-07-15 14:59:10,offline_simulation,0,,
108675,2026-07-15,89190,Adam Duvall,ATL,3,T3-Longshot,3490352,Michael Wacha,0,44.3,60.0,23.0,v1,65.0,20.6,49.8,,1,,,default,0,312,2026-07-15 14:59:10,offline_simulation,0,,
108676,2026-07-15,164508,Chas McCormick,HOU,3,T3-Longshot,3490352,Michael Wacha,0,44.2,60.0,24.6,v1,65.0,16.4,49.8,,5,,,default,0,313,2026-07-15 14:59:10,offline_simulation,0,,
108677,2026-07-15,974621,Whit Merrifield,ATL,3,T3-Longshot,6448038,Lance Lynn,0,44.2,60.0,30.8,v1,70.0,0.8,48.0,,3,,,default,0,314,2026-07-15 14:59:10,offline_simulation,0,,
108678,2026-07-15,450261,Nolan Jones,COL,3,T3-Longshot,4257272,Sonny Gray,0,44.1,60.0,28.3,v1,43.3,13.9,49.4,,3,,,default,0,315,2026-07-15 14:59:10,offline_simulation,0,,
108679,2026-07-15,885161,Jake Cronenworth,SD,3,T3-Longshot,9258514,Spencer Strider,0,43.9,60.0,32.6,v1,50.0,0.0,49.5,,1,,,default,0,316,2026-07-15 14:59:10,offline_simulation,0,,
108680,2026-07-15,159572,Yoan Moncada,CLE,3,T3-Longshot,7087755,Shane McClanahan,0,43.8,60.0,27.8,v1,43.3,11.9,50.8,,4,,,default,0,317,2026-07-15 14:59:10,offline_simulation,0,,
108681,2026-07-15,674939,Tyler Fitzgerald,SF,3,T3-Longshot,3490352,Logan Webb,0,43.7,70.0,8.4,v1,65.0,9.4,49.8,,6,,,default,0,318,2026-07-15 14:59:10,offline_simulation,0,,
108682,2026-07-15,534059,Adam Frazier,KC,3,T3-Longshot,4257272,Sonny Gray,0,43.7,60.0,29.9,v1,43.3,6.7,49.4,,2,,,default,0,319,2026-07-15 14:59:10,offline_simulation,0,,
108683,2026-07-15,40461,Tommy Pham,STL,3,T3-Longshot,6448038,Joe Ryan,0,43.7,60.0,25.0,v1,70.0,10.8,48.0,,3,,,default,0,320,2026-07-15 14:59:10,offline_simulation,0,,
108684,2026-07-15,554131,Nick Ahmed,MIN,3,T3-Longshot,9258514,Bailey Ober,0,43.5,60.0,23.0,v1,80.0,6.1,54.1,,2,,,default,0,321,2026-07-15 14:59:10,offline_simulation,0,,
108685,2026-07-15,200713,Harrison Bader,SF,3,T3-Longshot,6448038,Joe Ryan,0,43.4,60.0,25.0,v1,70.0,7.7,48.0,,1,,,default,0,322,2026-07-15 14:59:10,offline_simulation,0,,
108686,2026-07-15,339451,Andres Gimenez,CLE,3,T3-Longshot,6261378,Eduardo Rodriguez,0,43.4,60.0,27.2,v1,53.3,7.3,50.0,,3,,,default,0,323,2026-07-15 14:59:10,offline_simulation,0,,
108687,2026-07-15,389127,Nick Castellanos,PHI,3,T3-Longshot,3490352,Michael Wacha,0,43.3,60.0,27.7,v1,65.0,1.3,49.8,,3,,,default,0,324,2026-07-15 14:59:10,offline_simulation,0,,
108688,2026-07-15,158589,Jake Bauers,MIL,3,T3-Longshot,1832121,Marcus Stroman,0,43.3,60.0,26.3,v1,48.3,7.7,53.0,,1,,,default,0,325,2026-07-15 14:59:10,offline_simulation,0,,
108689,2026-07-15,742630,Patrick Wisdom,CLE,3,T3-Longshot,9913975,Bailey Ober,0,43.3,60.0,23.0,v1,51.7,15.9,50.9,,4,,,default,0,326,2026-07-15 14:59:10,offline_simulation,0,,
108690,2026-07-15,885161,Jake Cronenworth,SD,3,T3-Longshot,3247681,Gerrit Cole,0,43.1,60.0,30.5,v1,50.0,0.0,46.2,,3,,,default,0,327,2026-07-15 14:59:10,offline_simulation,0,,
108691,2026-07-15,637223,Jon Berti,MIA,3,T3-Longshot,1832121,Michael Wacha,0,43.0,60.0,27.7,v1,48.3,6.3,46.6,,3,,,default,0,328,2026-07-15 14:59:10,offline_simulation,0,,
108692,2026-07-15,451479,Jonathan India,CIN,3,T3-Longshot,2089178,Framber Valdez,0,43.0,60.0,26.9,v1,35.0,12.3,47.7,,1,,,default,0,329,2026-07-15 14:59:10,offline_simulation,0,,
108693,2026-07-15,564917,Paul Goldschmidt,NYY,3,T3-Longshot,2089178,Framber Valdez,0,43.0,60.0,26.9,v1,35.0,12.3,47.7,,4,,,default,0,330,2026-07-15 14:59:10,offline_simulation,0,,
108694,2026-07-15,108105,Justin Turner,SEA,3,T3-Longshot,2089178,Kyle Hendricks,0,42.9,60.0,31.9,v1,35.0,0.0,47.7,,4,,,default,0,331,2026-07-15 14:59:10,offline_simulation,0,,
108695,2026-07-15,224266,Garrett Cooper,WSH,3,T3-Longshot,6820309,Nestor Cortes,0,42.9,60.0,29.9,v1,53.3,1.2,42.7,,3,,,default,0,332,2026-07-15 14:59:10,offline_simulation,0,,
108696,2026-07-15,600132,Andrew Vaughn,CWS,3,T3-Longshot,3490352,Logan Webb,0,42.7,60.0,10.0,v1,65.0,37.8,49.8,,2,,,default,0,333,2026-07-15 14:59:10,offline_simulation,0,,
108697,2026-07-15,554131,Nick Ahmed,MIN,3,T3-Longshot,6820309,Nestor Cortes,0,42.7,60.0,26.7,v1,53.3,7.4,42.7,,3,,,default,0,334,2026-07-15 14:59:10,offline_simulation,0,,
108698,2026-07-15,696223,Jake McCarthy,ARI,3,T3-Longshot,6261378,Eduardo Rodriguez,0,42.7,60.0,23.4,v1,53.3,10.0,50.0,,5,,,default,0,335,2026-07-15 14:59:10,offline_simulation,0,,
108699,2026-07-15,885985,Isiah Kiner-Falefa,PIT,3,T3-Longshot,7087755,Shane McClanahan,0,42.6,60.0,26.3,v1,50.0,0.0,55.2,,4,,,default,0,336,2026-07-15 14:59:10,offline_simulation,0,,
108700,2026-07-15,507868,Zach Neto,LAA,3,T3-Longshot,1832121,Michael Wacha,0,42.4,60.0,26.1,v1,48.3,5.3,46.6,,2,,,default,0,337,2026-07-15 14:59:10,offline_simulation,0,,
108701,2026-07-15,885985,Isiah Kiner-Falefa,PIT,3,T3-Longshot,2089178,Kyle Hendricks,0,42.4,60.0,28.7,v1,35.0,3.0,47.7,,6,,,default,0,338,2026-07-15 14:59:10,offline_simulation,0,,
108702,2026-07-15,108105,Justin Turner,SEA,3,T3-Longshot,1832121,Michael Wacha,0,42.3,60.0,27.7,v1,48.3,0.8,46.6,,2,,,default,0,339,2026-07-15 14:59:10,offline_simulation,0,,
108703,2026-07-15,637223,Jon Berti,MIA,3,T3-Longshot,3247681,Gerrit Cole,0,42.2,60.0,17.4,v1,50.0,15.9,58.3,,1,,,default,0,340,2026-07-15 14:59:10,offline_simulation,0,,
108704,2026-07-15,785058,Brandon Lowe,TB,3,T3-Longshot,3247681,Gerrit Cole,0,42.1,60.0,24.2,v1,50.0,6.9,46.2,,1,,,default,0,341,2026-07-15 14:59:10,offline_simulation,0,,
108705,2026-07-15,995623,Brendan Rodgers,COL,3,T3-Longshot,9258514,Spencer Strider,0,42.0,60.0,16.3,v1,80.0,9.2,54.1,,2,,,default,0,342,2026-07-15 14:59:10,offline_simulation,0,,
108706,2026-07-15,507868,Zach Neto,LAA,3,T3-Longshot,9258514,Spencer Strider,0,42.0,60.0,17.8,v1,80.0,5.4,54.1,,5,,,default,0,343,2026-07-15 14:59:10,offline_simulation,0,,
108707,2026-07-15,164508,Chas McCormick,HOU,3,T3-Longshot,9913975,Pablo Lopez,0,42.0,60.0,18.3,v1,51.7,15.7,50.9,,1,,,default,0,344,2026-07-15 14:59:10,offline_simulation,0,,
108708,2026-07-15,921276,Enrique Hernandez,LAD,3,T3-Longshot,9913975,Bailey Ober,0,41.9,60.0,24.6,v1,51.7,0.5,50.9,,2,,,default,0,345,2026-07-15 14:59:10,offline_simulation,0,,
108709,2026-07-15,224266,Garrett Cooper,WSH,3,T3-Longshot,9913975,Pablo Lopez,0,41.8,60.0,19.9,v1,51.7,11.1,50.9,,4,,,default,0,346,2026-07-15 14:59:10,offline_simulation,0,,
108710,2026-07-15,89190,Adam Duvall,ATL,3,T3-Longshot,1832121,Marcus Stroman,0,41.6,60.0,14.7,v1,48.3,25.2,46.6,,1,,,default,0,347,2026-07-15 14:59:10,offline_simulation,0,,
108711,2026-07-15,534059,Adam Frazier,KC,3,T3-Longshot,3247681,Zack Wheeler,0,41.5,60.0,23.7,v1,50.0,2.9,46.2,,4,,,default,0,348,2026-07-15 14:59:10,offline_simulation,0,,
108712,2026-07-15,981338,Thairo Estrada,SF,3,T3-Longshot,9258514,Spencer Strider,0,41.3,60.0,17.8,v1,80.0,0.1,54.1,,4,,,default,0,349,2026-07-15 14:59:10,offline_simulation,0,,
108713,2026-07-15,923317,Jose Iglesias,NYM,3,T3-Longshot,1832121,Marcus Stroman,0,41.2,60.0,24.2,v1,48.3,0.0,46.6,,5,,,default,0,350,2026-07-15 14:59:10,offline_simulation,0,,
108714,2026-07-15,200713,Harrison Bader,SF,3,T3-Longshot,9913975,Pablo Lopez,0,41.2,60.0,16.7,v1,51.7,12.9,50.9,,4,,,default,0,351,2026-07-15 14:59:10,offline_simulation,0,,
108715,2026-07-15,439127,Myles Straw,CLE,3,T3-Longshot,4257272,Sonny Gray,0,41.2,60.0,16.7,v1,46.7,12.6,53.6,,6,,,default,0,352,2026-07-15 14:59:10,offline_simulation,0,,
108716,2026-07-15,450261,Nolan Jones,COL,3,T3-Longshot,7087755,Shane McClanahan,0,41.1,60.0,16.3,v1,36.7,21.6,46.4,,3,,,default,0,353,2026-07-15 14:59:10,offline_simulation,0,,
108717,2026-07-15,439127,Myles Straw,CLE,3,T3-Longshot,2089178,Framber Valdez,0,41.0,60.0,20.5,v1,35.0,10.0,47.7,,1,,,default,0,354,2026-07-15 14:59:10,offline_simulation,0,,
108718,2026-07-15,564445,Joey Meneses,WSH,3,T3-Longshot,1832121,Michael Wacha,0,40.9,60.0,23.0,v1,48.3,0.0,46.6,,6,,,default,0,355,2026-07-15 14:59:10,offline_simulation,0,,
108719,2026-07-15,980822,Lane Thomas,CLE,3,T3-Longshot,4257272,Sonny Gray,0,40.8,60.0,18.3,v1,46.7,5.7,53.6,,2,,,default,0,356,2026-07-15 14:59:10,offline_simulation,0,,
108720,2026-07-15,614485,Gio Urshela,ATL,3,T3-Longshot,9913975,Pablo Lopez,0,40.7,60.0,19.9,v1,51.7,1.7,50.9,,3,,,default,0,357,2026-07-15 14:59:10,offline_simulation,0,,
108721,2026-07-15,614485,Gio Urshela,ATL,3,T3-Longshot,2089178,Framber Valdez,0,40.6,60.0,23.7,v1,35.0,0.0,47.7,,5,,,default,0,358,2026-07-15 14:59:10,offline_simulation,0,,
108722,2026-07-15,40461,Tommy Pham,STL,3,T3-Longshot,3247681,Gerrit Cole,0,40.3,60.0,12.6,v1,50.0,10.7,58.3,,6,,,default,0,359,2026-07-15 14:59:10,offline_simulation,0,,
108723,2026-07-15,974621,Whit Merrifield,ATL,3,T3-Longshot,1832121,Marcus Stroman,0,40.2,60.0,16.3,v1,48.3,9.8,46.6,,4,,,default,0,360,2026-07-15 14:59:10,offline_simulation,0,,
108724,2026-07-15,879390,Manuel Margot,MIN,3,T3-Longshot,4257272,Sonny Gray,0,40.1,60.0,16.7,v1,46.7,4.1,53.6,,4,,,default,0,361,2026-07-15 14:59:10,offline_simulation,0,,
108725,2026-07-15,630673,Alex Verdugo,NYY,3,T3-Longshot,7087755,Shane McClanahan,0,39.9,60.0,21.0,v1,36.7,0.2,46.4,,1,,,default,0,362,2026-07-15 14:59:10,offline_simulation,0,,
108726,2026-07-15,921276,Enrique Hernandez,LAD,3,T3-Longshot,1832121,Marcus Stroman,0,39.9,60.0,16.3,v1,48.3,7.0,46.6,,4,,,default,0,363,2026-07-15 14:59:10,offline_simulation,0,,
108727,2026-07-15,389127,Nick Castellanos,PHI,3,T3-Longshot,3247681,Zack Wheeler,0,39.7,60.0,15.3,v1,50.0,0.0,58.3,,1,,,default,0,364,2026-07-15 14:59:10,offline_simulation,0,,
108728,2026-07-15,614485,Gio Urshela,ATL,3,T3-Longshot,3247681,Zack Wheeler,0,39.4,60.0,13.7,v1,50.0,1.1,58.3,,4,,,default,0,365,2026-07-15 14:59:10,offline_simulation,0,,
108729,2026-07-15,696223,Jake McCarthy,ARI,3,T3-Longshot,2089178,Framber Valdez,0,39.3,60.0,13.1,v1,25.0,18.5,45.3,,5,,,default,0,366,2026-07-15 14:59:10,offline_simulation,0,,
108730,2026-07-15,554131,Nick Ahmed,MIN,3,T3-Longshot,3247681,Gerrit Cole,0,39.0,60.0,12.6,v1,50.0,0.0,58.3,,5,,,default,0,367,2026-07-15 14:59:10,offline_simulation,0,,
108731,2026-07-15,439127,Myles Straw,CLE,3,T3-Longshot,3247681,Zack Wheeler,0,38.7,60.0,10.5,v1,50.0,2.6,58.3,,2,,,default,0,368,2026-07-15 14:59:10,offline_simulation,0,,
108732,2026-07-15,415277,Kevin Newman,ARI,3,T3-Longshot,3490352,Logan Webb,0,37.7,60.0,8.4,v1,65.0,0.0,49.8,,1,,,default,0,369,2026-07-15 14:59:10,offline_simulation,0,,
108733,2026-07-15,40461,Tommy Pham,STL,3,T3-Longshot,3490352,Logan Webb,0,37.7,60.0,8.4,v1,65.0,0.0,49.8,,5,,,default,0,370,2026-07-15 14:59:10,offline_simulation,0,,
