date,batter_id,barrel_pct,exit_velo,hr_fb_pct,iso,xwoba_contact,pull_fb_pct,recent_hr_14d,recent_barrel_pct_14d,ev_trend_14d,pitcher_hr_per_9,pitcher_era,pitcher_hh_pct,pitcher_k_per_9,pitcher_fb_pct_allowed,woba_vs_hand,archetype_similarity,vegas_team_total_pct,platoon_advantage,hr_park_factor,temperature_f,wind_mph,wind_direction_deg,humidity_pct,is_dome,batting_order,fetched_at,source,bats,throws,weather_source,barrel_pct_source,vegas_team_total_raw,lineup_source,pitcher_recent_hr9_21d,pitcher_recent_starts_21d,recent_hr_10g,recent_iso_30g,recent_avg_30g,recent_window_days,ev_trend,pitcher_recent_era_21d,pitcher_recent_k9_21d,season_hr,recent_barrel_real_14d,recent_xwoba_contact_14d,recent_iso_14d,recent_barrel_real_21d,recent_xwoba_contact_21d,recent_iso_21d,recent_barrel_real_28d,recent_xwoba_contact_28d,recent_iso_28d,fb_slg,fb_pa,br_slg,br_pa,os_slg,os_pa,form_archetype_centroid_json,form_archetype_window,form_archetype_n_hrs,park_archetype_centroid_json,park_archetype_n_hrs,slate_park_pct,slate_weather_pct,slate_pitcher_vulnerability_pct
2026-07-13,841754,14.8,91.9,19.8,0.271,,,,,,1.4,4.1,36.0,7.8,,0.37,,,0,108.0,71.1662133891803,11.178132858959268,16,59.58442964628762,0,4,2026-07-13 15:47:27,live,L,L,,,,,,,3.3212622472143245,0.2687681941998356,0.2812522682730947,38,,,,48,,,,,,,,,,,,,,,,,,,,,,,
2026-07-13,658117,16.2,93.4,21.5,0.295,,,,,,0.6,2.6,28.0,8.8,,0.385,,,1,104.0,72.0,0.0,0,50.0,1,6,2026-07-13 15:47:27,live,R,L,,,,,,,0.6899433133311708,0.32943032938842987,0.2775644653571555,38,,,,52,,,,,,,,,,,,,,,,,,,,,,,
2026-07-13,616764,6.1,82.5,10.5,0.165,,,,,,1.6,4.6,38.0,10.5,,0.358,,,1,101.0,59.995027703414785,7.307266620010172,73,24.745299723787404,0,3,2026-07-13 15:47:27,live,R,L,,,,,,,0.9519551576607551,0.19417802105577392,0.23279486297149746,38,,,,27,,,,,,,,,,,,,,,,,,,,,,,
2026-07-13,602752,6.7,83.2,11.1,0.173,,,,,,1.1,3.5,33.0,10.8,,0.37,,,1,108.0,71.1662133891803,11.178132858959268,16,59.58442964628762,0,2,2026-07-13 15:47:27,live,R,L,,,,,,,1.2996427167652889,0.16944151979256383,0.23487945403061533,38,,,,28,,,,,,,,,,,,,,,,,,,,,,,
2026-07-13,733538,12.9,90.8,17.5,0.251,,,,,,1.2,3.65,34.0,9.2,,0.355,,,0,103.0,75.17825333014349,2.112523890100505,39,80.44929946265002,0,2,2026-07-13 15:47:27,live,R,R,,,,,,,1.7571614512919398,0.2090259227065502,0.2606989790951742,38,,,,44,,,,,,,,,,,,,,,,,,,,,,,
2026-07-13,171037,13.5,91.2,18.2,0.258,,,,,,0.6,2.6,28.0,8.8,,0.362,,,0,104.0,52.37944003886333,12.448710257469308,347,64.04716753215322,0,2,2026-07-13 15:47:27,live,L,L,,,,,,,2.7303868262283864,0.27513669559288595,0.27246095577212415,38,,,,45,,,,,,,,,,,,,,,,,,,,,,,
2026-07-13,403203,11.8,89.5,16.3,0.238,,,,,,1.6,4.6,38.0,10.5,,0.342,,,1,101.0,59.995027703414785,7.307266620010172,73,24.745299723787404,0,3,2026-07-13 15:47:27,live,R,L,,,,,,,0.6650688100600032,0.17682448794838473,0.27310053611838936,38,,,,41,,,,,,,,,,,,,,,,,,,,,,,
2026-07-13,605345,12.4,90.1,16.9,0.244,,,,,,0.7,2.7,29.0,10.5,,0.348,,,1,103.0,75.17825333014349,2.112523890100505,39,80.44929946265002,0,1,2026-07-13 15:47:27,live,S,L,,,,,,,1.047004542267245,0.25316341945642357,0.28289305345686694,38,,,,42,,,,,,,,,,,,,,,,,,,,,,,
2026-07-13,656741,8.5,85.6,13.1,0.198,,,,,,1.1,3.5,33.0,10.8,,0.36,,,0,108.0,71.1662133891803,11.178132858959268,16,59.58442964628762,0,1,2026-07-13 15:47:27,live,L,L,,,,,,,2.108402224075225,0.2282153563149552,0.2631430026815579,38,,,,34,,,,,,,,,,,,,,,,,,,,,,,
2026-07-13,204869,10.2,87.9,14.7,0.22,,,,,,1.5,4.2,37.0,10.0,,0.348,,,0,98.0,69.27433302938199,0.0,190,68.9394531108918,0,6,2026-07-13 15:47:27,live,L,L,,,,,,,0.0,0.2731429465851561,0.2436278185317644,38,,,,38,,,,,,,,,,,,,,,,,,,,,,,
2026-07-13,663929,11.5,89.2,15.8,0.235,,,,,,1.0,3.35,32.0,8.5,,0.38,,,0,110.0,75.34751636007066,3.8610916757272307,7,74.05100114526783,0,1,2026-07-13 15:47:27,live,L,L,,,,,,,0.48774929978980763,0.22421403933334644,0.2816702764902539,38,,,,40,,,,,,,,,,,,,,,,,,,,,,,
2026-07-13,955754,7.3,84.0,11.8,0.181,,,,,,1.2,3.65,34.0,9.2,,0.345,,,1,103.0,75.17825333014349,2.112523890100505,39,80.44929946265002,0,4,2026-07-13 15:47:27,live,L,R,,,,,,,0.5068020000046365,0.15903157823534392,0.2462760982512867,38,,,,30,,,,,,,,,,,,,,,,,,,,,,,
2026-07-13,884215,9.4,86.8,13.9,0.209,,,,,,1.4,4.0,36.0,9.8,,0.344,,,0,90.0,72.0,0.0,0,50.0,1,1,2026-07-13 15:47:27,live,R,R,,,,,,,1.1907462599951,0.21526334480986253,0.2565415528858276,38,,,,36,,,,,,,,,,,,,,,,,,,,,,,
2026-07-13,615359,8.1,85.0,12.7,0.192,,,,,,1.0,3.35,32.0,8.5,,0.365,,,0,110.0,75.34751636007066,3.8610916757272307,7,74.05100114526783,0,5,2026-07-13 15:47:27,live,L,L,,,,,,,1.1436033718682672,0.16613500652923704,0.260024370585002,38,,,,32,,,,,,,,,,,,,,,,,,,,,,,
2026-07-13,104166,7.7,84.5,12.3,0.187,,,,,,1.0,3.3,32.0,9.0,,0.355,,,1,90.0,72.0,0.0,0,50.0,1,1,2026-07-13 15:47:27,live,S,R,,,,,,,0.8811357532151519,0.14173083927578478,0.24496406717298028,38,,,,31,,,,,,,,,,,,,,,,,,,,,,,
2026-07-13,929030,5.9,82.3,10.3,0.163,,,,,,1.3,3.75,35.0,9.5,,0.345,,,0,100.0,80.31310707292391,11.144675483628006,215,57.432474458367814,0,1,2026-07-13 15:47:27,live,R,R,,,,,,,1.1994690947678057,0.14961142220878051,0.2814302979521375,38,,,,26,,,,,,,,,,,,,,,,,,,,,,,
2026-07-13,583223,9.9,87.5,14.4,0.216,,,,,,0.6,2.6,28.0,8.8,,0.34,,,1,104.0,72.0,0.0,0,50.0,1,3,2026-07-13 15:47:27,live,R,L,,,,,,,1.2793930448813402,0.20748069640499872,0.28807280370978505,38,,,,37,,,,,,,,,,,,,,,,,,,,,,,
2026-07-13,667536,10.9,88.6,15.4,0.229,,,,,,0.7,2.7,29.0,10.5,,0.368,,,0,95.0,75.3212069437355,9.281304861363697,181,48.02689856359629,0,3,2026-07-13 15:47:27,live,L,L,,,,,,,1.2935556746064183,0.22943318427463627,0.29453080396464437,38,,,,39,,,,,,,,,,,,,,,,,,,,,,,
2026-07-13,491817,10.4,88.1,14.9,0.223,,,,,,1.1,3.55,33.0,9.5,,0.352,,,0,104.0,72.0,0.0,0,50.0,1,2,2026-07-13 15:47:27,live,R,R,,,,,,,0.0,0.20591540766501806,0.2613193473542324,38,,,,38,,,,,,,,,,,,,,,,,,,,,,,
2026-07-13,205644,5.5,81.8,9.9,0.158,,,,,,1.2,3.6,34.0,10.5,,0.335,,,1,95.0,75.3212069437355,9.281304861363697,181,48.02689856359629,0,3,2026-07-13 15:47:27,live,R,L,,,,,,,0.6379843890121123,0.1094294785618549,0.2466114786103404,38,,,,25,,,,,,,,,,,,,,,,,,,,,,,
2026-07-13,367481,6.5,83.0,10.9,0.17,,,,,,1.2,3.65,34.0,9.2,,0.355,,,0,103.0,75.17825333014349,2.112523890100505,39,80.44929946265002,0,5,2026-07-13 15:47:27,live,R,R,,,,,,,1.5109153244977294,0.11299596684217686,0.24431090585577883,38,,,,28,,,,,,,,,,,,,,,,,,,,,,,
2026-07-13,343598,7.1,83.7,11.5,0.178,,,,,,0.6,2.6,28.0,8.8,,0.335,,,1,104.0,72.0,0.0,0,50.0,1,3,2026-07-13 15:47:27,live,R,L,,,,,,,1.8153355868741672,0.17825275010371197,0.23099852302662516,38,,,,29,,,,,,,,,,,,,,,,,,,,,,,
2026-07-13,755345,9.7,87.2,14.2,0.213,,,,,,0.7,2.7,29.0,10.5,,0.352,,,0,103.0,75.17825333014349,2.112523890100505,39,80.44929946265002,0,3,2026-07-13 15:47:27,live,L,L,,,,,,,0.8884115921230193,0.20724338363861777,0.22158582258664858,38,,,,37,,,,,,,,,,,,,,,,,,,,,,,
2026-07-13,565372,7.9,84.8,12.5,0.189,,,,,,1.3,3.75,35.0,9.5,,0.32,,,0,100.0,80.31310707292391,11.144675483628006,215,57.432474458367814,0,4,2026-07-13 15:47:27,live,R,R,,,,,,,0.7778484673472071,0.18585427293540355,0.25535956688993744,38,,,,32,,,,,,,,,,,,,,,,,,,,,,,
2026-07-13,311366,9.2,86.5,13.7,0.207,,,,,,1.0,3.35,32.0,8.5,,0.338,,,0,97.0,60.40257592858212,11.059684859868531,67,34.060239616256666,0,4,2026-07-13 15:47:27,live,L,L,,,,,,,1.942684227483412,0.1996193487696839,0.2753568538089791,38,,,,36,,,,,,,,,,,,,,,,,,,,,,,
2026-07-13,181127,11.2,89.1,15.7,0.233,,,,,,0.6,2.6,28.0,8.8,,0.375,,,0,104.0,52.37944003886333,12.448710257469308,347,64.04716753215322,0,1,2026-07-13 15:47:27,live,L,L,,,,,,,0.5078203706156768,0.20998095685465665,0.22880955203290826,38,,,,40,,,,,,,,,,,,,,,,,,,,,,,
2026-07-13,746307,3.3,78.8,7.5,0.128,,,,,,1.0,3.35,32.0,8.5,,0.345,,,1,110.0,75.34751636007066,3.8610916757272307,7,74.05100114526783,0,4,2026-07-13 15:47:27,live,R,L,,,,,,,1.003918397767646,0.15311292538846044,0.2862836145407056,38,,,,19,,,,,,,,,,,,,,,,,,,,,,,
2026-07-13,410903,8.9,86.2,13.5,0.204,,,,,,1.0,3.3,32.0,9.0,,0.334,,,0,90.0,72.0,0.0,0,50.0,1,4,2026-07-13 15:47:27,live,R,R,,,,,,,0.40406082218561024,0.24117031764021474,0.26752217960314123,38,,,,35,,,,,,,,,,,,,,,,,,,,,,,
2026-07-13,394105,5.3,81.5,9.7,0.155,,,,,,0.7,2.7,29.0,10.5,,0.332,,,1,103.0,75.17825333014349,2.112523890100505,39,80.44929946265002,0,1,2026-07-13 15:47:27,live,R,L,,,,,,,1.2350009910175284,0.13893190948640163,0.27806956628008644,38,,,,25,,,,,,,,,,,,,,,,,,,,,,,
2026-07-13,109235,8.3,85.3,12.9,0.195,,,,,,0.7,2.7,29.0,10.5,,0.325,,,1,103.0,75.17825333014349,2.112523890100505,39,80.44929946265002,0,4,2026-07-13 15:47:27,live,R,L,,,,,,,0.5788376160138958,0.17489234949694688,0.28103226754805766,38,,,,33,,,,,,,,,,,,,,,,,,,,,,,
2026-07-13,555459,5.7,82.0,10.1,0.16,,,,,,0.6,2.6,28.0,8.8,,0.34,,,1,104.0,52.37944003886333,12.448710257469308,347,64.04716753215322,0,4,2026-07-13 15:47:27,live,R,L,,,,,,,1.1745086673031595,0.14142075510279378,0.2565199416693247,38,,,,26,,,,,,,,,,,,,,,,,,,,,,,
2026-07-13,772298,6.9,83.5,11.3,0.176,,,,,,0.6,2.6,28.0,8.8,,0.342,,,1,104.0,72.0,0.0,0,50.0,1,2,2026-07-13 15:47:27,live,R,L,,,,,,,0.0,0.14482092362781812,0.2714504602744349,38,,,,29,,,,,,,,,,,,,,,,,,,,,,,
2026-07-13,210001,5.0,81.0,9.3,0.15,,,,,,1.0,3.35,32.0,8.5,,0.365,,,1,97.0,60.40257592858212,11.059684859868531,67,34.060239616256666,0,1,2026-07-13 15:47:27,live,R,L,,,,,,,0.37070250165629004,0.07628081133040912,0.2047429081373279,38,,,,24,,,,,,,,,,,,,,,,,,,,,,,
2026-07-13,124414,3.5,79.1,7.7,0.131,,,,,,1.1,3.55,33.0,9.5,,0.322,,,1,107.0,74.50001771915693,8.03142147919634,182,82.6858265311131,0,3,2026-07-13 15:47:27,live,L,R,,,,,,,0.22755330144842512,0.14689855370566088,0.26551758506117396,38,,,,20,,,,,,,,,,,,,,,,,,,,,,,
2026-07-13,305477,3.7,79.3,7.9,0.133,,,,,,1.2,3.65,34.0,9.2,,0.318,,,1,103.0,75.17825333014349,2.112523890100505,39,80.44929946265002,0,3,2026-07-13 15:47:27,live,L,R,,,,,,,0.417131557277873,0.12325134714674309,0.2902784008222943,38,,,,20,,,,,,,,,,,,,,,,,,,,,,,
2026-07-13,68235,8.7,85.9,13.3,0.201,,,,,,0.8,2.9,30.0,9.5,,0.33,,,0,98.0,69.27433302938199,0.0,190,68.9394531108918,0,6,2026-07-13 15:47:27,live,R,R,,,,,,,0.25138499978265827,0.1604532690335086,0.3146904108483589,38,,,,34,,,,,,,,,,,,,,,,,,,,,,,
2026-07-13,698369,4.6,80.5,8.9,0.145,,,,,,0.6,2.6,28.0,8.8,,0.358,,,1,104.0,52.37944003886333,12.448710257469308,347,64.04716753215322,0,4,2026-07-13 15:47:27,live,S,L,,,,,,,0.009188806790776605,0.14434414053702344,0.2739200151700586,38,,,,23,,,,,,,,,,,,,,,,,,,,,,,
2026-07-13,676103,3.3,78.8,6.1,0.142,,,,,,1.5,4.3,37.0,6.5,,0.31,,,1,103.0,86.93457679872498,10.397283569396588,338,71.5636151963081,0,6,2026-07-13 15:47:27,live,L,R,,,,,,,1.007142901994503,0.15125645242887048,0.2168835100350835,38,,,,13,,,,,,,,,,,,,,,,,,,,,,,
2026-07-13,340211,4.8,80.8,9.1,0.148,,,,,,0.7,2.8,29.0,8.0,,0.33,,,1,100.0,80.31310707292391,11.144675483628006,215,57.432474458367814,0,4,2026-07-13 15:47:27,live,S,L,,,,,,,0.6102268997724923,0.12709389339038255,0.27138494599207746,38,,,,23,,,,,,,,,,,,,,,,,,,,,,,
2026-07-13,695573,3.9,79.6,8.1,0.136,,,,,,0.7,2.7,29.0,10.5,,0.328,,,1,95.0,75.3212069437355,9.281304861363697,181,48.02689856359629,0,4,2026-07-13 15:47:27,live,R,L,,,,,,,0.7567057273812186,0.11563962888607397,0.25826251932404304,38,,,,21,,,,,,,,,,,,,,,,,,,,,,,
2026-07-13,240874,4.2,80.0,8.5,0.14,,,,,,1.0,3.3,32.0,9.0,,0.338,,,0,90.0,72.0,0.0,0,50.0,1,1,2026-07-13 15:47:27,live,R,R,,,,,,,0.8581044643799861,0.1572120219336329,0.21962079815597443,38,,,,22,,,,,,,,,,,,,,,,,,,,,,,
2026-07-13,843841,4.4,80.3,8.7,0.143,,,,,,1.0,3.3,32.0,9.0,,0.35,,,0,90.0,72.0,0.0,0,50.0,1,5,2026-07-13 15:47:27,live,R,R,,,,,,,0.0,0.15388245821974872,0.2663557921769136,38,,,,22,,,,,,,,,,,,,,,,,,,,,,,
2026-07-13,654132,4.5,81.0,8.0,0.165,,,,,,1.5,4.2,37.0,10.0,,0.325,,,1,102.0,67.1721982524038,5.5338936776962075,300,36.32567276281653,0,2,2026-07-13 15:47:27,live,S,L,,,,,,,0.0,0.14028171720679172,0.27728876542742925,38,,,,17,,,,,,,,,,,,,,,,,,,,,,,
2026-07-13,859683,3.2,78.6,7.3,0.126,,,,,,1.1,3.55,33.0,9.5,,0.31,,,0,107.0,74.50001771915693,8.03142147919634,182,82.6858265311131,0,2,2026-07-13 15:47:27,live,R,R,,,,,,,1.4598129292130055,0.13667872158768093,0.21401475417336246,38,,,,19,,,,,,,,,,,,,,,,,,,,,,,
2026-07-13,420822,3.1,79.2,6.6,0.147,,,,,,1.0,3.35,32.0,8.5,,0.328,,,1,105.0,72.0,0.0,0,50.0,1,1,2026-07-13 15:47:27,live,R,L,,,,,,,1.626623344100576,0.1253184464529423,0.22512787397130124,38,,,,16,,,,,,,,,,,,,,,,,,,,,,,
2026-07-13,177679,3.7,80.0,7.2,0.155,,,,,,0.7,2.8,29.0,8.0,,0.34,,,1,95.0,61.748710148391034,6.275627467445711,56,71.43487240836814,0,5,2026-07-13 15:47:27,live,R,L,,,,,,,1.9611625925892828,0.1564373656062243,0.24158409586804994,38,,,,16,,,,,,,,,,,,,,,,,,,,,,,
2026-07-13,32330,4.0,79.8,8.3,0.138,,,,,,0.7,2.7,29.0,10.5,,0.315,,,1,103.0,75.17825333014349,2.112523890100505,39,80.44929946265002,0,4,2026-07-13 15:47:27,live,R,L,,,,,,,0.8307436078381758,0.12665831680801343,0.2273662415278213,38,,,,21,,,,,,,,,,,,,,,,,,,,,,,
2026-07-13,657354,4.8,80.5,7.5,0.163,,,,,,1.6,4.6,38.0,10.5,,0.31,,,0,97.0,70.59127577522746,7.425107460085029,222,26.461018882582902,0,1,2026-07-13 15:47:27,live,L,L,,,,,,,1.0108851249494613,0.18158683260943562,0.270918032949958,38,,,,15,,,,,,,,,,,,,,,,,,,,,,,
2026-07-13,823462,5.2,81.3,9.5,0.153,,,,,,0.8,2.9,30.0,9.5,,0.348,,,0,98.0,69.27433302938199,0.0,190,68.9394531108918,0,1,2026-07-13 15:47:27,live,R,R,,,,,,,0.031296394144007866,0.12272407332484672,0.2799396512529516,38,,,,24,,,,,,,,,,,,,,,,,,,,,,,
2026-07-13,226551,2.7,78.0,6.7,0.12,,,,,,1.1,3.55,33.0,9.5,,0.315,,,0,104.0,72.0,0.0,0,50.0,1,5,2026-07-13 15:47:27,live,R,R,,,,,,,0.4298885552005912,0.13727479297742026,0.2306744214874995,38,,,,18,,,,,,,,,,,,,,,,,,,,,,,
2026-07-13,499331,2.9,78.2,6.9,0.122,,,,,,0.6,2.6,28.0,8.8,,0.328,,,1,104.0,72.0,0.0,0,50.0,1,4,2026-07-13 15:47:27,live,S,L,,,,,,,0.29181882027055117,0.05475188052509802,0.22049989435714912,38,,,,18,,,,,,,,,,,,,,,,,,,,,,,
2026-07-13,310196,1.8,77.5,5.3,0.13,,,,,,1.2,3.6,34.0,10.5,,0.32,,,1,107.0,64.26673423375995,0.0,351,78.30917753322406,0,3,2026-07-13 15:47:27,live,S,L,,,,,,,0.8627873757188183,0.0979798503731576,0.2600267798658975,38,,,,14,,,,,,,,,,,,,,,,,,,,,,,
2026-07-13,810501,1.6,76.8,4.5,0.122,,,,,,1.1,3.5,33.0,10.8,,0.305,,,1,104.0,72.0,0.0,0,50.0,1,2,2026-07-13 15:47:27,live,R,L,,,,,,,1.463522636248722,0.1383120642445695,0.3109598997735772,38,,,,13,,,,,,,,,,,,,,,,,,,,,,,
2026-07-13,858817,1.0,76.3,4.3,0.118,,,,,,1.0,3.4,32.0,9.0,,0.34,,,1,108.0,70.13014241234558,5.1150156065650325,101,57.8551182317086,0,3,2026-07-13 15:47:27,live,S,R,,,,,,,0.0,0.0746890577381012,0.3052053463884297,38,,,,13,,,,,,,,,,,,,,,,,,,,,,,
2026-07-13,577678,2.2,77.5,5.1,0.13,,,,,,1.1,3.5,33.0,10.8,,0.315,,,1,104.0,72.0,0.0,0,50.0,1,4,2026-07-13 15:47:27,live,R,L,,,,,,,0.06912379209793079,0.14918687434528635,0.20788338317574534,38,,,,13,,,,,,,,,,,,,,,,,,,,,,,
2026-07-13,960790,2.0,77.8,5.5,0.132,,,,,,1.0,3.35,32.0,8.5,,0.345,,,0,105.0,72.0,0.0,0,50.0,1,4,2026-07-13 15:47:27,live,L,L,,,,,,,0.5490510110363022,0.15970505021294232,0.20239815934778277,38,,,,14,,,,,,,,,,,,,,,,,,,,,,,
2026-07-13,632337,4.3,80.8,7.8,0.162,,,,,,1.4,4.1,36.0,7.8,,0.32,,,1,93.0,72.0,0.0,0,50.0,1,4,2026-07-13 15:47:27,live,R,L,,,,,,,0.0,0.09334041308379865,0.21554529452703935,38,,,,17,,,,,,,,,,,,,,,,,,,,,,,
2026-07-13,646083,2.9,79.0,6.4,0.145,,,,,,1.6,4.6,38.0,10.5,,0.332,,,0,97.0,70.59127577522746,7.425107460085029,222,26.461018882582902,0,5,2026-07-13 15:47:27,live,L,L,,,,,,,0.0,0.07326892241183339,0.2484588037439877,38,,,,15,,,,,,,,,,,,,,,,,,,,,,,
2026-07-13,563798,3.0,78.4,7.1,0.124,,,,,,0.6,2.6,28.0,8.8,,0.325,,,1,104.0,52.37944003886333,12.448710257469308,347,64.04716753215322,0,3,2026-07-13 15:47:27,live,R,L,,,,,,,0.0,0.07692215328908411,0.2772941494375684,38,,,,18,,,,,,,,,,,,,,,,,,,,,,,
2026-07-13,138497,3.3,79.5,6.8,0.15,,,,,,0.7,2.8,29.0,8.0,,0.335,,,1,101.0,65.14304354023507,5.264297223439641,200,23.952748215856925,0,4,2026-07-13 15:47:27,live,R,L,,,,,,,0.0,0.17081884883143322,0.23653406665863738,38,,,,16,,,,,,,,,,,,,,,,,,,,,,,
2026-07-13,400562,1.1,76.1,4.0,0.116,,,,,,1.1,3.45,33.0,9.3,,0.308,,,1,105.0,72.0,0.0,0,50.0,1,1,2026-07-13 15:47:27,live,S,R,,,,,,,0.9113690088508735,0.11795461365191366,0.21320100926663263,38,,,,13,,,,,,,,,,,,,,,,,,,,,,,
2026-07-13,597709,3.4,78.8,6.0,0.145,,,,,,1.1,3.5,33.0,10.8,,0.335,,,0,97.0,70.59127577522746,7.425107460085029,222,26.461018882582902,0,5,2026-07-13 15:47:27,live,L,L,,,,,,,0.7250897998991905,0.14220950360484752,0.22738893746067607,38,,,,13,,,,,,,,,,,,,,,,,,,,,,,
2026-07-13,444928,1.7,77.3,5.1,0.128,,,,,,0.7,2.8,29.0,8.0,,0.335,,,1,108.0,63.25723218014379,10.38155303779399,185,67.39232470894254,0,4,2026-07-13 15:47:27,live,R,L,,,,,,,0.10507637160993971,0.10951813304156362,0.2554271878791278,38,,,,13,,,,,,,,,,,,,,,,,,,,,,,
2026-07-13,679269,3.0,78.5,5.9,0.14,,,,,,0.7,2.8,29.0,8.0,,0.35,,,1,95.0,61.748710148391034,6.275627467445711,56,71.43487240836814,0,3,2026-07-13 15:47:27,live,S,L,,,,,,,0.6005961826764146,0.05,0.2546219226534523,38,,,,13,,,,,,,,,,,,,,,,,,,,,,,
2026-07-13,813128,5.3,81.2,8.5,0.175,,,,,,1.0,3.35,32.0,8.5,,0.315,,,1,95.0,61.748710148391034,6.275627467445711,56,71.43487240836814,0,5,2026-07-13 15:47:27,live,R,L,,,,,,,0.3126768491968194,0.14149832097873344,0.1914421202416455,38,,,,16,,,,,,,,,,,,,,,,,,,,,,,
2026-07-13,193222,3.5,79.7,7.0,0.152,,,,,,1.2,3.65,34.0,9.2,,0.322,,,0,102.0,67.1721982524038,5.5338936776962075,300,36.32567276281653,0,2,2026-07-13 15:47:27,live,R,R,,,,,,,0.43393585303760973,0.1353468620473245,0.21349534563650474,38,,,,16,,,,,,,,,,,,,,,,,,,,,,,
2026-07-13,121818,4.5,80.0,7.0,0.158,,,,,,1.1,3.5,33.0,10.8,,0.305,,,1,97.0,70.59127577522746,7.425107460085029,222,26.461018882582902,0,4,2026-07-13 15:47:27,live,R,L,,,,,,,0.96174937375556,0.10569227848840951,0.2439990452558255,38,,,,13,,,,,,,,,,,,,,,,,,,,,,,
2026-07-13,780256,1.8,76.2,4.3,0.112,,,,,,1.0,3.35,32.0,8.5,,0.31,,,1,105.0,70.25737903761441,4.227563639749707,134,47.977933903234515,0,4,2026-07-13 15:47:27,live,R,L,,,,,,,0.27184712464152144,0.11036558018752461,0.2502956116782129,38,,,,12,,,,,,,,,,,,,,,,,,,,,,,
2026-07-13,371473,5.0,80.8,7.8,0.168,,,,,,1.1,3.45,33.0,9.3,,0.305,,,0,105.0,72.0,0.0,0,50.0,1,4,2026-07-13 15:47:27,live,R,R,,,,,,,1.4538583482087,0.15386108171533117,0.24500657663342879,38,,,,15,,,,,,,,,,,,,,,,,,,,,,,
2026-07-13,783632,2.5,78.5,6.0,0.14,,,,,,1.0,3.35,32.0,8.5,,0.345,,,0,95.0,61.748710148391034,6.275627467445711,56,71.43487240836814,0,3,2026-07-13 15:47:27,live,L,L,,,,,,,1.0629945168197295,0.11946866236673209,0.2641384358108874,38,,,,14,,,,,,,,,,,,,,,,,,,,,,,
2026-07-13,210869,2.6,78.0,5.5,0.135,,,,,,1.2,3.65,34.0,9.2,,0.315,,,0,102.0,67.1721982524038,5.5338936776962075,300,36.32567276281653,0,1,2026-07-13 15:47:27,live,R,R,,,,,,,0.0,0.16378141915845537,0.24481658707171688,38,,,,13,,,,,,,,,,,,,,,,,,,,,,,
2026-07-13,155408,2.3,78.3,5.8,0.137,,,,,,0.6,2.6,28.0,8.8,,0.355,,,0,103.0,66.63172630500124,10.789431490530394,79,71.38248219319692,0,4,2026-07-13 15:47:27,live,L,L,,,,,,,0.0,0.1634666918899,0.2592341335720265,38,,,,14,,,,,,,,,,,,,,,,,,,,,,,
2026-07-13,270277,3.2,78.5,5.8,0.142,,,,,,1.2,3.6,34.0,10.5,,0.295,,,1,107.0,64.26673423375995,0.0,351,78.30917753322406,0,1,2026-07-13 15:47:27,live,R,L,,,,,,,0.4149689699201777,0.1118226038998207,0.26834371788972033,38,,,,13,,,,,,,,,,,,,,,,,,,,,,,
2026-07-13,212546,2.8,78.2,5.6,0.138,,,,,,1.2,3.6,34.0,10.5,,0.3,,,0,107.0,64.26673423375995,0.0,351,78.30917753322406,0,4,2026-07-13 15:47:27,live,L,L,,,,,,,0.0,0.17358947625530854,0.27240120156585,38,,,,13,,,,,,,,,,,,,,,,,,,,,,,
2026-07-13,466541,3.5,79.0,6.3,0.145,,,,,,1.1,3.5,33.0,10.8,,0.318,,,0,104.0,72.0,0.0,0,50.0,1,1,2026-07-13 15:47:27,live,L,L,,,,,,,0.8190480493437566,0.13752891122611,0.22449561092380987,38,,,,13,,,,,,,,,,,,,,,,,,,,,,,
2026-07-13,574679,2.8,78.2,5.7,0.138,,,,,,0.9,3.15,31.0,10.0,,0.345,,,0,101.0,65.14304354023507,5.264297223439641,200,23.952748215856925,0,6,2026-07-13 15:47:27,live,L,L,,,,,,,0.0,0.09708442334320944,0.24141517287872272,38,,,,13,,,,,,,,,,,,,,,,,,,,,,,
2026-07-13,937375,2.1,78.0,5.6,0.135,,,,,,0.9,3.15,31.0,10.0,,0.328,,,0,101.0,65.14304354023507,5.264297223439641,200,23.952748215856925,0,5,2026-07-13 15:47:27,live,L,L,,,,,,,0.2024441987057829,0.1325839161328504,0.2495407806838221,38,,,,14,,,,,,,,,,,,,,,,,,,,,,,
2026-07-13,300769,4.0,79.2,6.5,0.15,,,,,,0.7,2.8,29.0,8.0,,0.3,,,1,108.0,63.25723218014379,10.38155303779399,185,67.39232470894254,0,4,2026-07-13 15:47:27,live,S,L,,,,,,,0.6218401686545659,0.12132662332540915,0.23670076154194014,38,,,,13,,,,,,,,,,,,,,,,,,,,,,,
2026-07-13,54800,2.4,77.7,5.3,0.132,,,,,,1.1,3.5,33.0,10.8,,0.325,,,0,97.0,70.59127577522746,7.425107460085029,222,26.461018882582902,0,6,2026-07-13 15:47:27,live,L,L,,,,,,,0.27394595797307114,0.08548540359978599,0.26027326590729294,38,,,,13,,,,,,,,,,,,,,,,,,,,,,,
2026-07-13,739065,2.0,77.2,4.9,0.128,,,,,,0.7,2.7,29.0,10.5,,0.33,,,0,96.0,72.0,0.0,0,50.0,1,4,2026-07-13 15:47:27,live,L,L,,,,,,,0.7926153986288851,0.14611201252953954,0.2502631320561336,38,,,,13,,,,,,,,,,,,,,,,,,,,,,,
2026-07-13,851093,3.8,79.5,6.5,0.148,,,,,,0.9,3.15,31.0,10.0,,0.32,,,0,101.0,65.14304354023507,5.264297223439641,200,23.952748215856925,0,2,2026-07-13 15:47:27,live,L,L,,,,,,,0.0,0.15864923217733146,0.20087573014255616,38,,,,14,,,,,,,,,,,,,,,,,,,,,,,
2026-07-13,340588,4.8,80.5,7.3,0.162,,,,,,1.1,3.45,33.0,9.3,,0.295,,,0,105.0,72.0,0.0,0,50.0,1,6,2026-07-13 15:47:27,live,R,R,,,,,,,0.0,0.17547389389941767,0.27135321425180997,38,,,,13,,,,,,,,,,,,,,,,,,,,,,,
2026-07-13,438713,4.6,80.2,7.3,0.16,,,,,,0.7,2.8,29.0,8.0,,0.3,,,1,108.0,63.25723218014379,10.38155303779399,185,67.39232470894254,0,2,2026-07-13 15:47:27,live,R,L,,,,,,,0.0,0.1273953614042793,0.22386850377151576,38,,,,15,,,,,,,,,,,,,,,,,,,,,,,
2026-07-13,120857,2.3,77.5,5.1,0.13,,,,,,0.7,2.8,29.0,8.0,,0.34,,,0,93.0,72.0,0.0,0,50.0,1,1,2026-07-13 15:47:27,live,L,L,,,,,,,0.917836227496894,0.1208767707889705,0.2715367377144579,38,,,,13,,,,,,,,,,,,,,,,,,,,,,,
2026-07-13,345916,1.8,77.0,4.7,0.125,,,,,,0.7,2.7,29.0,10.5,,0.31,,,1,96.0,72.0,0.0,0,50.0,1,2,2026-07-13 15:47:27,live,R,L,,,,,,,0.7963614447365146,0.10493117413896261,0.2725806247222519,38,,,,13,,,,,,,,,,,,,,,,,,,,,,,
2026-07-13,192134,1.2,76.2,4.1,0.118,,,,,,0.7,2.8,29.0,8.0,,0.315,,,1,101.0,65.14304354023507,5.264297223439641,200,23.952748215856925,0,4,2026-07-13 15:47:27,live,R,L,,,,,,,0.3239313304601228,0.10325356070245875,0.23876593883729935,38,,,,13,,,,,,,,,,,,,,,,,,,,,,,
2026-07-13,61028,2.5,77.0,5.0,0.125,,,,,,1.3,3.75,35.0,9.5,,0.315,,,0,90.0,72.0,0.0,0,50.0,1,3,2026-07-13 15:47:27,live,R,R,,,,,,,0.0,0.1030976510636665,0.2599811875660285,38,,,,12,,,,,,,,,,,,,,,,,,,,,,,
2026-07-13,977998,1.5,77.0,4.9,0.125,,,,,,0.6,2.6,28.0,8.8,,0.315,,,0,103.0,66.63172630500124,10.789431490530394,79,71.38248219319692,0,1,2026-07-13 15:47:27,live,L,L,,,,,,,1.243192501639994,0.14481672910208782,0.24419716154978435,38,,,,13,,,,,,,,,,,,,,,,,,,,,,,
2026-07-13,976963,3.0,77.5,5.5,0.135,,,,,,1.3,3.75,35.0,9.5,,0.29,,,0,90.0,72.0,0.0,0,50.0,1,4,2026-07-13 15:47:27,live,R,R,,,,,,,0.039191302174402365,0.15658134792870343,0.25671372312690804,38,,,,12,,,,,,,,,,,,,,,,,,,,,,,
2026-07-13,790529,0.7,74.3,2.8,0.09,,,,,,1.5,4.3,37.0,6.5,,0.285,,,1,101.0,67.5144552587847,0.5825546844727798,257,61.61955596305671,0,4,2026-07-13 15:47:27,live,S,R,,,,,,,1.3441720928627512,0.10156547097388809,0.3004205178094169,38,,,,8,,,,,,,,,,,,,,,,,,,,,,,
2026-07-13,284679,2.0,76.5,4.5,0.12,,,,,,1.4,4.1,36.0,7.8,,0.295,,,1,107.0,75.45659139271977,17.06244035019493,137,91.09878808316614,0,6,2026-07-13 15:47:27,live,R,L,,,,,,,0.1297473203545519,0.1303984387323994,0.2560033330999169,38,,,,10,,,,,,,,,,,,,,,,,,,,,,,
2026-07-13,752565,1.3,76.8,4.7,0.123,,,,,,0.7,2.8,29.0,8.0,,0.33,,,0,101.0,65.14304354023507,5.264297223439641,200,23.952748215856925,0,2,2026-07-13 15:47:27,live,L,L,,,,,,,0.3251407344373498,0.10035309595107642,0.22814818682076476,38,,,,13,,,,,,,,,,,,,,,,,,,,,,,
2026-07-13,665639,2.8,77.2,5.3,0.132,,,,,,1.6,4.5,38.0,8.2,,0.295,,,0,112.0,72.0,0.0,0,50.0,1,2,2026-07-13 15:47:27,live,R,R,,,,,,,0.26707675032014155,0.1726608115337673,0.24324489628651333,38,,,,10,,,,,,,,,,,,,,,,,,,,,,,
2026-07-13,590063,2.7,78.8,6.2,0.142,,,,,,0.7,2.7,29.0,10.5,,0.325,,,0,96.0,72.0,0.0,0,50.0,1,1,2026-07-13 15:47:27,live,L,L,,,,,,,0.0,0.136205950637152,0.23753426605786712,38,,,,15,,,,,,,,,,,,,,,,,,,,,,,
2026-07-13,200044,4.1,80.5,7.6,0.16,,,,,,0.7,2.8,29.0,8.0,,0.318,,,0,93.0,72.0,0.0,0,50.0,1,4,2026-07-13 15:47:27,live,L,L,,,,,,,0.44864731484692866,0.1514937012711115,0.26202664544123516,38,,,,17,,,,,,,,,,,,,,,,,,,,,,,
2026-07-13,59300,3.5,78.0,6.0,0.14,,,,,,1.0,3.3,32.0,9.0,,0.305,,,0,93.0,72.0,0.0,0,50.0,1,6,2026-07-13 15:47:27,live,R,R,,,,,,,0.4042215755528599,0.1161542236645495,0.24814378696893688,38,,,,12,,,,,,,,,,,,,,,,,,,,,,,
2026-07-13,825778,2.0,76.5,4.5,0.115,,,,,,0.8,3.0,30.0,9.2,,0.3,,,0,112.0,72.0,0.0,0,50.0,1,2,2026-07-13 15:47:27,live,R,R,,,,,,,0.09495490614678825,0.1474411310588678,0.25312938272015056,38,,,,12,,,,,,,,,,,,,,,,,,,,,,,
2026-07-13,697854,1.4,76.5,4.3,0.12,,,,,,0.6,2.6,28.0,8.8,,0.33,,,0,103.0,66.63172630500124,10.789431490530394,79,71.38248219319692,0,3,2026-07-13 15:47:27,live,L,L,,,,,,,0.07973850352347434,0.10247629992458514,0.223202237773383,38,,,,13,,,,,,,,,,,,,,,,,,,,,,,
2026-07-13,87500,5.5,81.5,8.2,0.17,,,,,,0.7,2.8,29.0,8.0,,0.31,,,0,93.0,72.0,0.0,0,50.0,1,2,2026-07-13 15:47:27,live,L,L,,,,,,,0.08077903744064141,0.16204299842530975,0.23300204041577555,38,,,,17,,,,,,,,,,,,,,,,,,,,,,,
2026-07-13,110624,4.2,79.8,6.8,0.155,,,,,,1.0,3.35,32.0,8.5,,0.305,,,0,95.0,61.748710148391034,6.275627467445711,56,71.43487240836814,0,2,2026-07-13 15:47:27,live,L,L,,,,,,,0.28199203560302816,0.12041521117377943,0.23897790765381904,38,,,,14,,,,,,,,,,,,,,,,,,,,,,,
2026-07-13,45676,3.6,79.0,6.2,0.148,,,,,,0.7,2.8,29.0,8.0,,0.31,,,0,95.0,61.748710148391034,6.275627467445711,56,71.43487240836814,0,4,2026-07-13 15:47:27,live,L,L,,,,,,,0.4258226711222486,0.15560165635447673,0.2566286784776866,38,,,,13,,,,,,,,,,,,,,,,,,,,,,,
2026-07-13,642411,2.2,76.8,4.8,0.12,,,,,,1.0,3.35,32.0,8.5,,0.31,,,1,103.0,62.204130699478874,9.656573879471368,311,33.43339211956044,0,2,2026-07-13 15:47:27,live,R,L,,,,,,,0.0,0.16027708420662443,0.2855740170852534,38,,,,11,,,,,,,,,,,,,,,,,,,,,,,
2026-07-13,499251,1.8,76.0,4.0,0.113,,,,,,0.8,2.85,30.0,10.2,,0.315,,,1,103.0,66.13728723344914,12.282079991041966,330,41.77414553436699,0,1,2026-07-13 15:47:27,live,L,R,,,,,,,0.6171876661453829,0.12605622981516307,0.23796352376653254,38,,,,9,,,,,,,,,,,,,,,,,,,,,,,
2026-07-13,304725,2.0,76.3,4.3,0.118,,,,,,1.3,3.7,35.0,8.0,,0.305,,,0,107.0,75.45659139271977,17.06244035019493,137,91.09878808316614,0,4,2026-07-13 15:47:27,live,R,R,,,,,,,0.5887424311290272,0.12385607628168442,0.2576334872560878,38,,,,10,,,,,,,,,,,,,,,,,,,,,,,
2026-07-13,957447,2.5,77.8,5.3,0.133,,,,,,0.7,2.8,29.0,8.0,,0.325,,,0,95.0,61.748710148391034,6.275627467445711,56,71.43487240836814,0,1,2026-07-13 15:47:27,live,L,L,,,,,,,0.0,0.0998991439578048,0.2898234839229771,38,,,,13,,,,,,,,,,,,,,,,,,,,,,,
2026-07-13,418526,1.1,75.3,3.5,0.103,,,,,,1.6,4.5,38.0,8.2,,0.29,,,0,112.0,72.0,0.0,0,50.0,1,3,2026-07-13 15:47:27,live,R,R,,,,,,,0.006651018014985688,0.12495344305857432,0.24696417022638073,38,,,,10,,,,,,,,,,,,,,,,,,,,,,,
2026-07-13,896986,0.9,75.0,3.3,0.1,,,,,,1.4,4.0,36.0,9.8,,0.305,,,0,115.0,72.48775327958825,0.9521508698707581,65,84.74981963803896,0,4,2026-07-13 15:47:27,live,R,R,,,,,,,0.5489928054113373,0.07386618483755598,0.2346855309156343,38,,,,10,,,,,,,,,,,,,,,,,,,,,,,
2026-07-13,75597,1.9,76.3,4.2,0.113,,,,,,1.0,3.35,32.0,8.5,,0.305,,,1,103.0,62.204130699478874,9.656573879471368,311,33.43339211956044,0,2,2026-07-13 15:47:27,live,S,L,,,,,,,0.023317621329593807,0.1317418816445542,0.20111296408967927,38,,,,11,,,,,,,,,,,,,,,,,,,,,,,
2026-07-13,215342,1.8,76.0,4.0,0.112,,,,,,1.0,3.3,32.0,9.0,,0.3,,,1,93.0,72.0,0.0,0,50.0,1,1,2026-07-13 15:47:27,live,S,R,,,,,,,1.1640852083354565,0.06298934841495,0.27750584029015624,38,,,,9,,,,,,,,,,,,,,,,,,,,,,,
2026-07-13,298710,1.6,75.8,3.8,0.108,,,,,,0.8,2.85,30.0,10.2,,0.295,,,1,103.0,62.204130699478874,9.656573879471368,311,33.43339211956044,0,1,2026-07-13 15:47:27,live,L,R,,,,,,,0.9405109023984219,0.11628900677826846,0.25649782193381193,38,,,,8,,,,,,,,,,,,,,,,,,,,,,,
2026-07-13,510651,1.3,75.2,3.5,0.102,,,,,,0.8,2.85,30.0,10.2,,0.3,,,1,103.0,66.13728723344914,12.282079991041966,330,41.77414553436699,0,4,2026-07-13 15:47:27,live,S,R,,,,,,,1.1105949408354696,0.09786104522279017,0.25673318526733735,38,,,,8,,,,,,,,,,,,,,,,,,,,,,,
2026-07-13,561169,0.3,73.2,2.2,0.082,,,,,,0.7,2.7,29.0,10.5,,0.28,,,1,100.0,78.40001445382966,2.744776788444563,142,75.67127113588792,0,5,2026-07-13 15:47:27,live,R,L,,,,,,,1.6078330079433518,0.05956516818798833,0.26157492726324827,38,,,,8,,,,,,,,,,,,,,,,,,,,,,,
2026-07-13,814291,1.6,76.0,4.1,0.11,,,,,,0.9,3.15,31.0,10.0,,0.305,,,0,93.0,72.0,0.0,0,50.0,1,1,2026-07-13 15:47:27,live,L,L,,,,,,,1.358940761935831,0.16074531872974226,0.27283559610934777,38,,,,11,,,,,,,,,,,,,,,,,,,,,,,
2026-07-13,988327,1.4,75.5,3.6,0.105,,,,,,1.3,3.75,35.0,9.5,,0.31,,,0,90.0,72.0,0.0,0,50.0,1,1,2026-07-13 15:47:27,live,R,R,,,,,,,0.44310624623325184,0.07838643099292994,0.20094342325134998,38,,,,8,,,,,,,,,,,,,,,,,,,,,,,
2026-07-13,635726,1.5,75.5,3.7,0.105,,,,,,0.9,3.25,31.0,7.5,,0.298,,,1,90.0,72.0,0.0,0,50.0,1,5,2026-07-13 15:47:27,live,S,R,,,,,,,0.0,0.139176167079064,0.25387430265274685,38,,,,9,,,,,,,,,,,,,,,,,,,,,,,
2026-07-13,508863,1.2,75.2,3.5,0.105,,,,,,0.9,3.25,31.0,7.5,,0.305,,,1,90.0,72.0,0.0,0,50.0,1,5,2026-07-13 15:47:27,live,S,R,,,,,,,0.0,0.11565737295274592,0.25236856774097377,38,,,,9,,,,,,,,,,,,,,,,,,,,,,,
2026-07-13,430476,0.6,74.0,2.8,0.09,,,,,,0.8,2.9,30.0,9.5,,0.32,,,0,103.0,66.13728723344914,12.282079991041966,330,41.77414553436699,0,2,2026-07-13 15:47:27,live,R,R,,,,,,,1.7484958690069319,0.08306350061924635,0.28920794926553234,38,,,,9,,,,,,,,,,,,,,,,,,,,,,,
2026-07-13,320545,1.5,75.8,3.8,0.108,,,,,,1.0,3.35,32.0,8.5,,0.31,,,0,103.0,62.204130699478874,9.656573879471368,311,33.43339211956044,0,4,2026-07-13 15:47:27,live,L,L,,,,,,,0.0,0.14417818433148893,0.2737475780990226,38,,,,10,,,,,,,,,,,,,,,,,,,,,,,
2026-07-13,921667,3.2,77.8,5.8,0.138,,,,,,0.8,3.0,30.0,9.2,,0.295,,,1,105.0,70.25737903761441,4.227563639749707,134,47.977933903234515,0,1,2026-07-13 15:47:27,live,L,R,,,,,,,0.0,0.12476709472952173,0.2477061068796957,38,,,,11,,,,,,,,,,,,,,,,,,,,,,,
2026-07-13,565635,0.5,74.0,2.5,0.085,,,,,,1.2,3.6,34.0,10.5,,0.295,,,0,101.0,67.5144552587847,0.5825546844727798,257,61.61955596305671,0,5,2026-07-13 15:47:27,live,L,L,,,,,,,1.1173849164099667,0.07625447471462399,0.25227463208425605,38,,,,8,,,,,,,,,,,,,,,,,,,,,,,
2026-07-13,501506,0.6,74.0,2.8,0.09,,,,,,0.7,2.7,29.0,10.5,,0.3,,,1,100.0,78.40001445382966,2.744776788444563,142,75.67127113588792,0,1,2026-07-13 15:47:27,live,R,L,,,,,,,0.4822658306573142,0.05,0.2789581873761912,38,,,,8,,,,,,,,,,,,,,,,,,,,,,,
2026-07-13,67783,2.3,76.8,4.8,0.125,,,,,,0.8,3.0,30.0,9.2,,0.305,,,0,112.0,72.0,0.0,0,50.0,1,4,2026-07-13 15:47:27,live,R,R,,,,,,,1.1294481815606328,0.10279323153911671,0.19065634737235165,38,,,,10,,,,,,,,,,,,,,,,,,,,,,,
2026-07-13,919,0.8,74.8,3.2,0.098,,,,,,1.0,3.35,32.0,8.5,,0.315,,,0,103.0,62.204130699478874,9.656573879471368,311,33.43339211956044,0,5,2026-07-13 15:47:27,live,L,L,,,,,,,0.0,0.10250441418344772,0.2633553665687969,38,,,,10,,,,,,,,,,,,,,,,,,,,,,,
2026-07-13,867168,1.1,75.0,3.3,0.098,,,,,,1.0,3.3,32.0,9.0,,0.3,,,0,93.0,72.0,0.0,0,50.0,1,2,2026-07-13 15:47:27,live,R,R,,,,,,,1.2928426407895615,0.08927586424565676,0.20499929886605425,38,,,,8,,,,,,,,,,,,,,,,,,,,,,,
2026-07-13,211191,4.0,78.5,6.5,0.155,,,,,,0.7,2.75,29.0,9.8,,0.275,,,0,110.0,71.70954506288865,5.099910243593559,244,53.21766963952846,0,5,2026-07-13 15:47:27,live,R,R,,,,,,,0.0,0.17171304714502694,0.25100981768037617,38,,,,11,,,,,,,,,,,,,,,,,,,,,,,
2026-07-13,986306,2.0,76.3,4.3,0.118,,,,,,1.2,3.6,34.0,10.5,,0.295,,,0,101.0,67.5144552587847,0.5825546844727798,257,61.61955596305671,0,5,2026-07-13 15:47:27,live,L,L,,,,,,,0.0,0.07484902120609625,0.23809616090063912,38,,,,8,,,,,,,,,,,,,,,,,,,,,,,
2026-07-13,973959,0.8,74.5,3.0,0.095,,,,,,0.9,3.1,31.0,11.5,,0.305,,,0,104.0,72.0,0.0,0,50.0,1,2,2026-07-13 15:47:27,live,R,R,,,,,,,0.27679558127194015,0.09738721711565522,0.2664662718175634,38,,,,8,,,,,,,,,,,,,,,,,,,,,,,
2026-07-13,419718,1.0,75.0,3.3,0.1,,,,,,0.9,3.15,31.0,10.0,,0.31,,,0,93.0,72.0,0.0,0,50.0,1,4,2026-07-13 15:47:27,live,L,L,,,,,,,0.42859977157896234,0.06804374438943278,0.21726951291215502,38,,,,10,,,,,,,,,,,,,,,,,,,,,,,
2026-07-13,906461,1.3,75.5,3.6,0.105,,,,,,0.8,2.9,30.0,9.5,,0.295,,,0,103.0,66.13728723344914,12.282079991041966,330,41.77414553436699,0,3,2026-07-13 15:47:27,live,R,R,,,,,,,1.5535883196221203,0.10854102553439231,0.2278587581350971,38,,,,10,,,,,,,,,,,,,,,,,,,,,,,
2026-07-13,57852,2.5,77.0,5.0,0.125,,,,,,0.9,3.25,31.0,7.5,,0.3,,,0,90.0,72.0,0.0,0,50.0,1,2,2026-07-13 15:47:27,live,R,R,,,,,,,0.0,0.12847748898080463,0.28011976766673824,38,,,,9,,,,,,,,,,,,,,,,,,,,,,,
2026-07-13,397355,0.5,73.8,2.6,0.088,,,,,,0.8,3.0,30.0,9.2,,0.295,,,0,100.0,78.40001445382966,2.744776788444563,142,75.67127113588792,0,6,2026-07-13 15:47:27,live,R,R,,,,,,,0.30138273357257483,0.05542947754162817,0.20267907106639854,38,,,,9,,,,,,,,,,,,,,,,,,,,,,,
2026-07-13,440013,0.7,74.5,3.0,0.095,,,,,,0.9,3.15,31.0,10.0,,0.3,,,0,93.0,72.0,0.0,0,50.0,1,2,2026-07-13 15:47:27,live,L,L,,,,,,,0.49382245627490495,0.05963452139200219,0.21825471613030042,38,,,,10,,,,,,,,,,,,,,,,,,,,,,,
2026-07-13,995812,2.3,76.8,4.8,0.122,,,,,,0.8,2.85,30.0,10.2,,0.295,,,0,103.0,62.204130699478874,9.656573879471368,311,33.43339211956044,0,5,2026-07-13 15:47:27,live,R,R,,,,,,,0.5246820374691523,0.1328478137191745,0.23729246435373783,38,,,,8,,,,,,,,,,,,,,,,,,,,,,,
2026-07-13,601577,1.2,75.5,3.7,0.105,,,,,,0.8,2.85,30.0,10.2,,0.295,,,0,103.0,62.204130699478874,9.656573879471368,311,33.43339211956044,0,3,2026-07-13 15:47:27,live,R,R,,,,,,,0.4558425683194209,0.13288825654185077,0.28811510449442745,38,,,,11,,,,,,,,,,,,,,,,,,,,,,,
2026-07-13,230169,1.4,75.8,3.9,0.108,,,,,,0.8,2.9,30.0,9.5,,0.3,,,0,103.0,66.13728723344914,12.282079991041966,330,41.77414553436699,0,3,2026-07-13 15:47:27,live,R,R,,,,,,,0.6555996201170434,0.06820231870971911,0.25834408145975174,38,,,,11,,,,,,,,,,,,,,,,,,,,,,,
2026-07-13,635655,1.5,75.5,3.7,0.108,,,,,,0.7,2.7,29.0,10.5,,0.298,,,0,100.0,78.40001445382966,2.744776788444563,142,75.67127113588792,0,3,2026-07-13 15:47:27,live,L,L,,,,,,,0.17879795125901646,0.11326366015593761,0.25996714283989614,38,,,,9,,,,,,,,,,,,,,,,,,,,,,,
2026-07-13,871613,2.2,76.5,4.5,0.12,,,,,,0.8,3.0,30.0,9.2,,0.29,,,0,105.0,70.25737903761441,4.227563639749707,134,47.977933903234515,0,4,2026-07-13 15:47:27,live,R,R,,,,,,,0.0,0.10490462213361289,0.25547481980215747,38,,,,9,,,,,,,,,,,,,,,,,,,,,,,
2026-07-13,60593,0.9,74.8,3.1,0.095,,,,,,0.8,3.0,30.0,9.2,,0.29,,,0,100.0,78.40001445382966,2.744776788444563,142,75.67127113588792,0,3,2026-07-13 15:47:27,live,R,R,,,,,,,0.22095743965146109,0.06414658262957312,0.2652285859576335,38,,,,8,,,,,,,,,,,,,,,,,,,,,,,
2026-07-13,113428,1.0,75.0,3.2,0.098,,,,,,0.8,2.9,30.0,9.5,,0.295,,,0,103.0,66.13728723344914,12.282079991041966,330,41.77414553436699,0,4,2026-07-13 15:47:27,live,R,R,,,,,,,0.3460694225720783,0.05,0.23987903803959462,38,,,,9,,,,,,,,,,,,,,,,,,,,,,,
2026-07-13,635953,0.4,73.5,2.3,0.082,,,,,,0.8,2.85,30.0,10.2,,0.288,,,0,103.0,62.204130699478874,9.656573879471368,311,33.43339211956044,0,3,2026-07-13 15:47:27,live,R,R,,,,,,,0.7022230838396639,0.10153806211870278,0.22916147229794648,38,,,,8,,,,,,,,,,,,,,,,,,,,,,,
2026-07-13,891089,0.6,74.2,2.7,0.088,,,,,,0.8,2.85,30.0,10.2,,0.29,,,0,103.0,66.13728723344914,12.282079991041966,330,41.77414553436699,0,5,2026-07-13 15:47:27,live,R,R,,,,,,,0.0,0.10029106479110138,0.21526939393801187,38,,,,8,,,,,,,,,,,,,,,,,,,,,,,
2026-07-14,670541,14.8,91.5,13.3,0.315,0.474,,,,,0.85,2.62,28.8,10.2,94.6,0.488,,,1,107.0,89.5,8.8,218,50.0,0,2,2026-07-14 15:01:00,live,R,L,open_meteo,season_batting_fallback,,posted,2.01,4,5.0,0.277,0.321,34,,6.45,9.27,32,18.92,0.455,0.432,,,,,,,,,,,,,,,,,,46.728971962616825,50.0,75.0
2026-07-14,700250,14.9,91.0,13.4,0.32,0.381,,,,,0.85,2.62,28.8,10.2,94.6,0.44,,,1,107.0,89.5,8.8,218,50.0,0,7,2026-07-14 15:01:00,live,R,L,open_meteo,season_batting_fallback,,posted,2.01,4,6.0,0.304,0.243,32,,6.45,9.27,29,25.0,0.463,0.535,,,,,,,,,,,,,,,,,,46.728971962616825,50.0,75.0
2026-07-14,691406,13.6,90.3,12.3,0.276,0.372,,,,,0.85,2.62,28.8,10.2,94.6,0.427,,,1,107.0,89.5,8.8,218,50.0,0,4,2026-07-14 15:01:00,live,R,L,open_meteo,season_batting_fallback,,posted,2.01,4,4.0,0.398,0.283,32,,6.45,9.27,28,17.65,0.357,0.4,,,,,,,,,,,,,,,,,,46.728971962616825,50.0,75.0
2026-07-14,545361,10.2,89.1,9.2,0.236,0.409,,,,,0.85,2.62,28.8,10.2,94.6,0.415,,,1,107.0,89.5,8.8,218,50.0,0,1,2026-07-14 15:01:00,live,R,L,open_meteo,season_batting_fallback,,posted,2.01,4,3.0,0.212,0.239,53,,6.45,9.27,18,7.14,0.369,0.222,,,,,,,,,,,,,,,,,,46.728971962616825,50.0,75.0
2026-07-14,665742,12.6,90.4,11.3,0.272,0.431,,,,,0.46,2.56,27.6,13.58,91.7,0.452,,,0,107.0,89.5,8.8,218,50.0,0,2,2026-07-14 15:01:00,live,R,R,open_meteo,season_batting_fallback,,posted,0.0,3,4.0,0.306,0.316,33,,1.83,13.73,21,18.18,0.453,0.3,,,,,,,,,,,,,,,,,,46.728971962616825,50.0,25.0
2026-07-14,682985,6.5,88.9,5.9,0.174,0.364,,,,,0.85,2.62,28.8,10.2,94.6,0.405,,,1,107.0,89.5,8.8,218,50.0,0,8,2026-07-14 15:01:00,live,R,L,open_meteo,season_batting_fallback,,posted,2.01,4,2.0,0.241,0.241,35,,6.45,9.27,13,22.22,0.435,0.41,,,,,,,,,,,,,,,,,,46.728971962616825,50.0,75.0
2026-07-14,656941,15.5,90.4,13.9,0.306,0.378,,,,,0.46,2.56,27.6,13.58,91.7,0.425,,,0,107.0,89.5,8.8,218,50.0,0,1,2026-07-14 15:01:00,live,R,R,open_meteo,season_batting_fallback,,posted,0.0,3,2.0,0.243,0.288,33,,1.83,13.73,33,12.5,0.314,0.13,,,,,,,,,,,,,,,,,,46.728971962616825,50.0,25.0
2026-07-14,669127,10.9,89.2,9.8,0.226,0.36,,,,,0.85,2.62,28.8,10.2,94.6,0.372,,,1,107.0,89.5,8.8,218,50.0,0,3,2026-07-14 15:01:00,live,R,L,open_meteo,season_batting_fallback,,posted,2.01,4,2.0,0.148,0.197,37,,6.45,9.27,21,23.53,0.351,0.194,,,,,,,,,,,,,,,,,,46.728971962616825,50.0,75.0
2026-07-14,905315,11.5,89.2,15.8,0.235,,,,,,1.4,4.0,36.0,9.8,,0.38,,,1,101.0,45.99928792281051,10.983939113914271,106,40.384154723980735,0,4,2026-07-14 15:01:00,live,L,R,,,,,,,1.289153697230997,0.25885188570033874,0.2582080077040606,38,,,,40,,,,,,,,,,,,,,,,,,,,,,,
2026-07-14,654347,11.2,89.1,15.7,0.233,,,,,,1.4,4.1,36.0,7.8,,0.375,,,0,99.0,70.61485561408121,2.513569147796387,83,12.733633681465932,0,3,2026-07-14 15:01:00,live,L,L,,,,,,,3.2405442019379387,0.26153332871326096,0.24423734890324095,38,,,,40,,,,,,,,,,,,,,,,,,,,,,,
2026-07-14,918567,16.2,93.4,21.5,0.295,,,,,,0.8,3.0,30.0,9.2,,0.385,,,0,98.0,70.73211251437026,7.063771211392448,221,45.431127861013195,0,5,2026-07-14 15:01:00,live,R,R,,,,,,,1.405280154844751,0.1750992658896104,0.2842345442982979,38,,,,52,,,,,,,,,,,,,,,,,,,,,,,
2026-07-14,677951,6.5,88.9,5.8,0.175,0.389,,,,,0.85,2.62,28.8,10.2,94.6,0.387,,,1,107.0,89.5,8.8,218,50.0,0,5,2026-07-14 15:01:00,live,R,L,open_meteo,season_batting_fallback,,posted,2.01,4,1.0,0.15,0.292,39,,6.45,9.27,13,9.52,0.394,0.216,,,,,,,,,,,,,,,,,,46.728971962616825,50.0,75.0
2026-07-14,682928,10.1,89.7,9.1,0.235,0.34,,,,,0.46,2.56,27.6,13.58,91.7,0.399,,,0,107.0,89.5,8.8,218,50.0,0,4,2026-07-14 15:01:00,live,R,R,open_meteo,season_batting_fallback,,posted,0.0,3,3.0,0.217,0.243,36,,1.83,13.73,20,9.09,0.355,0.256,,,,,,,,,,,,,,,,,,46.728971962616825,50.0,25.0
2026-07-14,722954,12.4,90.1,16.9,0.244,,,,,,1.0,3.2,32.0,11.2,,0.348,,,1,102.0,52.66526972054493,5.012181991033436,16,59.038341853146704,0,2,2026-07-14 15:01:00,live,S,R,,,,,,,1.6413846131401366,0.3172757314271114,0.20791962724878013,38,,,,42,,,,,,,,,,,,,,,,,,,,,,,
2026-07-14,551888,14.8,91.9,19.8,0.271,,,,,,0.7,2.75,29.0,9.8,,0.37,,,1,92.0,48.582059577428765,13.0439263974662,276,48.30380808162075,0,4,2026-07-14 15:01:00,live,L,R,,,,,,,1.4667932741456537,0.2405231628071907,0.25310449725164247,38,,,,48,,,,,,,,,,,,,,,,,,,,,,,
2026-07-14,343464,8.5,85.6,13.1,0.198,,,,,,1.1,3.45,33.0,9.3,,0.36,,,1,103.0,68.60254410212515,4.722197075669749,314,48.42316254508986,0,2,2026-07-14 15:01:00,live,L,R,,,,,,,1.879685068349,0.21631636382410163,0.28757142893554716,38,,,,34,,,,,,,,,,,,,,,,,,,,,,,
2026-07-14,942710,12.9,90.8,17.5,0.251,,,,,,0.9,3.25,31.0,7.5,,0.355,,,0,101.0,45.99928792281051,10.983939113914271,106,40.384154723980735,0,4,2026-07-14 15:01:00,live,R,R,,,,,,,1.0763902667534146,0.25800152201824744,0.260827177226152,38,,,,44,,,,,,,,,,,,,,,,,,,,,,,
2026-07-14,352264,10.2,87.9,14.7,0.22,,,,,,0.7,2.75,29.0,9.8,,0.348,,,1,103.0,68.60254410212515,4.722197075669749,314,48.42316254508986,0,2,2026-07-14 15:01:00,live,L,R,,,,,,,2.8887976462998717,0.1980666371565011,0.22564504553696324,38,,,,38,,,,,,,,,,,,,,,,,,,,,,,
2026-07-14,262772,9.2,86.5,13.7,0.207,,,,,,0.8,3.0,30.0,9.2,,0.338,,,1,130.0,82.60451514728744,17.515671772798008,149,76.29631627798435,0,3,2026-07-14 15:01:00,live,L,R,,,,,,,0.0,0.24031892927366277,0.24838628349157427,38,,,,36,,,,,,,,,,,,,,,,,,,,,,,
2026-07-14,196865,13.5,91.2,18.2,0.258,,,,,,0.7,2.7,29.0,10.5,,0.362,,,0,88.0,61.782367334909594,4.780490001234542,133,53.6303214260906,0,1,2026-07-14 15:01:00,live,L,L,,,,,,,0.7717105026694675,0.24670298387266706,0.218884424446259,38,,,,45,,,,,,,,,,,,,,,,,,,,,,,
2026-07-14,281927,6.7,83.2,11.1,0.173,,,,,,1.1,3.45,33.0,9.3,,0.37,,,0,108.0,80.9506629800544,4.157669902570662,117,59.31928568315911,0,2,2026-07-14 15:01:00,live,R,R,,,,,,,0.16901644887919698,0.1761286892519699,0.2428046461504118,38,,,,28,,,,,,,,,,,,,,,,,,,,,,,
2026-07-14,31394,10.4,88.1,14.9,0.223,,,,,,1.4,4.0,36.0,9.8,,0.352,,,0,101.0,45.99928792281051,10.983939113914271,106,40.384154723980735,0,3,2026-07-14 15:01:00,live,R,R,,,,,,,0.0,0.2225809765892913,0.2522326108250237,38,,,,38,,,,,,,,,,,,,,,,,,,,,,,
2026-07-14,714343,10.9,88.6,15.4,0.229,,,,,,0.7,2.7,29.0,10.5,,0.368,,,0,88.0,61.782367334909594,4.780490001234542,133,53.6303214260906,0,5,2026-07-14 15:01:00,live,L,L,,,,,,,1.897592406887046,0.2579311252804575,0.28715926793512364,38,,,,39,,,,,,,,,,,,,,,,,,,,,,,
2026-07-14,571970,10.1,89.3,9.1,0.229,0.36,,,,,0.46,2.56,27.6,13.58,91.7,0.394,,,0,107.0,89.5,8.8,218,50.0,0,5,2026-07-14 15:01:00,live,R,R,open_meteo,season_batting_fallback,,posted,0.0,3,0.0,0.18,0.26,35,,1.83,13.73,17,4.17,0.274,0.091,,,,,,,,,,,,,,,,,,46.728971962616825,50.0,25.0
2026-07-14,996191,8.7,85.9,13.3,0.201,,,,,,1.4,4.0,36.0,9.8,,0.33,,,0,107.0,61.835075039234255,1.4579423328834782,193,40.33904312895014,0,3,2026-07-14 15:01:00,live,R,R,,,,,,,2.388129649141193,0.17641000273910604,0.22637029064696002,38,,,,34,,,,,,,,,,,,,,,,,,,,,46.728971962616825,,
2026-07-14,90677,8.1,85.0,12.7,0.192,,,,,,0.6,2.6,28.0,8.8,,0.365,,,0,112.0,72.0,0.0,0,50.0,1,2,2026-07-14 15:01:00,live,L,L,,,,,,,1.6209727250305108,0.20242267106764408,0.24074504595112245,38,,,,32,,,,,,,,,,,,,,,,,,,,,,,
2026-07-14,524202,9.7,87.2,14.2,0.213,,,,,,0.9,3.25,31.0,7.5,,0.352,,,1,92.0,48.582059577428765,13.0439263974662,276,48.30380808162075,0,3,2026-07-14 15:01:00,live,L,R,,,,,,,1.5272444362111268,0.1614772556739516,0.2287893076100637,38,,,,37,,,,,,,,,,,,,,,,,,,,,,,
2026-07-14,383867,6.1,82.5,10.5,0.165,,,,,,1.4,4.0,36.0,9.8,,0.358,,,0,107.0,61.835075039234255,1.4579423328834782,193,40.33904312895014,0,4,2026-07-14 15:01:00,live,R,R,,,,,,,1.7041356799832204,0.10045887150347639,0.2565977337865955,38,,,,27,,,,,,,,,,,,,,,,,,,,,46.728971962616825,,
2026-07-14,965765,5.5,81.8,9.9,0.158,,,,,,1.7,4.8,39.0,6.8,,0.335,,,0,102.0,52.66526972054493,5.012181991033436,16,59.038341853146704,0,1,2026-07-14 15:01:00,live,R,R,,,,,,,0.4774773566939453,0.14634359790151844,0.2865618784207773,38,,,,25,,,,,,,,,,,,,,,,,,,,,,,
2026-07-14,518692,7.4,89.3,6.6,0.197,0.383,,,,,0.46,2.56,27.6,13.58,91.7,0.409,,,0,107.0,89.5,8.8,218,50.0,0,3,2026-07-14 15:01:00,live,R,R,open_meteo,season_batting_fallback,,posted,0.0,3,1.0,0.196,0.304,32,,1.83,13.73,15,7.69,0.375,0.178,,,,,,,,,,,,,,,,,,46.728971962616825,50.0,25.0
2026-07-14,294586,5.3,81.5,9.7,0.155,,,,,,1.1,3.5,33.0,8.5,,0.332,,,0,105.0,72.0,0.0,0,50.0,1,2,2026-07-14 15:01:00,live,R,R,,,,,,,2.3954181906325513,0.16401355251709626,0.2743238847868056,38,,,,25,,,,,,,,,,,,,,,,,,,,,,,
2026-07-14,209933,7.7,84.5,12.3,0.187,,,,,,0.8,3.0,30.0,9.2,,0.355,,,1,98.0,70.73211251437026,7.063771211392448,221,45.431127861013195,0,2,2026-07-14 15:01:00,live,S,R,,,,,,,0.4567037124623955,0.14994867946089563,0.24407104996536305,38,,,,31,,,,,,,,,,,,,,,,,,,,,,,
2026-07-14,916633,5.9,82.3,10.3,0.163,,,,,,1.1,3.45,33.0,9.3,,0.345,,,0,103.0,68.60254410212515,4.722197075669749,314,48.42316254508986,0,1,2026-07-14 15:01:00,live,R,R,,,,,,,1.365526552699977,0.17801107020091972,0.2987960251510834,38,,,,26,,,,,,,,,,,,,,,,,,,,,,,
2026-07-14,703768,4.6,80.5,8.9,0.145,,,,,,1.4,4.1,36.0,7.8,,0.358,,,1,99.0,70.61485561408121,2.513569147796387,83,12.733633681465932,0,4,2026-07-14 15:01:00,live,S,L,,,,,,,1.108214689393207,0.10228017701142642,0.23178134683970386,38,,,,23,,,,,,,,,,,,,,,,,,,,,,,
2026-07-14,448217,6.3,82.8,10.7,0.168,,,,,,0.7,2.7,29.0,10.5,,0.33,,,1,88.0,61.782367334909594,4.780490001234542,133,53.6303214260906,0,1,2026-07-14 15:01:00,live,R,L,,,,,,,0.7132916030139291,0.22148969834093946,0.22606617860820444,38,,,,27,,,,,,,,,,,,,,,,,,,,,,,
2026-07-14,941482,6.9,83.5,11.3,0.176,,,,,,1.1,3.45,33.0,9.3,,0.342,,,0,103.0,68.60254410212515,4.722197075669749,314,48.42316254508986,0,6,2026-07-14 15:01:00,live,R,R,,,,,,,0.9396538224203502,0.177699017491784,0.25894665846575887,38,,,,29,,,,,,,,,,,,,,,,,,,,,,,
2026-07-14,631154,11.8,89.5,16.3,0.238,,,,,,0.7,2.75,29.0,9.8,,0.342,,,0,103.0,68.60254410212515,4.722197075669749,314,48.42316254508986,0,6,2026-07-14 15:01:00,live,R,R,,,,,,,0.819997678661266,0.22857572659092745,0.19175563778555418,38,,,,41,,,,,,,,,,,,,,,,,,,,,,,
2026-07-14,566597,9.4,86.8,13.9,0.209,,,,,,0.6,2.6,28.0,8.8,,0.344,,,1,107.0,61.835075039234255,1.4579423328834782,193,40.33904312895014,0,1,2026-07-14 15:01:00,live,R,L,,,,,,,0.7620759271163865,0.14810667309371037,0.2880187945862728,38,,,,36,,,,,,,,,,,,,,,,,,,,,46.728971962616825,,
2026-07-14,669016,8.3,89.3,7.4,0.189,0.322,,,,,0.46,2.56,27.6,13.58,91.7,0.384,,,0,107.0,89.5,8.8,218,50.0,0,7,2026-07-14 15:01:00,live,R,R,open_meteo,season_batting_fallback,,posted,0.0,3,0.0,0.202,0.244,32,,1.83,13.73,15,10.0,0.273,0.068,,,,,,,,,,,,,,,,,,46.728971962616825,50.0,25.0
2026-07-14,641355,5.5,88.3,4.9,0.167,0.352,,,,,0.85,2.62,28.8,10.2,94.6,0.368,,,1,107.0,89.5,8.8,218,50.0,0,6,2026-07-14 15:01:00,live,R,L,open_meteo,season_batting_fallback,,posted,2.01,4,0.0,0.104,0.209,33,,6.45,9.27,11,0.0,0.252,0.067,,,,,,,,,,,,,,,,,,46.728971962616825,50.0,75.0
2026-07-14,676391,4.3,88.5,3.9,0.137,0.274,,,,,0.85,2.62,28.8,10.2,94.6,0.352,,,1,107.0,89.5,8.8,218,50.0,0,9,2026-07-14 15:01:00,live,R,L,open_meteo,season_batting_fallback,,posted,2.01,4,1.0,0.132,0.281,36,,6.45,9.27,8,2.33,0.284,0.114,,,,,,,,,,,,,,,,,,46.728971962616825,50.0,75.0
2026-07-14,593558,9.9,87.5,14.4,0.216,,,,,,0.7,2.75,29.0,9.8,,0.34,,,0,92.0,48.582059577428765,13.0439263974662,276,48.30380808162075,0,3,2026-07-14 15:01:00,live,R,R,,,,,,,2.1911782951561833,0.21183564381689957,0.22194311744195322,38,,,,37,,,,,,,,,,,,,,,,,,,,,,,
2026-07-14,183331,6.5,83.0,10.9,0.17,,,,,,0.9,3.25,31.0,7.5,,0.355,,,0,92.0,48.582059577428765,13.0439263974662,276,48.30380808162075,0,1,2026-07-14 15:01:00,live,R,R,,,,,,,0.0,0.19760967061393875,0.28768990062633354,38,,,,28,,,,,,,,,,,,,,,,,,,,,,,
2026-07-14,522652,8.3,85.3,12.9,0.195,,,,,,0.9,3.25,31.0,7.5,,0.325,,,0,92.0,48.582059577428765,13.0439263974662,276,48.30380808162075,0,4,2026-07-14 15:01:00,live,R,R,,,,,,,1.5106739515308871,0.21654719053298502,0.2558905827130803,38,,,,33,,,,,,,,,,,,,,,,,,,,,,,
2026-07-14,604034,7.5,84.2,12.0,0.184,,,,,,0.8,3.0,30.0,9.2,,0.34,,,0,98.0,70.73211251437026,7.063771211392448,221,45.431127861013195,0,2,2026-07-14 15:01:00,live,R,R,,,,,,,1.8594814754506006,0.10704130387968253,0.24480034319632293,38,,,,30,,,,,,,,,,,,,,,,,,,,,,,
2026-07-14,249109,7.1,83.7,11.5,0.178,,,,,,0.7,2.75,29.0,9.8,,0.335,,,0,103.0,68.60254410212515,4.722197075669749,314,48.42316254508986,0,5,2026-07-14 15:01:00,live,R,R,,,,,,,1.8321447576906085,0.14687332817735155,0.281041855341624,38,,,,29,,,,,,,,,,,,,,,,,,,,,,,
2026-07-14,969200,4.5,81.0,8.0,0.165,,,,,,1.5,4.3,37.0,6.5,,0.325,,,1,96.0,65.79887403385705,11.576654346644446,46,100.0,0,2,2026-07-14 15:01:00,live,S,R,,,,,,,2.5957857962867705,0.11920257580682395,0.24504529834189473,38,,,,17,,,,,,,,,,,,,,,,,,,,,,,
2026-07-14,391807,7.3,84.0,11.8,0.181,,,,,,0.7,2.7,29.0,10.5,,0.345,,,0,88.0,61.782367334909594,4.780490001234542,133,53.6303214260906,0,3,2026-07-14 15:01:00,live,L,L,,,,,,,0.9653275007591164,0.1482875991550104,0.2781997622775093,38,,,,30,,,,,,,,,,,,,,,,,,,,,,,
2026-07-14,681624,8.3,89.1,7.4,0.201,0.343,,,,,0.46,2.56,27.6,13.58,91.7,0.376,,,0,107.0,89.5,8.8,218,50.0,0,8,2026-07-14 15:01:00,live,R,R,open_meteo,season_batting_fallback,,posted,0.0,3,1.0,0.104,0.243,32,,1.83,13.73,17,6.25,0.324,0.125,,,,,,,,,,,,,,,,,,46.728971962616825,50.0,25.0
2026-07-14,956345,4.1,80.5,7.6,0.16,,,,,,1.5,4.3,37.0,6.5,,0.318,,,1,97.0,57.05694899700095,13.834099587619805,224,55.12196645337916,0,4,2026-07-14 15:01:00,live,L,R,,,,,,,1.0370222301370022,0.17287552557708083,0.24768917384146716,38,,,,17,,,,,,,,,,,,,,,,,,,,,,,
2026-07-14,645277,6.8,88.6,6.1,0.172,0.292,,,,,0.46,2.56,27.6,13.58,91.7,0.356,,,0,107.0,89.5,8.8,218,50.0,0,6,2026-07-14 15:01:00,live,R,R,open_meteo,season_batting_fallback,,posted,0.0,3,1.0,0.183,0.25,35,,1.83,13.73,14,5.13,0.232,0.245,,,,,,,,,,,,,,,,,,46.728971962616825,50.0,25.0
2026-07-14,686948,9.4,88.6,8.5,0.183,0.379,,,,,0.46,2.56,27.6,13.58,91.7,0.373,,,0,107.0,89.5,8.8,218,50.0,0,9,2026-07-14 15:01:00,live,R,R,open_meteo,season_batting_fallback,,posted,0.0,3,1.0,0.136,0.191,60,,1.83,13.73,16,9.76,0.394,0.062,,,,,,,,,,,,,,,,,,46.728971962616825,50.0,25.0
2026-07-14,799319,4.8,80.8,9.1,0.148,,,,,,0.7,2.8,29.0,8.0,,0.33,,,1,103.0,58.20135940734275,6.169228149061684,326,63.75900379362656,0,2,2026-07-14 15:01:00,live,S,L,,,,,,,1.0766199956396938,0.1513534638755157,0.24870465422334767,38,,,,23,,,,,,,,,,,,,,,,,,,,,,,
2026-07-14,462745,2.9,78.2,6.9,0.122,,,,,,0.9,3.25,31.0,7.5,,0.328,,,1,101.0,45.99928792281051,10.983939113914271,106,40.384154723980735,0,5,2026-07-14 15:01:00,live,S,R,,,,,,,0.9664983249403323,0.12741701627312452,0.22758790548964522,38,,,,18,,,,,,,,,,,,,,,,,,,,,,,
2026-07-14,151967,7.9,84.8,12.5,0.189,,,,,,0.7,2.75,29.0,9.8,,0.32,,,0,92.0,48.582059577428765,13.0439263974662,276,48.30380808162075,0,1,2026-07-14 15:01:00,live,R,R,,,,,,,0.348083288513947,0.23256462787275806,0.25687971646604163,38,,,,32,,,,,,,,,,,,,,,,,,,,,,,
2026-07-14,559658,5.2,81.3,9.5,0.153,,,,,,0.7,2.8,29.0,8.0,,0.348,,,1,103.0,58.20135940734275,6.169228149061684,326,63.75900379362656,0,5,2026-07-14 15:01:00,live,R,L,,,,,,,0.9389068540780448,0.10175345467808145,0.21743631379624684,38,,,,24,,,,,,,,,,,,,,,,,,,,,,,
2026-07-14,846068,5.7,82.0,10.1,0.16,,,,,,0.9,3.25,31.0,7.5,,0.34,,,0,92.0,48.582059577428765,13.0439263974662,276,48.30380808162075,0,5,2026-07-14 15:01:00,live,R,R,,,,,,,0.0535863475652385,0.1392121782994663,0.25890733290606954,38,,,,26,,,,,,,,,,,,,,,,,,,,,,,
2026-07-14,312772,4.0,79.2,6.5,0.15,,,,,,1.7,4.8,39.0,6.8,,0.3,,,1,105.0,65.35794682017378,14.62051167873693,345,53.55849095205836,0,3,2026-07-14 15:01:00,live,S,R,,,,,,,1.6943507768042294,0.13020702587670005,0.23892913909186142,38,,,,13,,,,,,,,,,,,,,,,,,,,,,,
2026-07-14,673963,3.0,78.4,7.1,0.124,,,,,,1.1,3.55,33.0,9.5,,0.325,,,0,105.0,72.0,0.0,0,50.0,1,3,2026-07-14 15:01:00,live,R,R,,,,,,,0.30375173551970036,0.1567623506254355,0.22423044178687945,38,,,,18,,,,,,,,,,,,,,,,,,,,,,,
2026-07-14,645008,3.5,79.1,7.7,0.131,,,,,,0.7,2.8,29.0,8.0,,0.322,,,0,103.0,58.20135940734275,6.169228149061684,326,63.75900379362656,0,3,2026-07-14 15:01:00,live,L,L,,,,,,,1.8842187533977444,0.1842358268400928,0.23127037165388456,38,,,,20,,,,,,,,,,,,,,,,,,,,,,,
2026-07-14,289077,3.1,79.2,6.6,0.147,,,,,,1.7,4.8,39.0,6.8,,0.328,,,0,106.0,72.0,0.0,0,50.0,1,5,2026-07-14 15:01:00,live,R,R,,,,,,,0.38846565497961066,0.15675145188946144,0.25406821414754055,38,,,,16,,,,,,,,,,,,,,,,,,,,,,,
2026-07-14,459946,2.8,78.2,5.6,0.138,,,,,,1.5,4.3,37.0,6.5,,0.3,,,1,96.0,65.79887403385705,11.576654346644446,46,100.0,0,4,2026-07-14 15:01:00,live,L,R,,,,,,,1.5000400687816593,0.1369512870804959,0.31061135561898556,38,,,,13,,,,,,,,,,,,,,,,,,,,,,,
2026-07-14,453732,4.2,80.0,8.5,0.14,,,,,,0.7,2.7,29.0,10.5,,0.338,,,1,88.0,61.782367334909594,4.780490001234542,133,53.6303214260906,0,4,2026-07-14 15:01:00,live,R,L,,,,,,,0.0,0.11666022613298152,0.21354568574191243,38,,,,22,,,,,,,,,,,,,,,,,,,,,,,
2026-07-14,374972,2.3,78.3,5.8,0.137,,,,,,0.6,2.65,28.0,8.5,,0.355,,,1,92.0,70.91486254309956,6.97490056127134,64,46.95772912006965,0,1,2026-07-14 15:01:00,live,L,R,,,,,,,2.184245341539797,0.1267631576045785,0.2828989666231779,38,,,,14,,,,,,,,,,,,,,,,,,,,,,,
2026-07-14,160423,3.0,78.5,5.9,0.14,,,,,,0.9,3.1,31.0,11.5,,0.35,,,1,106.0,72.0,0.0,0,50.0,1,3,2026-07-14 15:01:00,live,S,R,,,,,,,0.0,0.12148125195804252,0.25759146864608645,38,,,,13,,,,,,,,,,,,,,,,,,,,,,,
2026-07-14,669377,2.9,79.0,6.4,0.145,,,,,,0.9,3.1,31.0,11.5,,0.332,,,1,97.0,57.05694899700095,13.834099587619805,224,55.12196645337916,0,2,2026-07-14 15:01:00,live,L,R,,,,,,,0.0,0.18012999596735518,0.25918664333506714,38,,,,15,,,,,,,,,,,,,,,,,,,,,,,
2026-07-14,101718,3.7,79.3,7.9,0.133,,,,,,1.2,3.6,34.0,10.5,,0.318,,,0,90.0,72.0,0.0,0,50.0,1,5,2026-07-14 15:01:00,live,L,L,,,,,,,1.1071965039597789,0.1089156988803742,0.22760089667643754,38,,,,20,,,,,,,,,,,,,,,,,,,,,,,
2026-07-14,2403,3.6,79.0,6.2,0.148,,,,,,1.8,5.1,40.0,7.0,,0.31,,,0,102.0,86.55551348047908,17.674445525109817,298,64.82237756680304,0,5,2026-07-14 15:01:00,live,L,L,,,,,,,0.0,0.13386546428659557,0.2869390824566016,38,,,,13,,,,,,,,,,,,,,,,,,,,,,,
2026-07-14,428160,4.4,80.3,8.7,0.143,,,,,,0.7,2.75,29.0,9.8,,0.35,,,0,92.0,48.582059577428765,13.0439263974662,276,48.30380808162075,0,4,2026-07-14 15:01:00,live,R,R,,,,,,,0.3499888559351051,0.15101050162347815,0.23734467628587413,38,,,,22,,,,,,,,,,,,,,,,,,,,,,,
2026-07-14,536351,2.7,78.8,6.2,0.142,,,,,,0.9,3.1,31.0,11.5,,0.325,,,1,103.0,81.90346375103448,6.065996974887375,132,10.0,0,4,2026-07-14 15:01:00,live,L,R,,,,,,,0.941500625603684,0.12342588504364353,0.240167032611446,38,,,,15,,,,,,,,,,,,,,,,,,,,,,,
2026-07-14,838006,2.7,78.0,6.7,0.12,,,,,,0.7,2.8,29.0,8.0,,0.315,,,1,103.0,58.20135940734275,6.169228149061684,326,63.75900379362656,0,2,2026-07-14 15:01:00,live,R,L,,,,,,,0.4184082351626952,0.11969323142259364,0.22339458096548107,38,,,,18,,,,,,,,,,,,,,,,,,,,,,,
2026-07-14,86073,2.0,77.2,4.9,0.128,,,,,,0.9,3.25,31.0,7.5,,0.33,,,1,102.0,86.55551348047908,17.674445525109817,298,64.82237756680304,0,1,2026-07-14 15:01:00,live,L,R,,,,,,,0.7718385184175256,0.10974678841534016,0.2377212392860634,38,,,,13,,,,,,,,,,,,,,,,,,,,,,,
2026-07-14,420537,3.3,78.8,7.5,0.128,,,,,,0.7,2.75,29.0,9.8,,0.345,,,0,92.0,48.582059577428765,13.0439263974662,276,48.30380808162075,0,1,2026-07-14 15:01:00,live,R,R,,,,,,,1.3279193408671106,0.11010711211625769,0.22955106504283937,38,,,,19,,,,,,,,,,,,,,,,,,,,,,,
2026-07-14,725740,3.4,78.8,6.0,0.145,,,,,,0.9,3.1,31.0,11.5,,0.335,,,1,103.0,81.90346375103448,6.065996974887375,132,10.0,0,1,2026-07-14 15:01:00,live,L,R,,,,,,,0.01447619795537236,0.11149968451077835,0.3028798223597528,38,,,,13,,,,,,,,,,,,,,,,,,,,,,,
2026-07-14,647731,2.0,77.8,5.5,0.132,,,,,,0.7,2.7,29.0,10.5,,0.345,,,0,130.0,63.36909892821128,8.298074090970943,14,17.71224583716775,0,2,2026-07-14 15:01:00,live,L,L,,,,,,,1.3422225168535147,0.12210999546695564,0.24723434991319174,38,,,,14,,,,,,,,,,,,,,,,,,,,,,,
2026-07-14,64640,1.2,76.2,4.1,0.118,,,,,,1.7,4.8,39.0,6.8,,0.315,,,0,105.0,65.35794682017378,14.62051167873693,345,53.55849095205836,0,1,2026-07-14 15:01:00,live,R,R,,,,,,,0.2161481041154738,0.12588774852493376,0.2710260772038263,38,,,,13,,,,,,,,,,,,,,,,,,,,,,,
2026-07-14,685321,3.9,80.2,7.4,0.157,,,,,,1.0,3.2,32.0,11.2,,0.33,,,0,98.0,67.80595645656987,5.847926799397503,273,59.4031970149603,0,1,2026-07-14 15:01:00,live,R,R,,,,,,,0.5255821195120542,0.18379509910062733,0.2479530377925143,38,,,,16,,,,,,,,,,,,,,,,,,,,,,,
2026-07-14,758941,2.1,78.0,5.6,0.135,,,,,,1.0,3.4,32.0,9.0,,0.328,,,1,92.0,70.91486254309956,6.97490056127134,64,46.95772912006965,0,3,2026-07-14 15:01:00,live,L,R,,,,,,,0.3580115315509148,0.1434818511094527,0.2554440808070038,38,,,,14,,,,,,,,,,,,,,,,,,,,,,,
2026-07-14,746015,5.5,81.5,8.2,0.17,,,,,,0.8,3.0,30.0,9.2,,0.31,,,1,93.0,72.0,0.0,0,50.0,1,4,2026-07-14 15:01:00,live,L,R,,,,,,,1.6588077397768712,0.17400201997922404,0.26473057752835655,38,,,,17,,,,,,,,,,,,,,,,,,,,,,,
2026-07-14,980524,2.5,78.5,6.0,0.14,,,,,,1.2,3.6,34.0,10.5,,0.345,,,0,100.0,62.61654720313091,15.222147049948074,29,44.306047703874654,0,3,2026-07-14 15:01:00,live,L,L,,,,,,,0.270317735128071,0.14171300859020863,0.24267941288925654,38,,,,14,,,,,,,,,,,,,,,,,,,,,,,
2026-07-14,248889,1.6,76.8,4.5,0.122,,,,,,1.2,3.6,34.0,10.5,,0.305,,,1,100.0,62.61654720313091,15.222147049948074,29,44.306047703874654,0,6,2026-07-14 15:01:00,live,R,L,,,,,,,0.802538374814503,0.13554293583448315,0.24558128022790052,38,,,,13,,,,,,,,,,,,,,,,,,,,,,,
2026-07-14,119084,1.4,76.5,4.3,0.12,,,,,,1.4,4.1,36.0,7.8,,0.33,,,0,100.0,62.61654720313091,15.222147049948074,29,44.306047703874654,0,4,2026-07-14 15:01:00,live,L,L,,,,,,,0.4049014770854551,0.1373664230871938,0.26461779867796903,38,,,,13,,,,,,,,,,,,,,,,,,,,,,,
2026-07-14,994980,2.3,77.5,5.1,0.13,,,,,,0.9,3.15,31.0,10.0,,0.34,,,0,96.0,72.0,0.0,0,50.0,1,1,2026-07-14 15:01:00,live,L,L,,,,,,,0.0,0.1981994897469318,0.2223460671733906,38,,,,13,,,,,,,,,,,,,,,,,,,,,,,
2026-07-14,640653,3.9,79.6,8.1,0.136,,,,,,0.7,2.75,29.0,9.8,,0.328,,,0,103.0,68.60254410212515,4.722197075669749,314,48.42316254508986,0,3,2026-07-14 15:01:00,live,R,R,,,,,,,0.8512204512263932,0.06310849521246213,0.24299979447968034,38,,,,21,,,,,,,,,,,,,,,,,,,,,,,
2026-07-14,760852,4.0,79.8,8.3,0.138,,,,,,0.8,3.0,30.0,9.2,,0.315,,,0,98.0,70.73211251437026,7.063771211392448,221,45.431127861013195,0,2,2026-07-14 15:01:00,live,R,R,,,,,,,0.6082370439809823,0.10225890374457236,0.26742811346871587,38,,,,21,,,,,,,,,,,,,,,,,,,,,,,
2026-07-14,208483,3.5,79.0,6.3,0.145,,,,,,0.9,3.1,31.0,11.5,,0.318,,,1,106.0,72.0,0.0,0,50.0,1,1,2026-07-14 15:01:00,live,L,R,,,,,,,0.0,0.11337906889301509,0.19406618828741165,38,,,,13,,,,,,,,,,,,,,,,,,,,,,,
2026-07-14,735179,1.3,76.8,4.7,0.123,,,,,,1.2,3.6,34.0,10.5,,0.33,,,0,100.0,62.61654720313091,15.222147049948074,29,44.306047703874654,0,1,2026-07-14 15:01:00,live,L,L,,,,,,,1.6570155358524068,0.09365808360869204,0.25494570749792766,38,,,,13,,,,,,,,,,,,,,,,,,,,,,,
2026-07-14,901120,3.2,78.6,7.3,0.126,,,,,,0.7,2.75,29.0,9.8,,0.31,,,0,103.0,68.60254410212515,4.722197075669749,314,48.42316254508986,0,2,2026-07-14 15:01:00,live,R,R,,,,,,,0.6538890233905628,0.13802039187133225,0.2752929405958115,38,,,,19,,,,,,,,,,,,,,,,,,,,,,,
2026-07-14,796374,2.4,77.7,5.3,0.132,,,,,,0.8,2.85,30.0,10.2,,0.325,,,1,90.0,72.0,0.0,0,50.0,1,4,2026-07-14 15:01:00,live,L,R,,,,,,,1.1980206630210695,0.09589253505740372,0.21681487394208296,38,,,,13,,,,,,,,,,,,,,,,,,,,,,,
2026-07-14,797627,1.8,77.0,4.7,0.125,,,,,,1.0,3.35,32.0,8.5,,0.31,,,1,96.0,65.79887403385705,11.576654346644446,46,100.0,0,5,2026-07-14 15:01:00,live,R,L,,,,,,,0.3198254332268766,0.12068753054273106,0.2711869283771574,38,,,,13,,,,,,,,,,,,,,,,,,,,,,,
2026-07-14,250760,1.0,76.3,4.3,0.118,,,,,,0.6,2.65,28.0,8.5,,0.34,,,1,98.0,67.80595645656987,5.847926799397503,273,59.4031970149603,0,4,2026-07-14 15:01:00,live,S,R,,,,,,,0.0,0.0925404698635775,0.2763248206375024,38,,,,13,,,,,,,,,,,,,,,,,,,,,,,
2026-07-14,837520,3.3,79.5,6.8,0.15,,,,,,1.0,3.2,32.0,11.2,,0.335,,,0,98.0,67.80595645656987,5.847926799397503,273,59.4031970149603,0,2,2026-07-14 15:01:00,live,R,R,,,,,,,0.0,0.12025750249865605,0.2259862637181705,38,,,,16,,,,,,,,,,,,,,,,,,,,,,,
2026-07-14,163303,2.8,78.2,5.7,0.138,,,,,,0.6,2.6,28.0,8.8,,0.345,,,0,130.0,63.36909892821128,8.298074090970943,14,17.71224583716775,0,5,2026-07-14 15:01:00,live,L,L,,,,,,,0.0,0.12015375564325502,0.2426547633977963,38,,,,13,,,,,,,,,,,,,,,,,,,,,,,
2026-07-14,527581,1.5,77.0,4.9,0.125,,,,,,0.6,2.65,28.0,8.5,,0.315,,,1,92.0,70.91486254309956,6.97490056127134,64,46.95772912006965,0,4,2026-07-14 15:01:00,live,L,R,,,,,,,2.4603804632787547,0.09338399544061368,0.2531465675440646,38,,,,13,,,,,,,,,,,,,,,,,,,,,,,
2026-07-14,249369,4.2,79.8,6.8,0.155,,,,,,0.9,3.1,31.0,11.5,,0.305,,,1,106.0,72.0,0.0,0,50.0,1,5,2026-07-14 15:01:00,live,L,R,,,,,,,0.11732799190945858,0.10059579138786634,0.2316837861149114,38,,,,14,,,,,,,,,,,,,,,,,,,,,,,
2026-07-14,454494,1.0,76.0,3.9,0.115,,,,,,0.7,2.7,29.0,10.5,,0.32,,,0,130.0,63.36909892821128,8.298074090970943,14,17.71224583716775,0,1,2026-07-14 15:01:00,live,L,L,,,,,,,0.0,0.1597744091986761,0.243077237666451,38,,,,13,,,,,,,,,,,,,,,,,,,,,,,
2026-07-14,542613,4.3,80.8,7.8,0.162,,,,,,0.9,3.1,31.0,11.5,,0.32,,,0,97.0,57.05694899700095,13.834099587619805,224,55.12196645337916,0,3,2026-07-14 15:01:00,live,R,R,,,,,,,1.3111518359258927,0.13372359253971686,0.24428408223511505,38,,,,17,,,,,,,,,,,,,,,,,,,,,,,
2026-07-14,273773,2.6,78.0,5.5,0.135,,,,,,1.1,3.5,33.0,8.5,,0.315,,,0,90.0,72.0,0.0,0,50.0,1,4,2026-07-14 15:01:00,live,R,R,,,,,,,1.4774461293411099,0.11535485218500931,0.24711920658490744,38,,,,13,,,,,,,,,,,,,,,,,,,,,,,
2026-07-14,766419,5.3,81.2,8.5,0.175,,,,,,0.6,2.65,28.0,8.5,,0.315,,,0,92.0,70.91486254309956,6.97490056127134,64,46.95772912006965,0,1,2026-07-14 15:01:00,live,R,R,,,,,,,2.62006482258769,0.15158241226216917,0.25019674985025214,38,,,,16,,,,,,,,,,,,,,,,,,,,,,,
2026-07-14,983125,4.6,80.2,7.3,0.16,,,,,,0.8,2.9,30.0,9.5,,0.3,,,0,103.0,81.90346375103448,6.065996974887375,132,10.0,0,1,2026-07-14 15:01:00,live,R,R,,,,,,,1.1148136739855683,0.18720819761291957,0.2759720674553259,38,,,,15,,,,,,,,,,,,,,,,,,,,,,,
2026-07-14,611803,1.8,77.5,5.3,0.13,,,,,,0.8,3.0,30.0,9.2,,0.32,,,1,93.0,72.0,0.0,0,50.0,1,2,2026-07-14 15:01:00,live,S,R,,,,,,,0.0,0.11051150930485344,0.2232614699346373,38,,,,14,,,,,,,,,,,,,,,,,,,,,,,
2026-07-14,673440,2.5,77.8,5.3,0.133,,,,,,1.0,3.35,32.0,8.5,,0.325,,,0,96.0,65.79887403385705,11.576654346644446,46,100.0,0,1,2026-07-14 15:01:00,live,L,L,,,,,,,0.977348802877013,0.07501162882825224,0.2468348296917292,38,,,,13,,,,,,,,,,,,,,,,,,,,,,,
2026-07-14,748625,3.3,78.8,6.1,0.142,,,,,,0.6,2.6,28.0,8.8,,0.31,,,0,130.0,63.36909892821128,8.298074090970943,14,17.71224583716775,0,3,2026-07-14 15:01:00,live,L,L,,,,,,,2.241298910050343,0.10436875177065463,0.20736505177740813,38,,,,13,,,,,,,,,,,,,,,,,,,,,,,
2026-07-14,244164,3.8,79.5,6.5,0.148,,,,,,0.8,2.85,30.0,10.2,,0.32,,,1,90.0,72.0,0.0,0,50.0,1,3,2026-07-14 15:01:00,live,L,R,,,,,,,0.0,0.08364015444300663,0.26805964854864095,38,,,,14,,,,,,,,,,,,,,,,,,,,,,,
2026-07-14,978399,5.0,80.8,7.8,0.168,,,,,,0.8,2.85,30.0,10.2,,0.305,,,0,90.0,72.0,0.0,0,50.0,1,2,2026-07-14 15:01:00,live,R,R,,,,,,,0.855879201217474,0.19166344628193674,0.2728770869106242,38,,,,15,,,,,,,,,,,,,,,,,,,,,,,
2026-07-14,372087,2.5,77.0,5.0,0.125,,,,,,0.8,3.0,30.0,9.2,,0.315,,,0,104.0,72.0,0.0,0,50.0,1,3,2026-07-14 15:01:00,live,R,R,,,,,,,1.0519077113539308,0.11587794704015852,0.21458400662360283,38,,,,12,,,,,,,,,,,,,,,,,,,,,,,
2026-07-14,889356,3.5,79.7,7.0,0.152,,,,,,0.8,2.9,30.0,9.5,,0.322,,,0,103.0,81.90346375103448,6.065996974887375,132,10.0,0,5,2026-07-14 15:01:00,live,R,R,,,,,,,0.0,0.1333904285407748,0.25112725360437294,38,,,,16,,,,,,,,,,,,,,,,,,,,,,,
2026-07-14,677300,4.5,80.0,7.0,0.158,,,,,,1.1,3.5,33.0,8.5,,0.305,,,0,90.0,72.0,0.0,0,50.0,1,4,2026-07-14 15:01:00,live,R,R,,,,,,,0.3233047067015589,0.14857566655556428,0.22605995903984158,38,,,,13,,,,,,,,,,,,,,,,,,,,,,,
2026-07-14,424672,1.3,75.2,3.5,0.102,,,,,,1.8,5.1,40.0,7.0,,0.3,,,1,100.0,62.75303838183316,7.731595140216115,11,10.0,0,2,2026-07-14 15:01:00,live,S,L,,,,,,,0.0,0.1033479940214675,0.2753677823694941,38,,,,8,,,,,,,,,,,,,,,,,,,,,,,
2026-07-14,52799,1.1,76.1,4.0,0.116,,,,,,0.6,2.65,28.0,8.5,,0.308,,,1,98.0,67.80595645656987,5.847926799397503,273,59.4031970149603,0,2,2026-07-14 15:01:00,live,S,R,,,,,,,0.31324008660860514,0.10872762849350447,0.29723861496413456,38,,,,13,,,,,,,,,,,,,,,,,,,,,,,
2026-07-14,103550,4.8,80.5,7.5,0.163,,,,,,1.0,3.35,32.0,8.5,,0.31,,,0,96.0,65.79887403385705,11.576654346644446,46,100.0,0,4,2026-07-14 15:01:00,live,L,L,,,,,,,0.05479129100666058,0.13317800125229223,0.2476700540152422,38,,,,15,,,,,,,,,,,,,,,,,,,,,,,
2026-07-14,724455,2.2,77.5,5.1,0.13,,,,,,0.6,2.65,28.0,8.5,,0.315,,,0,98.0,67.80595645656987,5.847926799397503,273,59.4031970149603,0,2,2026-07-14 15:01:00,live,R,R,,,,,,,0.0,0.16583130837847787,0.2349237536077293,38,,,,13,,,,,,,,,,,,,,,,,,,,,,,
2026-07-14,886019,1.7,77.3,5.1,0.128,,,,,,0.6,2.65,28.0,8.5,,0.335,,,0,92.0,70.91486254309956,6.97490056127134,64,46.95772912006965,0,3,2026-07-14 15:01:00,live,R,R,,,,,,,0.0,0.12326208580866078,0.22061996608284906,38,,,,13,,,,,,,,,,,,,,,,,,,,,,,
2026-07-14,94503,1.8,76.2,4.3,0.112,,,,,,1.0,3.3,32.0,9.0,,0.31,,,0,115.0,60.59172963307844,4.807178338705485,52,43.32645327913708,0,4,2026-07-14 15:01:00,live,R,R,,,,,,,0.0,0.10670655623487446,0.2564449810621392,38,,,,12,,,,,,,,,,,,,,,,,,,,,,,
2026-07-14,488418,1.2,76.5,4.5,0.12,,,,,,0.6,2.6,28.0,8.8,,0.31,,,0,130.0,63.36909892821128,8.298074090970943,14,17.71224583716775,0,1,2026-07-14 15:01:00,live,L,L,,,,,,,0.4401297692973698,0.07978280727165529,0.2508995754780387,38,,,,13,,,,,,,,,,,,,,,,,,,,,,,
2026-07-14,269688,1.1,75.0,3.3,0.098,,,,,,1.1,3.5,33.0,10.8,,0.3,,,1,107.0,72.0,0.0,0,50.0,1,1,2026-07-14 15:01:00,live,R,L,,,,,,,0.8062249220429138,0.128058938101822,0.20735374485255814,38,,,,8,,,,,,,,,,,,,,,,,,,,,,,
2026-07-14,603164,2.0,76.5,4.5,0.115,,,,,,1.0,3.4,32.0,9.0,,0.3,,,0,112.0,72.0,0.0,0,50.0,1,5,2026-07-14 15:01:00,live,R,R,,,,,,,0.0,0.08547140451463883,0.23242478885907591,38,,,,12,,,,,,,,,,,,,,,,,,,,,,,
2026-07-14,907253,4.0,78.5,6.5,0.155,,,,,,1.4,4.1,36.0,7.8,,0.275,,,1,82.0,63.43937918308064,6.357920931234867,278,51.489716109653806,0,5,2026-07-14 15:01:00,live,R,L,,,,,,,0.11935664767454546,0.15295563905319634,0.22671818144748346,38,,,,11,,,,,,,,,,,,,,,,,,,,,,,
2026-07-14,211837,2.5,77.0,5.0,0.125,,,,,,1.1,3.5,33.0,10.8,,0.3,,,1,107.0,72.0,0.0,0,50.0,1,4,2026-07-14 15:01:00,live,R,L,,,,,,,0.39980587419449337,0.1261429085039681,0.27169563853286877,38,,,,9,,,,,,,,,,,,,,,,,,,,,,,
2026-07-14,389012,1.5,75.5,3.7,0.108,,,,,,1.0,3.3,32.0,9.0,,0.298,,,1,115.0,60.59172963307844,4.807178338705485,52,43.32645327913708,0,5,2026-07-14 15:01:00,live,L,R,,,,,,,0.6573148348150204,0.09790401220252236,0.28082348937199736,38,,,,9,,,,,,,,,,,,,,,,,,,,,,,
2026-07-14,323261,3.0,77.5,5.5,0.135,,,,,,1.1,3.5,33.0,8.5,,0.29,,,0,107.0,66.00753988266742,5.334690873634981,63,54.945763579596175,0,3,2026-07-14 15:01:00,live,R,R,,,,,,,0.22985361888171418,0.11273698099628064,0.249435408310735,38,,,,12,,,,,,,,,,,,,,,,,,,,,46.728971962616825,,
2026-07-14,216367,1.2,75.2,3.5,0.105,,,,,,1.3,3.75,35.0,9.5,,0.305,,,1,97.0,58.68686124882357,6.8487869737580205,132,35.21526293751019,0,2,2026-07-14 15:01:00,live,S,R,,,,,,,0.0,0.10679770743299391,0.1984018277088907,38,,,,9,,,,,,,,,,,,,,,,,,,,,,,
2026-07-14,259089,1.8,76.0,4.0,0.113,,,,,,1.6,4.6,38.0,10.5,,0.315,,,0,88.0,67.49002334672116,13.401619163035836,184,50.029731045976156,0,5,2026-07-14 15:01:00,live,L,L,,,,,,,0.0,0.10325806972149924,0.23143702790573417,38,,,,9,,,,,,,,,,,,,,,,,,,,,,,
2026-07-14,929077,0.8,74.8,3.2,0.098,,,,,,1.4,4.1,36.0,7.8,,0.315,,,0,82.0,63.43937918308064,6.357920931234867,278,51.489716109653806,0,3,2026-07-14 15:01:00,live,L,L,,,,,,,1.5194144860333414,0.1421715657468704,0.2505187447673161,38,,,,10,,,,,,,,,,,,,,,,,,,,,,,
2026-07-14,83284,0.7,74.3,2.8,0.09,,,,,,1.4,4.0,36.0,9.8,,0.285,,,1,88.0,67.49002334672116,13.401619163035836,184,50.029731045976156,0,1,2026-07-14 15:01:00,live,S,R,,,,,,,0.0,0.11435125641962157,0.28611921526045486,38,,,,8,,,,,,,,,,,,,,,,,,,,,,,
2026-07-14,994655,1.6,76.0,4.1,0.11,,,,,,1.6,4.6,38.0,10.5,,0.305,,,0,100.0,62.75303838183316,7.731595140216115,11,10.0,0,3,2026-07-14 15:01:00,live,L,L,,,,,,,0.3540435637305714,0.09207022022704223,0.24659403745658293,38,,,,11,,,,,,,,,,,,,,,,,,,,,,,
2026-07-14,945891,1.8,76.0,4.0,0.112,,,,,,1.0,3.3,32.0,9.0,,0.3,,,1,115.0,60.59172963307844,4.807178338705485,52,43.32645327913708,0,1,2026-07-14 15:01:00,live,S,R,,,,,,,0.0,0.09205991793665139,0.21299513610263832,38,,,,9,,,,,,,,,,,,,,,,,,,,,,,
2026-07-14,268201,4.8,80.5,7.3,0.162,,,,,,0.8,3.0,30.0,9.2,,0.295,,,0,93.0,72.0,0.0,0,50.0,1,2,2026-07-14 15:01:00,live,R,R,,,,,,,0.0,0.1166684772640891,0.21734673613532018,38,,,,13,,,,,,,,,,,,,,,,,,,,,,,
2026-07-14,563486,1.9,76.3,4.2,0.113,,,,,,0.9,3.1,31.0,11.5,,0.305,,,1,115.0,60.59172963307844,4.807178338705485,52,43.32645327913708,0,3,2026-07-14 15:01:00,live,S,R,,,,,,,0.0,0.05177448498203086,0.2752879492812937,38,,,,11,,,,,,,,,,,,,,,,,,,,,,,
2026-07-14,250525,0.5,73.8,2.6,0.088,,,,,,1.7,4.8,39.0,6.8,,0.295,,,0,107.0,66.00753988266742,5.334690873634981,63,54.945763579596175,0,5,2026-07-14 15:01:00,live,R,R,,,,,,,0.07476250834741854,0.08024431583819817,0.2453807074710974,38,,,,9,,,,,,,,,,,,,,,,,,,,,46.728971962616825,,
2026-07-14,532984,2.0,76.3,4.3,0.118,,,,,,0.9,3.1,31.0,11.5,,0.295,,,1,115.0,60.59172963307844,4.807178338705485,52,43.32645327913708,0,3,2026-07-14 15:01:00,live,L,R,,,,,,,0.0,0.09616342638489288,0.19673254484267544,38,,,,8,,,,,,,,,,,,,,,,,,,,,,,
2026-07-14,953344,1.5,75.5,3.7,0.105,,,,,,1.0,3.4,32.0,9.0,,0.298,,,1,101.0,60.14125814841759,12.651395210327316,188,100.0,0,3,2026-07-14 15:01:00,live,S,R,,,,,,,0.08018034909734933,0.05,0.23846242262975026,38,,,,9,,,,,,,,,,,,,,,,,,,,,,,
2026-07-14,742518,2.5,77.0,5.0,0.128,,,,,,1.0,3.35,32.0,8.5,,0.31,,,1,82.0,63.43937918308064,6.357920931234867,278,51.489716109653806,0,3,2026-07-14 15:01:00,live,R,L,,,,,,,0.0,0.10909627394460446,0.2620972816138414,38,,,,10,,,,,,,,,,,,,,,,,,,,,,,
2026-07-14,619310,2.2,76.8,4.8,0.12,,,,,,1.2,3.65,34.0,9.2,,0.31,,,0,95.0,69.27124433147925,3.6372807047923583,33,52.25225792982578,0,3,2026-07-14 15:01:00,live,R,R,,,,,,,0.8420482163159555,0.07655073842769469,0.2638473141763695,38,,,,11,,,,,,,,,,,,,,,,,,,,,,,
2026-07-14,542634,0.9,75.0,3.3,0.1,,,,,,1.4,4.0,36.0,9.8,,0.305,,,0,88.0,67.49002334672116,13.401619163035836,184,50.029731045976156,0,4,2026-07-14 15:01:00,live,R,R,,,,,,,0.7923288931947863,0.05,0.3095287124793583,38,,,,10,,,,,,,,,,,,,,,,,,,,,,,
2026-07-14,10757,2.0,76.3,4.3,0.118,,,,,,1.0,3.4,32.0,9.0,,0.305,,,0,101.0,60.14125814841759,12.651395210327316,188,100.0,0,4,2026-07-14 15:01:00,live,R,R,,,,,,,0.0,0.16774408778116948,0.24975828257394775,38,,,,10,,,,,,,,,,,,,,,,,,,,,,,
2026-07-14,650326,2.3,76.8,4.8,0.122,,,,,,1.0,3.4,32.0,9.0,,0.295,,,0,112.0,72.0,0.0,0,50.0,1,3,2026-07-14 15:01:00,live,R,R,,,,,,,1.367113778999846,0.13359030278869843,0.1931333676697842,38,,,,8,,,,,,,,,,,,,,,,,,,,,,,
2026-07-14,565661,3.2,77.8,5.8,0.138,,,,,,0.9,3.1,31.0,11.5,,0.295,,,1,105.0,63.72424038026793,15.071487892871344,59,53.414511176434765,0,2,2026-07-14 15:01:00,live,L,R,,,,,,,0.8266653628881693,0.12107598577935104,0.26185900367322895,38,,,,11,,,,,,,,,,,,,,,,,,,,,,,
2026-07-14,390345,1.5,75.8,3.8,0.108,,,,,,0.8,3.0,30.0,9.2,,0.31,,,1,104.0,72.0,0.0,0,50.0,1,4,2026-07-14 15:01:00,live,L,R,,,,,,,0.20630236707720517,0.09258083608703331,0.2931944313347527,38,,,,10,,,,,,,,,,,,,,,,,,,,,,,
2026-07-14,927059,1.6,75.8,3.8,0.108,,,,,,1.2,3.6,34.0,10.5,,0.295,,,0,118.0,57.6912337408211,12.784639196103488,325,35.69221743907756,0,4,2026-07-14 15:01:00,live,L,L,,,,,,,0.0,0.1266240674846236,0.21454119924943754,38,,,,8,,,,,,,,,,,,,,,,,,,,,,,
2026-07-14,543071,2.8,77.2,5.3,0.132,,,,,,1.0,3.35,32.0,8.5,,0.295,,,1,82.0,63.43937918308064,6.357920931234867,278,51.489716109653806,0,5,2026-07-14 15:01:00,live,R,L,,,,,,,0.4524951819371527,0.11956846060988183,0.2560391613648616,38,,,,10,,,,,,,,,,,,,,,,,,,,,,,
2026-07-14,465554,1.2,75.5,3.7,0.105,,,,,,0.9,3.1,31.0,11.5,,0.295,,,0,105.0,63.72424038026793,15.071487892871344,59,53.414511176434765,0,2,2026-07-14 15:01:00,live,R,R,,,,,,,1.4699431910490561,0.1402467094382349,0.27607700130511187,38,,,,11,,,,,,,,,,,,,,,,,,,,,,,
2026-07-14,558909,0.8,74.5,3.0,0.095,,,,,,1.3,3.7,35.0,8.0,,0.305,,,0,95.0,69.27124433147925,3.6372807047923583,33,52.25225792982578,0,2,2026-07-14 15:01:00,live,R,R,,,,,,,0.15239393982050856,0.09834943924305095,0.221570116987736,38,,,,8,,,,,,,,,,,,,,,,,,,,,,,
2026-07-14,632909,0.7,74.5,3.0,0.095,,,,,,1.1,3.5,33.0,10.8,,0.3,,,0,118.0,57.6912337408211,12.784639196103488,325,35.69221743907756,0,3,2026-07-14 15:01:00,live,L,L,,,,,,,0.41640241916989446,0.10341049423660971,0.2759631130937807,38,,,,10,,,,,,,,,,,,,,,,,,,,,,,
2026-07-14,354002,0.6,74.2,2.7,0.088,,,,,,1.1,3.5,33.0,10.8,,0.29,,,1,118.0,57.6912337408211,12.784639196103488,325,35.69221743907756,0,3,2026-07-14 15:01:00,live,R,L,,,,,,,0.0,0.05,0.224052270864213,38,,,,8,,,,,,,,,,,,,,,,,,,,,,,
2026-07-14,826769,0.6,74.0,2.8,0.09,,,,,,1.1,3.5,33.0,8.5,,0.32,,,0,107.0,66.00753988266742,5.334690873634981,63,54.945763579596175,0,1,2026-07-14 15:01:00,live,R,R,,,,,,,0.02369052686618306,0.0689066984395853,0.2279493110823099,38,,,,9,,,,,,,,,,,,,,,,,,,,,46.728971962616825,,
2026-07-14,141947,0.6,74.0,2.8,0.09,,,,,,1.3,3.7,35.0,8.0,,0.3,,,0,101.0,60.14125814841759,12.651395210327316,188,100.0,0,1,2026-07-14 15:01:00,live,R,R,,,,,,,0.0,0.05,0.2363768018600159,38,,,,8,,,,,,,,,,,,,,,,,,,,,,,
2026-07-14,969934,2.3,76.8,4.8,0.125,,,,,,1.0,3.3,32.0,9.0,,0.305,,,0,115.0,60.59172963307844,4.807178338705485,52,43.32645327913708,0,1,2026-07-14 15:01:00,live,R,R,,,,,,,1.0887932173027972,0.09033177331630546,0.21413258038978464,38,,,,10,,,,,,,,,,,,,,,,,,,,,,,
2026-07-14,451089,0.4,73.5,2.3,0.082,,,,,,1.3,3.75,35.0,9.5,,0.288,,,0,97.0,58.68686124882357,6.8487869737580205,132,35.21526293751019,0,3,2026-07-14 15:01:00,live,R,R,,,,,,,0.8548890532888811,0.05,0.2733498544091516,38,,,,8,,,,,,,,,,,,,,,,,,,,,,,
2026-07-14,971021,2.0,76.5,4.5,0.12,,,,,,1.0,3.4,32.0,9.0,,0.295,,,0,112.0,72.0,0.0,0,50.0,1,6,2026-07-14 15:01:00,live,R,R,,,,,,,0.9324386160326366,0.10599257413200047,0.27371620985252004,38,,,,10,,,,,,,,,,,,,,,,,,,,,,,
2026-07-14,782797,0.3,73.2,2.2,0.082,,,,,,1.1,3.5,33.0,8.5,,0.28,,,0,107.0,66.00753988266742,5.334690873634981,63,54.945763579596175,0,5,2026-07-14 15:01:00,live,R,R,,,,,,,1.739699448810362,0.05,0.24514620248429247,38,,,,8,,,,,,,,,,,,,,,,,,,,,46.728971962616825,,
2026-07-14,438640,1.4,75.5,3.6,0.105,,,,,,0.8,3.0,30.0,9.2,,0.31,,,0,104.0,72.0,0.0,0,50.0,1,5,2026-07-14 15:01:00,live,R,R,,,,,,,1.0087198360912515,0.06709674474369712,0.23333943417626052,38,,,,8,,,,,,,,,,,,,,,,,,,,,,,
2026-07-14,476555,1.0,75.0,3.2,0.098,,,,,,1.3,3.75,35.0,9.5,,0.295,,,0,103.0,66.03590845759427,6.0205666897132,250,28.655421811034778,0,2,2026-07-14 15:01:00,live,R,R,,,,,,,0.0,0.09568776786021255,0.23351038108426986,38,,,,9,,,,,,,,,,,,,,,,,,,,,,,
2026-07-14,599814,1.3,75.5,3.6,0.105,,,,,,0.9,3.1,31.0,11.5,,0.295,,,0,105.0,63.72424038026793,15.071487892871344,59,53.414511176434765,0,2,2026-07-14 15:01:00,live,R,R,,,,,,,0.7654861142940448,0.11258342476285624,0.23035766641404334,38,,,,10,,,,,,,,,,,,,,,,,,,,,,,
2026-07-14,452683,1.1,75.3,3.5,0.103,,,,,,1.3,3.75,35.0,9.5,,0.29,,,0,97.0,58.68686124882357,6.8487869737580205,132,35.21526293751019,0,3,2026-07-14 15:01:00,live,R,R,,,,,,,0.0,0.06795037611752745,0.2471780390988563,38,,,,10,,,,,,,,,,,,,,,,,,,,,,,
2026-07-14,233508,0.9,74.8,3.1,0.095,,,,,,1.2,3.65,34.0,9.2,,0.29,,,0,103.0,66.03590845759427,6.0205666897132,250,28.655421811034778,0,4,2026-07-14 15:01:00,live,R,R,,,,,,,0.0,0.06987346639559643,0.27535166362561597,38,,,,8,,,,,,,,,,,,,,,,,,,,,,,
2026-07-14,871564,0.5,74.0,2.5,0.085,,,,,,1.4,4.1,36.0,7.8,,0.295,,,0,82.0,63.43937918308064,6.357920931234867,278,51.489716109653806,0,1,2026-07-14 15:01:00,live,L,L,,,,,,,0.07873921278661153,0.08411972412214418,0.2613656098366856,38,,,,8,,,,,,,,,,,,,,,,,,,,,,,
2026-07-14,656872,1.4,75.8,3.9,0.108,,,,,,0.9,3.1,31.0,11.5,,0.3,,,0,115.0,60.59172963307844,4.807178338705485,52,43.32645327913708,0,4,2026-07-14 15:01:00,live,R,R,,,,,,,0.0,0.08839447553171437,0.28162867341147035,38,,,,11,,,,,,,,,,,,,,,,,,,,,,,
2026-07-14,962539,1.0,75.0,3.3,0.1,,,,,,1.0,3.35,32.0,8.5,,0.31,,,0,82.0,63.43937918308064,6.357920931234867,278,51.489716109653806,0,3,2026-07-14 15:01:00,live,L,L,,,,,,,0.0,0.053854025530322217,0.2695837847650679,38,,,,10,,,,,,,,,,,,,,,,,,,,,,,
2026-07-14,436974,2.2,76.5,4.5,0.12,,,,,,0.8,3.0,30.0,9.2,,0.29,,,0,104.0,72.0,0.0,0,50.0,1,3,2026-07-14 15:01:00,live,R,R,,,,,,,0.10482682877676208,0.1003934881000943,0.27646912618545105,38,,,,9,,,,,,,,,,,,,,,,,,,,,,,
2026-07-15,341104,16.2,93.4,21.5,0.295,,,,,,1.3,3.8,35.0,8.5,,0.385,,,0,118.0,66.19061346493348,21.31586499156014,342,28.303847032770868,0,4,2026-07-15 14:59:10,live,R,R,,,,,,,0.4705115976779437,0.29644292228885294,0.2172046839399516,38,,,,52,,,,,,,,,,,,,,,,,,,,,,,
2026-07-15,92758,14.8,91.9,19.8,0.271,,,,,,1.2,3.6,34.0,8.8,,0.37,,,0,105.0,72.0,0.0,0,50.0,1,1,2026-07-15 14:59:10,live,L,L,,,,,,,3.1486974922312987,0.2851905325762434,0.23241037801973613,38,,,,48,,,,,,,,,,,,,,,,,,,,,,,
2026-07-15,441744,11.2,89.1,15.7,0.233,,,,,,1.0,3.3,32.0,9.0,,0.375,,,1,130.0,70.42802263795751,2.773035776248646,272,84.26124655389796,0,5,2026-07-15 14:59:10,live,L,R,,,,,,,0.9947562301396675,0.22104718445386348,0.24920137841644877,38,,,,40,,,,,,,,,,,,,,,,,,,,,,,
2026-07-15,911495,12.4,90.1,16.9,0.244,,,,,,1.0,3.4,32.0,9.0,,0.348,,,1,99.0,59.8284338930981,4.299121725746565,350,50.093166420911956,0,3,2026-07-15 14:59:10,live,S,R,,,,,,,1.389111726587419,0.2827463206005489,0.22332699154512442,38,,,,42,,,,,,,,,,,,,,,,,,,,,,,
2026-07-15,672218,13.5,91.2,18.2,0.258,,,,,,0.9,3.15,31.0,10.0,,0.362,,,0,110.0,58.68606891186407,14.65541382899367,79,69.61085920736924,0,4,2026-07-15 14:59:10,live,L,L,,,,,,,2.2754699312550444,0.2675677819003483,0.25497509612958025,38,,,,45,,,,,,,,,,,,,,,,,,,,,,,
2026-07-15,155466,12.9,90.8,17.5,0.251,,,,,,1.3,3.75,35.0,9.5,,0.355,,,0,104.0,72.0,0.0,0,50.0,1,3,2026-07-15 14:59:10,live,R,R,,,,,,,0.6350348775791601,0.22112271077450296,0.2817327286644847,38,,,,44,,,,,,,,,,,,,,,,,,,,,,,
2026-07-15,722687,10.4,88.1,14.9,0.223,,,,,,1.3,3.75,35.0,9.5,,0.352,,,0,104.0,72.0,0.0,0,50.0,1,5,2026-07-15 14:59:10,live,R,R,,,,,,,1.8039710868487473,0.23366851284707837,0.19825819310544449,38,,,,38,,,,,,,,,,,,,,,,,,,,,,,
2026-07-15,786063,11.5,89.2,15.8,0.235,,,,,,1.1,3.5,33.0,10.8,,0.38,,,0,102.0,65.62175455564278,8.553580233509477,230,79.64642989714264,0,5,2026-07-15 14:59:10,live,L,L,,,,,,,1.7080363581239926,0.20895931485561842,0.27724537202760247,38,,,,40,,,,,,,,,,,,,,,,,,,,,,,
2026-07-15,810066,9.2,86.5,13.7,0.207,,,,,,0.7,2.75,29.0,9.8,,0.338,,,1,104.0,72.0,0.0,0,50.0,1,4,2026-07-15 14:59:10,live,L,R,,,,,,,2.8149747397190237,0.24075801616464892,0.25748942061464675,38,,,,36,,,,,,,,,,,,,,,,,,,,,,,
2026-07-15,440045,6.5,83.0,10.9,0.17,,,,,,1.1,3.5,33.0,10.8,,0.355,,,1,102.0,65.62175455564278,8.553580233509477,230,79.64642989714264,0,1,2026-07-15 14:59:10,live,R,L,,,,,,,0.6998004303449867,0.19059404988168907,0.2572329522710971,38,,,,28,,,,,,,,,,,,,,,,,,,,,,,
2026-07-15,221370,8.5,85.6,13.1,0.198,,,,,,1.1,3.5,33.0,10.8,,0.36,,,0,105.0,72.0,0.0,0,50.0,1,2,2026-07-15 14:59:10,live,L,L,,,,,,,2.227356574465853,0.17720303366836482,0.22787477562704805,38,,,,34,,,,,,,,,,,,,,,,,,,,,,,
2026-07-15,247256,7.7,84.5,12.3,0.187,,,,,,0.9,3.15,31.0,10.0,,0.355,,,1,92.0,75.07572131971325,8.627764656003817,260,52.765569734947185,0,2,2026-07-15 14:59:10,live,S,L,,,,,,,1.3015158757374985,0.17321834146166323,0.2789665205100934,38,,,,31,,,,,,,,,,,,,,,,,,,,,,,
2026-07-15,788392,10.2,87.9,14.7,0.22,,,,,,0.7,2.7,29.0,10.5,,0.348,,,0,102.0,65.62175455564278,8.553580233509477,230,79.64642989714264,0,2,2026-07-15 14:59:10,live,L,L,,,,,,,1.645337942908942,0.29971572624676457,0.2141991398743917,38,,,,38,,,,,,,,,,,,,,,,,,,,,,,
2026-07-15,464772,9.9,87.5,14.4,0.216,,,,,,0.9,3.15,31.0,10.0,,0.34,,,1,92.0,75.07572131971325,8.627764656003817,260,52.765569734947185,0,6,2026-07-15 14:59:10,live,R,L,,,,,,,0.96839965936316,0.20111766349566843,0.28916475986266005,38,,,,37,,,,,,,,,,,,,,,,,,,,,,,
2026-07-15,280989,8.1,85.0,12.7,0.192,,,,,,0.9,3.15,31.0,10.0,,0.365,,,0,110.0,58.68606891186407,14.65541382899367,79,69.61085920736924,0,3,2026-07-15 14:59:10,live,L,L,,,,,,,1.3990454962300338,0.19607609021663228,0.28026459515946767,38,,,,32,,,,,,,,,,,,,,,,,,,,,,,
2026-07-15,983148,6.9,83.5,11.3,0.176,,,,,,0.9,3.15,31.0,10.0,,0.342,,,1,97.0,90.3214412725776,1.8703568232223358,129,93.1511798642776,0,4,2026-07-15 14:59:10,live,R,L,,,,,,,1.186013905795015,0.12388218414690702,0.24540330348176884,38,,,,29,,,,,,,,,,,,,,,,,,,,,,,
2026-07-15,968929,6.1,82.5,10.5,0.165,,,,,,0.9,3.15,31.0,10.0,,0.358,,,1,92.0,75.07572131971325,8.627764656003817,260,52.765569734947185,0,2,2026-07-15 14:59:10,live,R,L,,,,,,,0.0,0.15684105336716023,0.2315448713805605,38,,,,27,,,,,,,,,,,,,,,,,,,,,,,
2026-07-15,763918,5.7,82.0,10.1,0.16,,,,,,1.4,4.0,36.0,9.8,,0.34,,,0,107.0,72.0,0.0,0,50.0,1,1,2026-07-15 14:59:10,live,R,R,,,,,,,1.325873068422392,0.1211283652272207,0.2599472959062598,38,,,,26,,,,,,,,,,,,,,,,,,,,,,,
2026-07-15,934257,11.8,89.5,16.3,0.238,,,,,,0.9,3.25,31.0,7.5,,0.342,,,0,98.0,62.89255145556738,3.0328101055782266,305,74.04511817303892,0,1,2026-07-15 14:59:10,live,R,R,,,,,,,1.2111918634940668,0.21939852948440342,0.2405627408682323,38,,,,41,,,,,,,,,,,,,,,,,,,,,,,
2026-07-15,401878,10.9,88.6,15.4,0.229,,,,,,0.7,2.7,29.0,10.5,,0.368,,,0,102.0,65.62175455564278,8.553580233509477,230,79.64642989714264,0,5,2026-07-15 14:59:10,live,L,L,,,,,,,1.1270020167794768,0.199984023151281,0.2710255669995584,38,,,,39,,,,,,,,,,,,,,,,,,,,,,,
2026-07-15,144284,7.3,84.0,11.8,0.181,,,,,,0.6,2.6,28.0,8.8,,0.345,,,0,118.0,66.19061346493348,21.31586499156014,342,28.303847032770868,0,2,2026-07-15 14:59:10,live,L,L,,,,,,,2.0715344198437315,0.1928211460415283,0.2655427356767196,38,,,,30,,,,,,,,,,,,,,,,,,,,,,,
2026-07-15,900980,9.7,87.2,14.2,0.213,,,,,,0.6,2.6,28.0,8.8,,0.352,,,0,118.0,66.19061346493348,21.31586499156014,342,28.303847032770868,0,3,2026-07-15 14:59:10,live,L,L,,,,,,,1.6063307154293232,0.18718689851081777,0.23801419838539428,38,,,,37,,,,,,,,,,,,,,,,,,,,,,,
2026-07-15,656484,6.7,83.2,11.1,0.173,,,,,,0.7,2.75,29.0,9.8,,0.37,,,0,104.0,72.0,0.0,0,50.0,1,5,2026-07-15 14:59:10,live,R,R,,,,,,,0.591220835370527,0.17670994809886945,0.23513604704507732,38,,,,28,,,,,,,,,,,,,,,,,,,,,,,
2026-07-15,958222,9.4,86.8,13.9,0.209,,,,,,0.9,3.25,31.0,7.5,,0.344,,,0,98.0,62.89255145556738,3.0328101055782266,305,74.04511817303892,0,4,2026-07-15 14:59:10,live,R,R,,,,,,,0.0,0.22402760570385025,0.21514660830253446,38,,,,36,,,,,,,,,,,,,,,,,,,,,,,
2026-07-15,451478,8.9,86.2,13.5,0.204,,,,,,1.0,3.3,32.0,9.0,,0.334,,,0,107.0,72.0,0.0,0,50.0,1,1,2026-07-15 14:59:10,live,R,R,,,,,,,0.9757465184178082,0.17626878995536704,0.2536111564967422,38,,,,35,,,,,,,,,,,,,,,,,,,,,,,
2026-07-15,926912,4.6,80.5,8.9,0.145,,,,,,0.9,3.25,31.0,7.5,,0.358,,,1,98.0,62.89255145556738,3.0328101055782266,305,74.04511817303892,0,4,2026-07-15 14:59:10,live,S,R,,,,,,,1.2853624202982616,0.14356553127918587,0.24445642914564947,38,,,,23,,,,,,,,,,,,,,,,,,,,,,,
2026-07-15,302138,5.0,81.0,9.3,0.15,,,,,,1.3,3.8,35.0,8.5,,0.365,,,0,118.0,66.19061346493348,21.31586499156014,342,28.303847032770868,0,6,2026-07-15 14:59:10,live,R,R,,,,,,,1.545469698558172,0.12713204122521374,0.1943762118378639,38,,,,24,,,,,,,,,,,,,,,,,,,,,,,
2026-07-15,101956,7.1,83.7,11.5,0.178,,,,,,1.1,3.55,33.0,9.5,,0.335,,,0,96.0,72.0,0.0,0,50.0,1,1,2026-07-15 14:59:10,live,R,R,,,,,,,0.7138652263732508,0.18474552163197588,0.24060506581295424,38,,,,29,,,,,,,,,,,,,,,,,,,,,,,
2026-07-15,656161,6.3,82.8,10.7,0.168,,,,,,0.6,2.6,28.0,8.8,,0.33,,,1,118.0,66.19061346493348,21.31586499156014,342,28.303847032770868,0,3,2026-07-15 14:59:10,live,R,L,,,,,,,1.3942253071234543,0.15122455979266378,0.2408332905913046,38,,,,27,,,,,,,,,,,,,,,,,,,,,,,
2026-07-15,187935,8.7,85.9,13.3,0.201,,,,,,0.8,2.9,30.0,9.5,,0.33,,,0,99.0,59.8284338930981,4.299121725746565,350,50.093166420911956,0,6,2026-07-15 14:59:10,live,R,R,,,,,,,1.6280387521370785,0.21622498138627785,0.25243432588068765,38,,,,34,,,,,,,,,,,,,,,,,,,,,,,
2026-07-15,943073,7.5,84.2,12.0,0.184,,,,,,0.8,2.9,30.0,9.5,,0.34,,,0,99.0,59.8284338930981,4.299121725746565,350,50.093166420911956,0,5,2026-07-15 14:59:10,live,R,R,,,,,,,1.4654387757761256,0.17672224613960996,0.22281957843024003,38,,,,30,,,,,,,,,,,,,,,,,,,,,,,
2026-07-15,681746,8.3,85.3,12.9,0.195,,,,,,0.6,2.65,28.0,8.5,,0.325,,,0,92.0,75.07572131971325,8.627764656003817,260,52.765569734947185,0,1,2026-07-15 14:59:10,live,R,R,,,,,,,2.3380335217203,0.20064583034476383,0.2787124790931747,38,,,,33,,,,,,,,,,,,,,,,,,,,,,,
2026-07-15,68762,5.5,81.8,9.9,0.158,,,,,,0.6,2.65,28.0,8.5,,0.335,,,0,92.0,75.07572131971325,8.627764656003817,260,52.765569734947185,0,3,2026-07-15 14:59:10,live,R,R,,,,,,,1.9890865015475714,0.18578963663018677,0.24512032047550547,38,,,,25,,,,,,,,,,,,,,,,,,,,,,,
2026-07-15,122349,5.9,82.3,10.3,0.163,,,,,,0.7,2.75,29.0,9.8,,0.345,,,0,104.0,72.0,0.0,0,50.0,1,2,2026-07-15 14:59:10,live,R,R,,,,,,,0.8496141810686525,0.14971746233461455,0.25842989533062577,38,,,,26,,,,,,,,,,,,,,,,,,,,,,,
2026-07-15,287644,3.0,78.4,7.1,0.124,,,,,,1.3,3.75,35.0,9.5,,0.325,,,0,110.0,58.68606891186407,14.65541382899367,79,69.61085920736924,0,3,2026-07-15 14:59:10,live,R,R,,,,,,,2.0816193991090417,0.13492422569711568,0.27694314369251166,38,,,,18,,,,,,,,,,,,,,,,,,,,,,,
2026-07-15,193640,5.3,81.5,9.7,0.155,,,,,,0.8,2.9,30.0,9.5,,0.332,,,0,99.0,59.8284338930981,4.299121725746565,350,50.093166420911956,0,2,2026-07-15 14:59:10,live,R,R,,,,,,,1.2807768882705746,0.139881797743294,0.2465695568642394,38,,,,25,,,,,,,,,,,,,,,,,,,,,,,
2026-07-15,752131,4.4,80.3,8.7,0.143,,,,,,0.9,3.25,31.0,7.5,,0.35,,,0,98.0,62.89255145556738,3.0328101055782266,305,74.04511817303892,0,1,2026-07-15 14:59:10,live,R,R,,,,,,,0.9808462456430761,0.14773681685949847,0.27258346888990953,38,,,,22,,,,,,,,,,,,,,,,,,,,,,,
2026-07-15,937,4.0,79.8,8.3,0.138,,,,,,1.0,3.3,32.0,9.0,,0.315,,,0,130.0,70.42802263795751,2.773035776248646,272,84.26124655389796,0,1,2026-07-15 14:59:10,live,R,R,,,,,,,1.3012199587804174,0.15432419230794814,0.2853914111865074,38,,,,21,,,,,,,,,,,,,,,,,,,,,,,
2026-07-15,497523,4.8,80.8,9.1,0.148,,,,,,0.9,3.15,31.0,10.0,,0.33,,,1,98.0,62.89255145556738,3.0328101055782266,305,74.04511817303892,0,1,2026-07-15 14:59:10,live,S,L,,,,,,,0.650434248849487,0.1302858655055713,0.24362351135298954,38,,,,23,,,,,,,,,,,,,,,,,,,,,,,
2026-07-15,375791,3.3,78.8,7.5,0.128,,,,,,1.0,3.4,32.0,9.0,,0.345,,,0,107.0,68.50797159154271,7.82467310157412,125,60.40948368076726,0,1,2026-07-15 14:59:10,live,R,R,,,,,,,0.0,0.16218072569589162,0.27058272292244945,38,,,,19,,,,,,,,,,,,,,,,,,,,,,,
2026-07-15,252049,2.8,78.2,5.7,0.138,,,,,,0.8,2.85,30.0,10.2,,0.345,,,1,102.0,81.24906434251751,14.502858528897734,63,90.22799999582512,0,5,2026-07-15 14:59:10,live,L,R,,,,,,,0.587360058399879,0.14785241772030874,0.2439248185025253,38,,,,13,,,,,,,,,,,,,,,,,,,,,,,
2026-07-15,936150,1.3,76.8,4.7,0.123,,,,,,1.1,3.45,33.0,9.3,,0.33,,,1,102.0,81.24906434251751,14.502858528897734,63,90.22799999582512,0,5,2026-07-15 14:59:10,live,L,R,,,,,,,0.31716991692655533,0.13148035584095244,0.25478047113685814,38,,,,13,,,,,,,,,,,,,,,,,,,,,,,
2026-07-15,948129,3.5,79.1,7.7,0.131,,,,,,1.0,3.4,32.0,9.0,,0.322,,,1,99.0,59.8284338930981,4.299121725746565,350,50.093166420911956,0,4,2026-07-15 14:59:10,live,L,R,,,,,,,0.0,0.07405697501000492,0.25313900231075526,38,,,,20,,,,,,,,,,,,,,,,,,,,,,,
2026-07-15,952419,3.4,78.8,6.0,0.145,,,,,,1.1,3.5,33.0,8.5,,0.335,,,1,99.0,74.26108159795044,9.470105174647642,312,65.91106180690625,0,3,2026-07-15 14:59:10,live,L,R,,,,,,,0.3502346970331692,0.12901479503161117,0.23805790860079296,38,,,,13,,,,,,,,,,,,,,,,,,,,,,,
2026-07-15,518944,3.6,79.0,6.2,0.148,,,,,,1.2,3.65,34.0,9.2,,0.31,,,1,108.0,70.52481971187538,0.0,315,39.08823848810332,0,3,2026-07-15 14:59:10,live,L,R,,,,,,,0.9471423316445932,0.16073012337515888,0.25521984034878836,38,,,,13,,,,,,,,,,,,,,,,,,,,,,,
2026-07-15,36434,3.5,79.0,6.3,0.145,,,,,,1.1,3.5,33.0,8.5,,0.318,,,1,108.0,70.52481971187538,0.0,315,39.08823848810332,0,6,2026-07-15 14:59:10,live,L,R,,,,,,,1.0522923146483536,0.1499479063556561,0.2581819344504679,38,,,,13,,,,,,,,,,,,,,,,,,,,,,,
2026-07-15,385525,3.7,80.0,7.2,0.155,,,,,,1.1,3.45,33.0,9.3,,0.34,,,0,102.0,81.24906434251751,14.502858528897734,63,90.22799999582512,0,6,2026-07-15 14:59:10,live,R,R,,,,,,,1.0216218514327133,0.1632199443200031,0.26881688193992437,38,,,,16,,,,,,,,,,,,,,,,,,,,,,,
2026-07-15,924693,3.2,78.6,7.3,0.126,,,,,,1.2,3.65,34.0,9.2,,0.31,,,0,97.0,90.3214412725776,1.8703568232223358,129,93.1511798642776,0,1,2026-07-15 14:59:10,live,R,R,,,,,,,0.0,0.1337528083618772,0.25415046429431093,38,,,,19,,,,,,,,,,,,,,,,,,,,,,,
2026-07-15,946169,1.2,76.2,4.1,0.118,,,,,,1.6,4.6,38.0,10.5,,0.315,,,1,97.0,69.17324845465511,6.565410575056576,245,71.34194726131761,0,6,2026-07-15 14:59:10,live,R,L,,,,,,,0.0,0.09551289264045947,0.25207641708592354,38,,,,13,,,,,,,,,,,,,,,,,,,,,,,
2026-07-15,866350,5.2,81.3,9.5,0.153,,,,,,0.6,2.65,28.0,8.5,,0.348,,,0,92.0,75.07572131971325,8.627764656003817,260,52.765569734947185,0,4,2026-07-15 14:59:10,live,R,R,,,,,,,1.0086499823513224,0.12506551422972928,0.2785999729665447,38,,,,24,,,,,,,,,,,,,,,,,,,,,,,
2026-07-15,9920,2.9,78.2,6.9,0.122,,,,,,0.6,2.65,28.0,8.5,,0.328,,,1,92.0,75.07572131971325,8.627764656003817,260,52.765569734947185,0,5,2026-07-15 14:59:10,live,S,R,,,,,,,0.0,0.12451774857386158,0.23142414886139562,38,,,,18,,,,,,,,,,,,,,,,,,,,,,,
2026-07-15,980182,2.9,79.0,6.4,0.145,,,,,,0.6,2.65,28.0,8.5,,0.332,,,1,99.0,74.26108159795044,9.470105174647642,312,65.91106180690625,0,3,2026-07-15 14:59:10,live,L,R,,,,,,,1.7083621937346432,0.1380133101375217,0.23995873553378513,38,,,,15,,,,,,,,,,,,,,,,,,,,,,,
2026-07-15,586780,2.7,78.0,6.7,0.12,,,,,,1.0,3.4,32.0,9.0,,0.315,,,0,107.0,68.50797159154271,7.82467310157412,125,60.40948368076726,0,3,2026-07-15 14:59:10,live,R,R,,,,,,,0.6918692478358028,0.12442575827964894,0.252741830191069,38,,,,18,,,,,,,,,,,,,,,,,,,,,,,
2026-07-15,193680,4.2,80.0,8.5,0.14,,,,,,1.0,3.4,32.0,9.0,,0.338,,,0,99.0,59.8284338930981,4.299121725746565,350,50.093166420911956,0,4,2026-07-15 14:59:10,live,R,R,,,,,,,0.12630874324921115,0.10059077846198153,0.2153243327974784,38,,,,22,,,,,,,,,,,,,,,,,,,,,,,
2026-07-15,360779,1.0,76.3,4.3,0.118,,,,,,1.0,3.2,32.0,11.2,,0.34,,,1,96.0,72.0,0.0,0,50.0,1,5,2026-07-15 14:59:10,live,S,R,,,,,,,0.0,0.12431978073934263,0.24763382106527113,38,,,,13,,,,,,,,,,,,,,,,,,,,,,,
2026-07-15,627657,2.0,77.8,5.5,0.132,,,,,,0.8,2.9,30.0,9.5,,0.345,,,1,96.0,67.81220307283479,6.322318876473079,86,25.196422992195025,0,3,2026-07-15 14:59:10,live,L,R,,,,,,,0.2868096546593192,0.1472473450517723,0.2659205797151025,38,,,,14,,,,,,,,,,,,,,,,,,,,,,,
2026-07-15,215446,3.0,78.5,5.9,0.14,,,,,,0.7,2.7,29.0,10.5,,0.35,,,1,104.0,72.0,0.0,0,50.0,1,3,2026-07-15 14:59:10,live,S,L,,,,,,,0.09361469016210772,0.11826145863886962,0.26944645453958466,38,,,,13,,,,,,,,,,,,,,,,,,,,,,,
2026-07-15,694292,2.4,77.7,5.3,0.132,,,,,,1.2,3.65,34.0,9.2,,0.325,,,1,88.0,73.38096412309052,4.42152875003995,151,39.2378216844497,0,4,2026-07-15 14:59:10,live,L,R,,,,,,,0.0,0.1283275654429057,0.2463850891438257,38,,,,13,,,,,,,,,,,,,,,,,,,,,,,
2026-07-15,568540,4.8,80.5,7.5,0.163,,,,,,1.2,3.6,34.0,8.8,,0.31,,,0,104.0,72.0,0.0,0,50.0,1,1,2026-07-15 14:59:10,live,L,L,,,,,,,0.744801223380307,0.20710583859711057,0.2739064662560891,38,,,,15,,,,,,,,,,,,,,,,,,,,,,,
2026-07-15,739056,2.2,77.5,5.1,0.13,,,,,,1.0,3.35,32.0,8.5,,0.315,,,1,107.0,75.25463198635484,13.834027434362197,334,78.23784807329712,0,4,2026-07-15 14:59:10,live,R,L,,,,,,,1.6772879606570146,0.1062271298907608,0.20871391687001714,38,,,,13,,,,,,,,,,,,,,,,,,,,,,,
2026-07-15,264681,2.1,78.0,5.6,0.135,,,,,,1.0,3.4,32.0,9.0,,0.328,,,1,96.0,72.0,0.0,0,50.0,1,4,2026-07-15 14:59:10,live,L,R,,,,,,,0.7420858604005123,0.1093891863889398,0.2473327202967255,38,,,,14,,,,,,,,,,,,,,,,,,,,,,,
2026-07-15,51082,3.5,78.0,6.0,0.14,,,,,,1.3,3.75,35.0,9.5,,0.305,,,0,110.0,67.0502875344942,8.312992015154647,206,43.03113716319545,0,4,2026-07-15 14:59:10,live,R,R,,,,,,,0.7696374461809823,0.12829004678855602,0.2477217596066781,38,,,,12,,,,,,,,,,,,,,,,,,,,,,,
2026-07-15,672026,1.7,77.3,5.1,0.128,,,,,,0.8,2.9,30.0,9.5,,0.335,,,0,108.0,52.554446762711265,18.877077133983143,74,43.65926561357495,0,1,2026-07-15 14:59:10,live,R,R,,,,,,,2.9083842645055564,0.09790267629532666,0.25272026262281155,38,,,,13,,,,,,,,,,,,,,,,,,,,,,,
2026-07-15,276322,2.3,77.5,5.1,0.13,,,,,,1.0,3.35,32.0,8.5,,0.34,,,0,108.0,52.554446762711265,18.877077133983143,74,43.65926561357495,0,3,2026-07-15 14:59:10,live,L,L,,,,,,,0.2346095653216932,0.1614550912223803,0.2798430524943354,38,,,,13,,,,,,,,,,,,,,,,,,,,,,,
2026-07-15,902475,2.0,77.2,4.9,0.128,,,,,,1.0,3.35,32.0,8.5,,0.33,,,0,107.0,75.25463198635484,13.834027434362197,334,78.23784807329712,0,3,2026-07-15 14:59:10,live,L,L,,,,,,,0.0,0.11509790700604487,0.27497563407539466,38,,,,13,,,,,,,,,,,,,,,,,,,,,,,
2026-07-15,777768,5.3,81.2,8.5,0.175,,,,,,1.0,3.4,32.0,9.0,,0.315,,,0,96.0,72.0,0.0,0,50.0,1,3,2026-07-15 14:59:10,live,R,R,,,,,,,1.9146112317769686,0.15310776565061163,0.2550332550571426,38,,,,16,,,,,,,,,,,,,,,,,,,,,,,
2026-07-15,930283,2.7,78.8,6.2,0.142,,,,,,0.7,2.8,29.0,8.0,,0.325,,,0,107.0,75.25463198635484,13.834027434362197,334,78.23784807329712,0,4,2026-07-15 14:59:10,live,L,L,,,,,,,0.7271853509436044,0.15657825074747037,0.2543805560617798,38,,,,15,,,,,,,,,,,,,,,,,,,,,,,
2026-07-15,71747,3.7,79.3,7.9,0.133,,,,,,0.9,3.15,31.0,10.0,,0.318,,,0,92.0,75.07572131971325,8.627764656003817,260,52.765569734947185,0,2,2026-07-15 14:59:10,live,L,L,,,,,,,0.0,0.1020053238488718,0.28474002707656326,38,,,,20,,,,,,,,,,,,,,,,,,,,,,,
2026-07-15,419486,2.5,77.8,5.3,0.133,,,,,,1.2,3.6,34.0,8.8,,0.325,,,0,104.0,72.0,0.0,0,50.0,1,4,2026-07-15 14:59:10,live,L,L,,,,,,,0.0,0.1300822875109245,0.27553685373240766,38,,,,13,,,,,,,,,,,,,,,,,,,,,,,
2026-07-15,152795,4.0,79.2,6.5,0.15,,,,,,1.2,3.6,34.0,10.5,,0.3,,,1,95.0,56.40127736910068,12.696340246515788,37,74.73829764116098,0,2,2026-07-15 14:59:10,live,S,L,,,,,,,0.9338191020674147,0.08469271850206755,0.2439484676783064,38,,,,13,,,,,,,,,,,,,,,,,,,,,,,
2026-07-15,444753,1.8,77.5,5.3,0.13,,,,,,0.8,2.9,30.0,9.5,,0.32,,,1,108.0,52.554446762711265,18.877077133983143,74,43.65926561357495,0,2,2026-07-15 14:59:10,live,S,R,,,,,,,0.834746980010842,0.08823371335089454,0.18732789719302007,38,,,,14,,,,,,,,,,,,,,,,,,,,,,,
2026-07-15,269506,1.4,76.5,4.3,0.12,,,,,,0.8,2.9,30.0,9.5,,0.33,,,1,96.0,67.81220307283479,6.322318876473079,86,25.196422992195025,0,3,2026-07-15 14:59:10,live,L,R,,,,,,,0.032049634908749236,0.10118529689995093,0.2702663252337401,38,,,,13,,,,,,,,,,,,,,,,,,,,,,,
2026-07-15,631136,4.8,80.5,7.3,0.162,,,,,,1.1,3.5,33.0,8.5,,0.295,,,0,99.0,74.26108159795044,9.470105174647642,312,65.91106180690625,0,4,2026-07-15 14:59:10,live,R,R,,,,,,,1.5253099097122031,0.15448378640552277,0.2892063881273175,38,,,,13,,,,,,,,,,,,,,,,,,,,,,,
2026-07-15,110406,2.3,78.3,5.8,0.137,,,,,,0.7,2.7,29.0,10.5,,0.355,,,0,104.0,72.0,0.0,0,50.0,1,1,2026-07-15 14:59:10,live,L,L,,,,,,,0.21086247539837616,0.09043521463079883,0.23533648298624998,38,,,,14,,,,,,,,,,,,,,,,,,,,,,,
2026-07-15,471855,3.3,79.5,6.8,0.15,,,,,,1.0,3.4,32.0,9.0,,0.335,,,0,96.0,72.0,0.0,0,50.0,1,2,2026-07-15 14:59:10,live,R,R,,,,,,,0.05698608527390947,0.11336877333086108,0.22582334614828012,38,,,,16,,,,,,,,,,,,,,,,,,,,,,,
2026-07-15,613432,1.8,76.2,4.3,0.112,,,,,,1.3,3.7,35.0,8.0,,0.31,,,0,108.0,62.360700410357836,11.130387871619423,134,39.83728970818143,0,2,2026-07-15 14:59:10,live,R,R,,,,,,,0.0,0.0786906674150059,0.2767483593822103,38,,,,12,,,,,,,,,,,,,,,,,,,,,,,
2026-07-15,826225,1.1,76.1,4.0,0.116,,,,,,1.1,3.5,33.0,8.5,,0.308,,,1,95.0,56.40127736910068,12.696340246515788,37,74.73829764116098,0,6,2026-07-15 14:59:10,live,S,R,,,,,,,0.0,0.07979626321920703,0.24566549117320147,38,,,,13,,,,,,,,,,,,,,,,,,,,,,,
2026-07-15,333707,4.3,80.8,7.8,0.162,,,,,,0.6,2.65,28.0,8.5,,0.32,,,0,99.0,74.26108159795044,9.470105174647642,312,65.91106180690625,0,4,2026-07-15 14:59:10,live,R,R,,,,,,,1.6330188707149675,0.15606149947794187,0.2280500283021511,38,,,,17,,,,,,,,,,,,,,,,,,,,,,,
2026-07-15,210927,4.2,79.8,6.8,0.155,,,,,,0.7,2.8,29.0,8.0,,0.305,,,0,107.0,75.25463198635484,13.834027434362197,334,78.23784807329712,0,2,2026-07-15 14:59:10,live,L,L,,,,,,,0.0,0.18020704636120302,0.27406555781259295,38,,,,14,,,,,,,,,,,,,,,,,,,,,,,
2026-07-15,197358,1.6,76.8,4.5,0.122,,,,,,1.0,3.2,32.0,11.2,,0.305,,,0,96.0,72.0,0.0,0,50.0,1,3,2026-07-15 14:59:10,live,R,R,,,,,,,0.4052674775217795,0.17419065994474667,0.2707994352388865,38,,,,13,,,,,,,,,,,,,,,,,,,,,,,
2026-07-15,540422,3.9,80.2,7.4,0.157,,,,,,0.8,2.9,30.0,9.5,,0.33,,,0,96.0,67.81220307283479,6.322318876473079,86,25.196422992195025,0,1,2026-07-15 14:59:10,live,R,R,,,,,,,0.0,0.15234850911470008,0.23945863078123064,38,,,,16,,,,,,,,,,,,,,,,,,,,,,,
2026-07-15,400808,1.0,76.0,3.9,0.115,,,,,,0.8,2.9,30.0,9.5,,0.32,,,1,96.0,67.81220307283479,6.322318876473079,86,25.196422992195025,0,5,2026-07-15 14:59:10,live,L,R,,,,,,,0.0,0.07555033052604984,0.25789991166447623,38,,,,13,,,,,,,,,,,,,,,,,,,,,,,
2026-07-15,525876,2.6,78.0,5.5,0.135,,,,,,1.1,3.5,33.0,8.5,,0.315,,,0,95.0,56.40127736910068,12.696340246515788,37,74.73829764116098,0,1,2026-07-15 14:59:10,live,R,R,,,,,,,0.0,0.13552934205093117,0.21556552638644716,38,,,,13,,,,,,,,,,,,,,,,,,,,,,,
2026-07-15,71659,1.2,75.2,3.5,0.105,,,,,,1.4,4.1,36.0,7.8,,0.305,,,1,102.0,56.11489841568297,6.35054449131362,157,56.91872263401811,0,2,2026-07-15 14:59:10,live,S,L,,,,,,,1.6454652799196143,0.0798709991625899,0.29860012087152576,38,,,,9,,,,,,,,,,,,,,,,,,,,,,,
2026-07-15,245437,5.5,81.5,8.2,0.17,,,,,,1.0,3.35,32.0,8.5,,0.31,,,0,108.0,52.554446762711265,18.877077133983143,74,43.65926561357495,0,1,2026-07-15 14:59:10,live,L,L,,,,,,,0.0,0.16549317077579603,0.20376132894839796,38,,,,17,,,,,,,,,,,,,,,,,,,,,,,
2026-07-15,210967,3.8,79.5,6.5,0.148,,,,,,1.0,3.35,32.0,8.5,,0.32,,,0,108.0,52.554446762711265,18.877077133983143,74,43.65926561357495,0,2,2026-07-15 14:59:10,live,L,L,,,,,,,0.8725091062144283,0.1036881034727159,0.24515640531504562,38,,,,14,,,,,,,,,,,,,,,,,,,,,,,
2026-07-15,442479,1.8,77.0,4.7,0.125,,,,,,0.6,2.65,28.0,8.5,,0.31,,,0,99.0,74.26108159795044,9.470105174647642,312,65.91106180690625,0,1,2026-07-15 14:59:10,live,R,R,,,,,,,0.8796496735825077,0.1900915486558846,0.2488814964590722,38,,,,13,,,,,,,,,,,,,,,,,,,,,,,
2026-07-15,233379,1.5,75.5,3.7,0.105,,,,,,1.5,4.2,37.0,10.0,,0.298,,,1,96.0,65.95710494943809,11.267006070323491,219,50.018363337471136,0,3,2026-07-15 14:59:10,live,S,L,,,,,,,0.0,0.15823741183083578,0.2681072109515548,38,,,,9,,,,,,,,,,,,,,,,,,,,,,,
2026-07-15,301567,3.5,79.7,7.0,0.152,,,,,,0.8,2.9,30.0,9.5,,0.322,,,0,108.0,52.554446762711265,18.877077133983143,74,43.65926561357495,0,3,2026-07-15 14:59:10,live,R,R,,,,,,,0.8455502249589908,0.09991614464336974,0.26663449201566236,38,,,,16,,,,,,,,,,,,,,,,,,,,,,,
2026-07-15,666390,3.2,78.5,5.8,0.142,,,,,,1.0,3.2,32.0,11.2,,0.295,,,0,98.0,71.01902799692932,2.766206967960386,212,17.718633917852912,0,1,2026-07-15 14:59:10,live,R,R,,,,,,,1.1549283753054391,0.10511844602134796,0.22983725217288592,38,,,,13,,,,,,,,,,,,,,,,,,,,,,,
2026-07-15,690581,0.5,74.0,2.5,0.085,,,,,,1.3,3.75,35.0,9.5,,0.295,,,1,110.0,67.0502875344942,8.312992015154647,206,43.03113716319545,0,4,2026-07-15 14:59:10,live,L,R,,,,,,,1.211762199003569,0.08216054994671568,0.26639259878200694,38,,,,8,,,,,,,,,,,,,,,,,,,,,,,
2026-07-15,901029,1.5,77.0,4.9,0.125,,,,,,0.7,2.7,29.0,10.5,,0.315,,,0,104.0,72.0,0.0,0,50.0,1,5,2026-07-15 14:59:10,live,L,L,,,,,,,0.0,0.12729055405573975,0.2062189994139196,38,,,,13,,,,,,,,,,,,,,,,,,,,,,,
2026-07-15,386216,1.2,76.5,4.5,0.12,,,,,,1.0,3.35,32.0,8.5,,0.31,,,0,108.0,52.554446762711265,18.877077133983143,74,43.65926561357495,0,6,2026-07-15 14:59:10,live,L,L,,,,,,,0.027089745096469164,0.0958340406793374,0.27978721106518734,38,,,,13,,,,,,,,,,,,,,,,,,,,,,,
2026-07-15,313768,2.3,76.8,4.8,0.125,,,,,,1.3,3.7,35.0,8.0,,0.305,,,0,99.0,67.63792632876277,9.103182544988202,289,16.981720468341152,0,2,2026-07-15 14:59:10,live,R,R,,,,,,,1.9340895111796437,0.1288779066296355,0.2355441110398862,38,,,,10,,,,,,,,,,,,,,,,,,,,,,,
2026-07-15,141507,1.8,76.0,4.0,0.113,,,,,,0.9,3.1,31.0,11.5,,0.315,,,1,110.0,67.0502875344942,8.312992015154647,206,43.03113716319545,0,3,2026-07-15 14:59:10,live,L,R,,,,,,,0.8496910070781599,0.11271552428339132,0.2975324596013556,38,,,,9,,,,,,,,,,,,,,,,,,,,,,,
2026-07-15,948695,2.8,78.2,5.6,0.138,,,,,,1.0,3.35,32.0,8.5,,0.3,,,0,108.0,52.554446762711265,18.877077133983143,74,43.65926561357495,0,2,2026-07-15 14:59:10,live,L,L,,,,,,,0.4985652625039444,0.09789505755225703,0.19617970487884895,38,,,,13,,,,,,,,,,,,,,,,,,,,,,,
2026-07-15,435842,2.5,77.0,5.0,0.125,,,,,,0.6,2.65,28.0,8.5,,0.315,,,0,108.0,62.360700410357836,11.130387871619423,134,39.83728970818143,0,4,2026-07-15 14:59:10,live,R,R,,,,,,,0.0,0.10265421416623854,0.23448107711515329,38,,,,12,,,,,,,,,,,,,,,,,,,,,,,
2026-07-15,855659,1.6,76.0,4.1,0.11,,,,,,1.5,4.2,37.0,10.0,,0.305,,,0,96.0,65.95710494943809,11.267006070323491,219,50.018363337471136,0,3,2026-07-15 14:59:10,live,L,L,,,,,,,1.5589766425886402,0.08186197973154535,0.2267506259070171,38,,,,11,,,,,,,,,,,,,,,,,,,,,,,
2026-07-15,703497,0.7,74.3,2.8,0.09,,,,,,1.0,3.35,32.0,8.5,,0.285,,,1,102.0,56.11489841568297,6.35054449131362,157,56.91872263401811,0,4,2026-07-15 14:59:10,live,S,L,,,,,,,1.8178601173520337,0.1194958270078676,0.2341187233638024,38,,,,8,,,,,,,,,,,,,,,,,,,,,,,
2026-07-15,669944,4.6,80.2,7.3,0.16,,,,,,0.8,2.9,30.0,9.5,,0.3,,,0,108.0,52.554446762711265,18.877077133983143,74,43.65926561357495,0,4,2026-07-15 14:59:10,live,R,R,,,,,,,0.0,0.12510208685479862,0.19697057068882676,38,,,,15,,,,,,,,,,,,,,,,,,,,,,,
2026-07-15,353635,2.0,76.5,4.5,0.115,,,,,,0.7,2.75,29.0,9.8,,0.3,,,0,100.0,76.38052487131898,17.887507499446045,87,64.73231225091251,0,3,2026-07-15 14:59:10,live,R,R,,,,,,,0.0,0.10945234225888659,0.2654431209183111,38,,,,12,,,,,,,,,,,,,,,,,,,,,,,
2026-07-15,706774,2.5,77.0,5.0,0.128,,,,,,1.4,4.0,36.0,9.8,,0.31,,,0,118.0,72.68392749082814,9.461654002858786,276,63.5094072996048,0,3,2026-07-15 14:59:10,live,R,R,,,,,,,0.18222759911040703,0.08623336594726777,0.24572128098695525,38,,,,10,,,,,,,,,,,,,,,,,,,,,,,
2026-07-15,159572,1.8,76.0,4.0,0.112,,,,,,0.9,3.15,31.0,10.0,,0.3,,,1,96.0,65.95710494943809,11.267006070323491,219,50.018363337471136,0,4,2026-07-15 14:59:10,live,S,L,,,,,,,0.7984945334163136,0.11564846263745916,0.21145053458049964,38,,,,9,,,,,,,,,,,,,,,,,,,,,,,
2026-07-15,674939,3.0,77.5,5.5,0.135,,,,,,0.6,2.65,28.0,8.5,,0.29,,,0,108.0,62.360700410357836,11.130387871619423,134,39.83728970818143,0,6,2026-07-15 14:59:10,live,R,R,,,,,,,0.0,0.13772510048156586,0.21934668876346639,38,,,,12,,,,,,,,,,,,,,,,,,,,,,,
2026-07-15,339451,1.5,75.8,3.8,0.108,,,,,,1.2,3.6,34.0,8.8,,0.31,,,0,105.0,72.0,0.0,0,50.0,1,3,2026-07-15 14:59:10,live,L,L,,,,,,,0.0,0.12924733169431454,0.2341657633420542,38,,,,10,,,,,,,,,,,,,,,,,,,,,,,
2026-07-15,158589,1.6,75.8,3.8,0.108,,,,,,0.9,3.25,31.0,7.5,,0.295,,,1,99.0,67.63792632876277,9.103182544988202,289,16.981720468341152,0,1,2026-07-15 14:59:10,live,L,R,,,,,,,0.768665980583224,0.06405102494048356,0.2427184197232293,38,,,,8,,,,,,,,,,,,,,,,,,,,,,,
2026-07-15,742630,4.0,78.5,6.5,0.155,,,,,,1.3,3.75,35.0,9.5,,0.275,,,0,101.0,67.69546176902624,4.418673846751641,174,41.2836596410593,0,4,2026-07-15 14:59:10,live,R,R,,,,,,,0.8185178716334482,0.13075976529959754,0.24228222783452075,38,,,,11,,,,,,,,,,,,,,,,,,,,,,,
2026-07-15,885161,0.8,74.8,3.2,0.098,,,,,,0.8,2.85,30.0,10.2,,0.315,,,1,100.0,76.38052487131898,17.887507499446045,87,64.73231225091251,0,3,2026-07-15 14:59:10,live,L,R,,,,,,,0.00458779555161315,0.05734937532410456,0.26030009213756233,38,,,,10,,,,,,,,,,,,,,,,,,,,,,,
2026-07-15,451479,1.4,75.5,3.6,0.105,,,,,,0.7,2.8,29.0,8.0,,0.31,,,1,88.0,65.97404354790321,8.280880047251923,328,56.33175664807704,0,1,2026-07-15 14:59:10,live,R,L,,,,,,,0.03961266171484751,0.14757022753638077,0.2586238711558967,38,,,,8,,,,,,,,,,,,,,,,,,,,,,,
2026-07-15,564917,2.2,76.8,4.8,0.12,,,,,,0.7,2.8,29.0,8.0,,0.31,,,1,88.0,65.97404354790321,8.280880047251923,328,56.33175664807704,0,4,2026-07-15 14:59:10,live,R,L,,,,,,,0.663686158064509,0.12251615596643123,0.22641591741222117,38,,,,11,,,,,,,,,,,,,,,,,,,,,,,
2026-07-15,600132,2.8,77.2,5.3,0.132,,,,,,0.6,2.65,28.0,8.5,,0.295,,,0,108.0,62.360700410357836,11.130387871619423,134,39.83728970818143,0,2,2026-07-15 14:59:10,live,R,R,,,,,,,0.39661767808396386,0.2353720058068844,0.20136706573837565,38,,,,10,,,,,,,,,,,,,,,,,,,,,,,
2026-07-15,885985,0.5,73.8,2.6,0.088,,,,,,1.5,4.3,37.0,6.5,,0.295,,,0,88.0,65.97404354790321,8.280880047251923,328,56.33175664807704,0,6,2026-07-15 14:59:10,live,R,R,,,,,,,0.30324999652554474,0.08519711745743948,0.2612823807731973,38,,,,9,,,,,,,,,,,,,,,,,,,,,,,
2026-07-15,108105,0.8,74.5,3.0,0.095,,,,,,1.3,3.7,35.0,8.0,,0.305,,,0,99.0,67.63792632876277,9.103182544988202,289,16.981720468341152,0,2,2026-07-15 14:59:10,live,R,R,,,,,,,0.08457436611141173,0.0922084236521935,0.27051424593957396,38,,,,8,,,,,,,,,,,,,,,,,,,,,,,
2026-07-15,637223,0.9,75.0,3.3,0.1,,,,,,0.8,2.85,30.0,10.2,,0.305,,,0,100.0,76.38052487131898,17.887507499446045,87,64.73231225091251,0,1,2026-07-15 14:59:10,live,R,R,,,,,,,1.1054993130612276,0.119389220924142,0.21814290467488817,38,,,,10,,,,,,,,,,,,,,,,,,,,,,,
2026-07-15,785058,2.0,76.3,4.3,0.118,,,,,,0.8,2.85,30.0,10.2,,0.295,,,1,100.0,76.38052487131898,17.887507499446045,87,64.73231225091251,0,1,2026-07-15 14:59:10,live,L,R,,,,,,,0.353943314778976,0.11328990771371597,0.2307106942942882,38,,,,8,,,,,,,,,,,,,,,,,,,,,,,
2026-07-15,995623,1.3,75.5,3.6,0.105,,,,,,0.9,3.1,31.0,11.5,,0.295,,,0,110.0,67.0502875344942,8.312992015154647,206,43.03113716319545,0,2,2026-07-15 14:59:10,live,R,R,,,,,,,0.923622201466246,0.08659789573891583,0.23219878070211267,38,,,,10,,,,,,,,,,,,,,,,,,,,,,,
2026-07-15,507868,2.5,77.0,5.0,0.125,,,,,,0.9,3.1,31.0,11.5,,0.3,,,0,110.0,67.0502875344942,8.312992015154647,206,43.03113716319545,0,5,2026-07-15 14:59:10,live,R,R,,,,,,,0.5437660211775736,0.09315435540174125,0.23298527324312973,38,,,,9,,,,,,,,,,,,,,,,,,,,,,,
2026-07-15,164508,2.3,76.8,4.8,0.122,,,,,,1.0,3.4,32.0,9.0,,0.295,,,0,101.0,67.69546176902624,4.418673846751641,174,41.2836596410593,0,1,2026-07-15 14:59:10,live,R,R,,,,,,,0.7923677001128406,0.1311458905299518,0.22515991439690186,38,,,,8,,,,,,,,,,,,,,,,,,,,,,,
2026-07-15,224266,1.1,75.0,3.3,0.098,,,,,,1.0,3.4,32.0,9.0,,0.3,,,0,101.0,67.69546176902624,4.418673846751641,174,41.2836596410593,0,4,2026-07-15 14:59:10,live,R,R,,,,,,,1.1094494028086805,0.0970254898904415,0.2608243543582418,38,,,,8,,,,,,,,,,,,,,,,,,,,,,,
2026-07-15,89190,3.0,77.5,5.5,0.135,,,,,,0.9,3.25,31.0,7.5,,0.275,,,0,99.0,67.63792632876277,9.103182544988202,289,16.981720468341152,0,1,2026-07-15 14:59:10,live,R,R,,,,,,,0.36099618944317585,0.18618148848561403,0.24938994357122363,38,,,,8,,,,,,,,,,,,,,,,,,,,,,,
2026-07-15,534059,0.7,74.5,3.0,0.095,,,,,,0.7,2.75,29.0,9.8,,0.3,,,1,100.0,76.38052487131898,17.887507499446045,87,64.73231225091251,0,4,2026-07-15 14:59:10,live,L,R,,,,,,,0.0,0.11165226541547647,0.2190314971726701,38,,,,10,,,,,,,,,,,,,,,,,,,,,,,
2026-07-15,981338,0.6,74.0,2.8,0.09,,,,,,0.9,3.1,31.0,11.5,,0.3,,,0,110.0,67.0502875344942,8.312992015154647,206,43.03113716319545,0,4,2026-07-15 14:59:10,live,R,R,,,,,,,0.0070593880779448726,0.05823611120681683,0.22950996071855118,38,,,,8,,,,,,,,,,,,,,,,,,,,,,,
2026-07-15,923317,0.6,74.0,2.8,0.09,,,,,,0.9,3.25,31.0,7.5,,0.32,,,0,99.0,67.63792632876277,9.103182544988202,289,16.981720468341152,0,5,2026-07-15 14:59:10,live,R,R,,,,,,,0.0,0.0776814687212458,0.26008405838112103,38,,,,9,,,,,,,,,,,,,,,,,,,,,,,
2026-07-15,200713,0.9,74.8,3.1,0.095,,,,,,1.0,3.4,32.0,9.0,,0.29,,,0,101.0,67.69546176902624,4.418673846751641,174,41.2836596410593,0,4,2026-07-15 14:59:10,live,R,R,,,,,,,1.291082406235122,0.09912712261530628,0.2607812397027271,38,,,,8,,,,,,,,,,,,,,,,,,,,,,,
2026-07-15,450261,3.2,77.8,5.8,0.138,,,,,,0.9,3.15,31.0,10.0,,0.295,,,0,96.0,65.95710494943809,11.267006070323491,219,50.018363337471136,0,3,2026-07-15 14:59:10,live,L,L,,,,,,,0.0,0.18655679931090496,0.21737098046017572,38,,,,11,,,,,,,,,,,,,,,,,,,,,,,
2026-07-15,564445,1.1,75.3,3.5,0.103,,,,,,1.3,3.7,35.0,8.0,,0.29,,,0,99.0,67.63792632876277,9.103182544988202,289,16.981720468341152,0,6,2026-07-15 14:59:10,live,R,R,,,,,,,0.0,0.07695640639384932,0.20721249416961735,38,,,,10,,,,,,,,,,,,,,,,,,,,,,,
2026-07-15,980822,2.0,76.5,4.5,0.12,,,,,,1.0,3.3,32.0,9.0,,0.295,,,0,97.0,71.06708858142191,5.188810652331609,90,65.26513017238851,0,2,2026-07-15 14:59:10,live,R,R,,,,,,,0.0,0.12296187472041038,0.3011029738411132,38,,,,10,,,,,,,,,,,,,,,,,,,,,,,
2026-07-15,974621,1.2,75.5,3.7,0.105,,,,,,0.9,3.25,31.0,7.5,,0.295,,,0,99.0,67.63792632876277,9.103182544988202,289,16.981720468341152,0,4,2026-07-15 14:59:10,live,R,R,,,,,,,0.9792814928399023,0.09752752302516438,0.24276677251544224,38,,,,11,,,,,,,,,,,,,,,,,,,,,,,
2026-07-15,879390,0.6,74.2,2.7,0.088,,,,,,1.0,3.3,32.0,9.0,,0.29,,,0,97.0,71.06708858142191,5.188810652331609,90,65.26513017238851,0,4,2026-07-15 14:59:10,live,R,R,,,,,,,0.41322177290415435,0.0949016602799498,0.25726382506306383,38,,,,8,,,,,,,,,,,,,,,,,,,,,,,
2026-07-15,630673,1.0,75.0,3.3,0.1,,,,,,0.9,3.15,31.0,10.0,,0.31,,,0,96.0,65.95710494943809,11.267006070323491,219,50.018363337471136,0,1,2026-07-15 14:59:10,live,L,L,,,,,,,0.0,0.10066029985863262,0.25385017206774074,38,,,,10,,,,,,,,,,,,,,,,,,,,,,,
2026-07-15,921276,1.0,75.0,3.2,0.098,,,,,,0.9,3.25,31.0,7.5,,0.295,,,0,99.0,67.63792632876277,9.103182544988202,289,16.981720468341152,0,4,2026-07-15 14:59:10,live,R,R,,,,,,,0.13114123467545183,0.12272041005972012,0.26350495002579594,38,,,,9,,,,,,,,,,,,,,,,,,,,,,,
2026-07-15,389127,2.0,76.3,4.3,0.118,,,,,,0.7,2.75,29.0,9.8,,0.305,,,0,100.0,76.38052487131898,17.887507499446045,87,64.73231225091251,0,1,2026-07-15 14:59:10,live,R,R,,,,,,,0.0,0.05,0.2978274516516125,38,,,,10,,,,,,,,,,,,,,,,,,,,,,,
2026-07-15,614485,1.4,75.8,3.9,0.108,,,,,,0.7,2.75,29.0,9.8,,0.3,,,0,100.0,76.38052487131898,17.887507499446045,87,64.73231225091251,0,4,2026-07-15 14:59:10,live,R,R,,,,,,,0.1051393459019177,0.09335155249422333,0.2544009903406704,38,,,,11,,,,,,,,,,,,,,,,,,,,,,,
2026-07-15,696223,1.5,75.5,3.7,0.108,,,,,,0.7,2.8,29.0,8.0,,0.298,,,0,88.0,65.97404354790321,8.280880047251923,328,56.33175664807704,0,5,2026-07-15 14:59:10,live,L,L,,,,,,,1.8474853556968918,0.06763679674720845,0.23648047886373214,38,,,,9,,,,,,,,,,,,,,,,,,,,,,,
2026-07-15,554131,0.3,73.2,2.2,0.082,,,,,,0.8,2.85,30.0,10.2,,0.28,,,0,100.0,76.38052487131898,17.887507499446045,87,64.73231225091251,0,5,2026-07-15 14:59:10,live,R,R,,,,,,,0.0,0.05190016221528965,0.2661768167588764,38,,,,8,,,,,,,,,,,,,,,,,,,,,,,
2026-07-15,439127,0.4,73.5,2.4,0.085,,,,,,0.7,2.75,29.0,9.8,,0.288,,,0,100.0,76.38052487131898,17.887507499446045,87,64.73231225091251,0,2,2026-07-15 14:59:10,live,R,R,,,,,,,0.2612857684523823,0.08731640419242265,0.25908188243776487,38,,,,9,,,,,,,,,,,,,,,,,,,,,,,
2026-07-15,415277,0.4,73.5,2.3,0.082,,,,,,0.6,2.65,28.0,8.5,,0.288,,,0,108.0,62.360700410357836,11.130387871619423,134,39.83728970818143,0,1,2026-07-15 14:59:10,live,R,R,,,,,,,0.0,0.09772919956352769,0.2707523044733001,38,,,,8,,,,,,,,,,,,,,,,,,,,,,,
2026-07-15,40461,2.2,76.5,4.5,0.12,,,,,,0.6,2.65,28.0,8.5,,0.29,,,0,108.0,62.360700410357836,11.130387871619423,134,39.83728970818143,0,5,2026-07-15 14:59:10,live,R,R,,,,,,,0.0,0.08363604379882195,0.2348941323791333,38,,,,9,,,,,,,,,,,,,,,,,,,,,,,
